2026-09-20 09:29:04,743 DEBUG   ags: loggning initierad -> /home/user/audiobook-goodreads-sync/logs/ags.log
2026-09-20 09:29:12,646 DEBUG   ags: loggning initierad -> /home/user/audiobook-goodreads-sync/logs/ags.log
2026-09-20 09:29:12,646 DEBUG   ags.cli: CLI start, argv=['match', "Harry Potter and the Philosopher's Stone", '-a', 'J.K. Rowling']
2026-09-20 09:29:12,648 WARNING ags.ags.deps: beroenden saknas: tesseract (OCR-skärmbildsläget (fliken 'Skärmbild / text'))
2026-09-20 09:29:12,654 INFO    ags.ags.cleanup: cacherensning i /home/user/audiobook-goodreads-sync: 2 objekt bort (ags/__pycache__, tests/__pycache__)
2026-09-20 09:29:12,683 DEBUG   ags: loggning initierad -> /home/user/audiobook-goodreads-sync/logs/ags.log
2026-09-20 09:29:12,692 INFO    ags.engine.match: inga träffar för 'Isprinsessan Camilla Läckberg' från goodreads/bridge — provar reservkällor
2026-09-20 09:29:12,692 INFO    ags.engine.match: reservkälla gav 1 träffar för 'Isprinsessan Camilla Läckberg' (källa=openlibrary)
2026-09-20 09:29:12,723 INFO    ags.organize: copy /tmp/pytest-of-user/pytest-15/test_organize_abs_structure_an0/import/CD1/spår 1.mp3 -> /tmp/pytest-of-user/pytest-15/test_organize_abs_structure_an0/abs/Camilla Läckberg/Patrik Hedström/01 - Isprinsessan/01 - Isprinsessan.mp3
2026-09-20 09:29:12,724 INFO    ags.organize: taggar skrivna: ['album', 'artist', 'series', 'series_number', 'title', 'track', 'year']
2026-09-20 09:29:12,724 INFO    ags.organize: copy /tmp/pytest-of-user/pytest-15/test_organize_abs_structure_an0/import/CD1/spår 2.mp3 -> /tmp/pytest-of-user/pytest-15/test_organize_abs_structure_an0/abs/Camilla Läckberg/Patrik Hedström/01 - Isprinsessan/02 - Isprinsessan.mp3
2026-09-20 09:29:12,725 INFO    ags.organize: taggar skrivna: ['album', 'artist', 'series', 'series_number', 'title', 'track', 'year']
2026-09-20 09:29:12,725 INFO    ags.organize: copy /tmp/pytest-of-user/pytest-15/test_organize_abs_structure_an0/import/CD2/spår 1.mp3 -> /tmp/pytest-of-user/pytest-15/test_organize_abs_structure_an0/abs/Camilla Läckberg/Patrik Hedström/01 - Isprinsessan/03 - Isprinsessan.mp3
2026-09-20 09:29:12,725 INFO    ags.organize: taggar skrivna: ['album', 'artist', 'series', 'series_number', 'title', 'track', 'year']
2026-09-20 09:29:12,725 INFO    ags.organize: copy /tmp/pytest-of-user/pytest-15/test_organize_abs_structure_an0/import/CD2/spår 2.mp3 -> /tmp/pytest-of-user/pytest-15/test_organize_abs_structure_an0/abs/Camilla Läckberg/Patrik Hedström/01 - Isprinsessan/04 - Isprinsessan.mp3
2026-09-20 09:29:12,726 INFO    ags.organize: taggar skrivna: ['album', 'artist', 'series', 'series_number', 'title', 'track', 'year']
2026-09-20 09:29:12,729 INFO    ags.organize: skrev faktablad /tmp/pytest-of-user/pytest-15/test_organize_abs_structure_an0/abs/Camilla Läckberg/Patrik Hedström/01 - Isprinsessan/Isprinsessan.md
2026-09-20 09:29:12,731 INFO    ags.organize: move /tmp/pytest-of-user/pytest-15/test_organize_move_removes_sou0/a.mp3 -> /tmp/pytest-of-user/pytest-15/test_organize_move_removes_sou0/out/A/T/T.mp3
2026-09-20 09:29:12,732 INFO    ags.organize: taggar skrivna: ['artist', 'title']
2026-09-20 09:29:12,732 INFO    ags.organize: skrev faktablad /tmp/pytest-of-user/pytest-15/test_organize_move_removes_sou0/out/A/T/T.md
2026-09-20 09:29:14,235 DEBUG   ags: loggning initierad -> /home/user/audiobook-goodreads-sync/logs/ags.log
2026-09-20 09:29:14,235 DEBUG   ags.cli: CLI start, argv=['cleanup']
2026-09-20 09:29:14,239 WARNING ags.ags.deps: beroenden saknas: tesseract (OCR-skärmbildsläget (fliken 'Skärmbild / text'))
2026-09-20 09:29:14,242 INFO    ags.ags.cleanup: cacherensning i /home/user/audiobook-goodreads-sync: 2 objekt bort (.pytest_cache, ags/__pycache__)
2026-09-20 09:29:14,242 INFO    ags.ags.cleanup: cacherensning i /home/user/audiobook-goodreads-sync: 0 objekt bort (inget att rensa)
2026-09-20 09:29:22,302 DEBUG   ags: loggning initierad -> /home/user/audiobook-goodreads-sync/logs/ags.log
2026-09-20 09:29:22,302 DEBUG   ags.cli: CLI start, argv=['match', "Harry Potter and the Philosopher's Stone", '-a', 'J.K. Rowling']
2026-09-20 09:29:22,304 WARNING ags.ags.deps: beroenden saknas: tesseract (OCR-skärmbildsläget (fliken 'Skärmbild / text'))
2026-09-20 09:29:22,310 INFO    ags.ags.cleanup: cacherensning i /home/user/audiobook-goodreads-sync: 2 objekt bort (ags/__pycache__, tests/__pycache__)
2026-09-20 09:29:22,338 DEBUG   ags: loggning initierad -> /home/user/audiobook-goodreads-sync/logs/ags.log
2026-09-20 09:29:22,346 INFO    ags.engine.match: inga träffar för 'Isprinsessan Camilla Läckberg' från goodreads/bridge — provar reservkällor
2026-09-20 09:29:22,346 INFO    ags.engine.match: reservkälla gav 1 träffar för 'Isprinsessan Camilla Läckberg' (källa=openlibrary)
2026-09-20 09:29:22,376 INFO    ags.organize: copy /tmp/pytest-of-user/pytest-16/test_organize_abs_structure_an0/import/CD1/spår 1.mp3 -> /tmp/pytest-of-user/pytest-16/test_organize_abs_structure_an0/abs/Camilla Läckberg/Patrik Hedström/01 - Isprinsessan/01 - Isprinsessan.mp3
2026-09-20 09:29:22,378 INFO    ags.organize: taggar skrivna: ['album', 'artist', 'series', 'series_number', 'title', 'track', 'year']
2026-09-20 09:29:22,378 INFO    ags.organize: copy /tmp/pytest-of-user/pytest-16/test_organize_abs_structure_an0/import/CD1/spår 2.mp3 -> /tmp/pytest-of-user/pytest-16/test_organize_abs_structure_an0/abs/Camilla Läckberg/Patrik Hedström/01 - Isprinsessan/02 - Isprinsessan.mp3
2026-09-20 09:29:22,378 INFO    ags.organize: taggar skrivna: ['album', 'artist', 'series', 'series_number', 'title', 'track', 'year']
2026-09-20 09:29:22,378 INFO    ags.organize: copy /tmp/pytest-of-user/pytest-16/test_organize_abs_structure_an0/import/CD2/spår 1.mp3 -> /tmp/pytest-of-user/pytest-16/test_organize_abs_structure_an0/abs/Camilla Läckberg/Patrik Hedström/01 - Isprinsessan/03 - Isprinsessan.mp3
2026-09-20 09:29:22,379 INFO    ags.organize: taggar skrivna: ['album', 'artist', 'series', 'series_number', 'title', 'track', 'year']
2026-09-20 09:29:22,379 INFO    ags.organize: copy /tmp/pytest-of-user/pytest-16/test_organize_abs_structure_an0/import/CD2/spår 2.mp3 -> /tmp/pytest-of-user/pytest-16/test_organize_abs_structure_an0/abs/Camilla Läckberg/Patrik Hedström/01 - Isprinsessan/04 - Isprinsessan.mp3
2026-09-20 09:29:22,380 INFO    ags.organize: taggar skrivna: ['album', 'artist', 'series', 'series_number', 'title', 'track', 'year']
2026-09-20 09:29:22,382 INFO    ags.organize: skrev faktablad /tmp/pytest-of-user/pytest-16/test_organize_abs_structure_an0/abs/Camilla Läckberg/Patrik Hedström/01 - Isprinsessan/Isprinsessan.md
2026-09-20 09:29:22,384 INFO    ags.organize: move /tmp/pytest-of-user/pytest-16/test_organize_move_removes_sou0/a.mp3 -> /tmp/pytest-of-user/pytest-16/test_organize_move_removes_sou0/out/A/T/T.mp3
2026-09-20 09:29:22,385 INFO    ags.organize: taggar skrivna: ['artist', 'title']
2026-09-20 09:29:22,385 INFO    ags.organize: skrev faktablad /tmp/pytest-of-user/pytest-16/test_organize_move_removes_sou0/out/A/T/T.md
2026-09-20 09:29:33,605 DEBUG   ags: loggning initierad -> /home/user/audiobook-goodreads-sync/logs/ags.log
2026-09-20 09:29:48,335 DEBUG   ags: loggning initierad -> /home/user/audiobook-goodreads-sync/logs/ags.log
2026-09-20 09:29:48,335 DEBUG   ags.cli: CLI start, argv=['match', "Harry Potter and the Philosopher's Stone", '-a', 'J.K. Rowling']
2026-09-20 09:29:48,338 WARNING ags.ags.deps: beroenden saknas: tesseract (OCR-skärmbildsläget (fliken 'Skärmbild / text'))
2026-09-20 09:29:48,343 INFO    ags.ags.cleanup: cacherensning i /home/user/audiobook-goodreads-sync: 3 objekt bort (.pytest_cache, ags/__pycache__, tests/__pycache__)
2026-09-20 09:29:48,373 DEBUG   ags: loggning initierad -> /home/user/audiobook-goodreads-sync/logs/ags.log
2026-09-20 09:29:48,381 INFO    ags.engine.match: inga träffar för 'Isprinsessan Camilla Läckberg' från goodreads/bridge — provar reservkällor
2026-09-20 09:29:48,381 INFO    ags.engine.match: reservkälla gav 1 träffar för 'Isprinsessan Camilla Läckberg' (källa=openlibrary)
2026-09-20 09:29:48,412 INFO    ags.organize: copy /tmp/pytest-of-user/pytest-18/test_organize_abs_structure_an0/import/CD1/spår 1.mp3 -> /tmp/pytest-of-user/pytest-18/test_organize_abs_structure_an0/abs/Camilla Läckberg/Patrik Hedström/01 - Isprinsessan/01 - Isprinsessan.mp3
2026-09-20 09:29:48,414 INFO    ags.organize: taggar skrivna: ['album', 'artist', 'series', 'series_number', 'title', 'track', 'year']
2026-09-20 09:29:48,414 INFO    ags.organize: copy /tmp/pytest-of-user/pytest-18/test_organize_abs_structure_an0/import/CD1/spår 2.mp3 -> /tmp/pytest-of-user/pytest-18/test_organize_abs_structure_an0/abs/Camilla Läckberg/Patrik Hedström/01 - Isprinsessan/02 - Isprinsessan.mp3
2026-09-20 09:29:48,414 INFO    ags.organize: taggar skrivna: ['album', 'artist', 'series', 'series_number', 'title', 'track', 'year']
2026-09-20 09:29:48,414 INFO    ags.organize: copy /tmp/pytest-of-user/pytest-18/test_organize_abs_structure_an0/import/CD2/spår 1.mp3 -> /tmp/pytest-of-user/pytest-18/test_organize_abs_structure_an0/abs/Camilla Läckberg/Patrik Hedström/01 - Isprinsessan/03 - Isprinsessan.mp3
2026-09-20 09:29:48,415 INFO    ags.organize: taggar skrivna: ['album', 'artist', 'series', 'series_number', 'title', 'track', 'year']
2026-09-20 09:29:48,415 INFO    ags.organize: copy /tmp/pytest-of-user/pytest-18/test_organize_abs_structure_an0/import/CD2/spår 2.mp3 -> /tmp/pytest-of-user/pytest-18/test_organize_abs_structure_an0/abs/Camilla Läckberg/Patrik Hedström/01 - Isprinsessan/04 - Isprinsessan.mp3
2026-09-20 09:29:48,416 INFO    ags.organize: taggar skrivna: ['album', 'artist', 'series', 'series_number', 'title', 'track', 'year']
2026-09-20 09:29:48,418 INFO    ags.organize: skrev faktablad /tmp/pytest-of-user/pytest-18/test_organize_abs_structure_an0/abs/Camilla Läckberg/Patrik Hedström/01 - Isprinsessan/Isprinsessan.md
2026-09-20 09:29:48,420 INFO    ags.organize: move /tmp/pytest-of-user/pytest-18/test_organize_move_removes_sou0/a.mp3 -> /tmp/pytest-of-user/pytest-18/test_organize_move_removes_sou0/out/A/T/T.mp3
2026-09-20 09:29:48,420 INFO    ags.organize: taggar skrivna: ['artist', 'title']
2026-09-20 09:29:48,421 INFO    ags.organize: skrev faktablad /tmp/pytest-of-user/pytest-18/test_organize_move_removes_sou0/out/A/T/T.md
2026-09-20 09:30:26,789 DEBUG   ags: loggning initierad -> /home/user/audiobook-goodreads-sync/logs/ags.log
2026-09-20 09:30:26,790 DEBUG   ags.cli: CLI start, argv=['match', "Harry Potter and the Philosopher's Stone", '-a', 'J.K. Rowling']
2026-09-20 09:30:26,792 WARNING ags.ags.deps: beroenden saknas: tesseract (OCR-skärmbildsläget (fliken 'Skärmbild / text'))
2026-09-20 09:30:26,798 INFO    ags.ags.cleanup: cacherensning i /home/user/audiobook-goodreads-sync: 3 objekt bort (.pytest_cache, ags/__pycache__, tests/__pycache__)
2026-09-20 09:30:26,827 DEBUG   ags: loggning initierad -> /home/user/audiobook-goodreads-sync/logs/ags.log
2026-09-20 09:30:26,884 DEBUG   ags.gui: laddar inställningar
2026-09-20 09:30:26,885 DEBUG   ags.gui: historikfliken uppdateras
2026-09-20 09:30:26,915 INFO    ags.engine.match: inga träffar för 'Isprinsessan Camilla Läckberg' från goodreads/bridge — provar reservkällor
2026-09-20 09:30:26,915 INFO    ags.engine.match: reservkälla gav 1 träffar för 'Isprinsessan Camilla Läckberg' (källa=openlibrary)
2026-09-20 09:30:26,945 INFO    ags.organize: copy /tmp/pytest-of-user/pytest-19/test_organize_abs_structure_an0/import/CD1/spår 1.mp3 -> /tmp/pytest-of-user/pytest-19/test_organize_abs_structure_an0/abs/Camilla Läckberg/Patrik Hedström/01 - Isprinsessan/01 - Isprinsessan.mp3
2026-09-20 09:30:26,946 INFO    ags.organize: taggar skrivna: ['album', 'artist', 'series', 'series_number', 'title', 'track', 'year']
2026-09-20 09:30:26,946 INFO    ags.organize: copy /tmp/pytest-of-user/pytest-19/test_organize_abs_structure_an0/import/CD1/spår 2.mp3 -> /tmp/pytest-of-user/pytest-19/test_organize_abs_structure_an0/abs/Camilla Läckberg/Patrik Hedström/01 - Isprinsessan/02 - Isprinsessan.mp3
2026-09-20 09:30:26,947 INFO    ags.organize: taggar skrivna: ['album', 'artist', 'series', 'series_number', 'title', 'track', 'year']
2026-09-20 09:30:26,947 INFO    ags.organize: copy /tmp/pytest-of-user/pytest-19/test_organize_abs_structure_an0/import/CD2/spår 1.mp3 -> /tmp/pytest-of-user/pytest-19/test_organize_abs_structure_an0/abs/Camilla Läckberg/Patrik Hedström/01 - Isprinsessan/03 - Isprinsessan.mp3
2026-09-20 09:30:26,948 INFO    ags.organize: taggar skrivna: ['album', 'artist', 'series', 'series_number', 'title', 'track', 'year']
2026-09-20 09:30:26,948 INFO    ags.organize: copy /tmp/pytest-of-user/pytest-19/test_organize_abs_structure_an0/import/CD2/spår 2.mp3 -> /tmp/pytest-of-user/pytest-19/test_organize_abs_structure_an0/abs/Camilla Läckberg/Patrik Hedström/01 - Isprinsessan/04 - Isprinsessan.mp3
2026-09-20 09:30:26,948 INFO    ags.organize: taggar skrivna: ['album', 'artist', 'series', 'series_number', 'title', 'track', 'year']
2026-09-20 09:30:26,950 INFO    ags.organize: skrev faktablad /tmp/pytest-of-user/pytest-19/test_organize_abs_structure_an0/abs/Camilla Läckberg/Patrik Hedström/01 - Isprinsessan/Isprinsessan.md
2026-09-20 09:30:26,953 INFO    ags.organize: move /tmp/pytest-of-user/pytest-19/test_organize_move_removes_sou0/a.mp3 -> /tmp/pytest-of-user/pytest-19/test_organize_move_removes_sou0/out/A/T/T.mp3
2026-09-20 09:30:26,953 INFO    ags.organize: taggar skrivna: ['artist', 'title']
2026-09-20 09:30:26,953 INFO    ags.organize: skrev faktablad /tmp/pytest-of-user/pytest-19/test_organize_move_removes_sou0/out/A/T/T.md
2026-09-20 09:30:28,041 DEBUG   ags: loggning initierad -> /home/user/audiobook-goodreads-sync/logs/ags.log
2026-09-20 09:30:28,884 INFO    ags.engine: match "Harry Potter and the Philosopher's Stone" -> "Harry Potter and the Philosopher's Stone — J.K. Rowling [Harry Potter #1]" (1.00, matchad)
2026-09-20 09:30:28,884 INFO    ags.engine: matchning "Harry Potter and the Philosopher's Stone" -> matchad (källa=goodreads, poäng=1.00) sökfråga rensad till 'Harry Potter and the Philosopher's Stone J.K. Rowling'
2026-09-20 09:30:29,298 DEBUG   ags: loggning initierad -> /home/user/audiobook-goodreads-sync/logs/ags.log
2026-09-20 09:30:29,298 DEBUG   ags.cli: CLI start, argv=['cleanup']
2026-09-20 09:30:29,304 WARNING ags.ags.deps: beroenden saknas: tesseract (OCR-skärmbildsläget (fliken 'Skärmbild / text'))
2026-09-20 09:30:29,308 INFO    ags.ags.cleanup: cacherensning i /home/user/audiobook-goodreads-sync: 2 objekt bort (.pytest_cache, ags/__pycache__)
2026-09-20 09:30:29,309 INFO    ags.ags.cleanup: cacherensning i /home/user/audiobook-goodreads-sync: 0 objekt bort (inget att rensa)
2026-09-20 09:36:07,653 DEBUG   ags: loggning initierad -> /home/user/audiobook-goodreads-sync/logs/ags.log
2026-09-20 09:36:07,653 DEBUG   ags.cli: CLI start, argv=['match', "Harry Potter and the Philosopher's Stone", '-a', 'J.K. Rowling']
2026-09-20 09:36:07,655 WARNING ags.ags.deps: beroenden saknas: tesseract (OCR-skärmbildsläget (fliken 'Skärmbild / text'))
2026-09-20 09:36:07,661 INFO    ags.ags.cleanup: cacherensning i /home/user/audiobook-goodreads-sync: 2 objekt bort (ags/__pycache__, tests/__pycache__)
2026-09-20 09:36:07,690 DEBUG   ags: loggning initierad -> /home/user/audiobook-goodreads-sync/logs/ags.log
2026-09-20 09:36:07,698 INFO    ags.engine.match: inga träffar för 'Isprinsessan Camilla Läckberg' från goodreads/bridge — provar reservkällor
2026-09-20 09:36:07,698 INFO    ags.engine.match: reservkälla gav 1 träffar för 'Isprinsessan Camilla Läckberg' (källa=openlibrary)
2026-09-20 09:36:07,729 INFO    ags.organize: copy /tmp/pytest-of-user/pytest-20/test_organize_abs_structure_an0/import/CD1/spår 1.mp3 -> /tmp/pytest-of-user/pytest-20/test_organize_abs_structure_an0/abs/Camilla Läckberg/Patrik Hedström/01 - Isprinsessan/01 - Isprinsessan.mp3
2026-09-20 09:36:07,731 INFO    ags.organize: taggar skrivna: ['album', 'artist', 'series', 'series_number', 'title', 'track', 'year']
2026-09-20 09:36:07,731 INFO    ags.organize: copy /tmp/pytest-of-user/pytest-20/test_organize_abs_structure_an0/import/CD1/spår 2.mp3 -> /tmp/pytest-of-user/pytest-20/test_organize_abs_structure_an0/abs/Camilla Läckberg/Patrik Hedström/01 - Isprinsessan/02 - Isprinsessan.mp3
2026-09-20 09:36:07,731 INFO    ags.organize: taggar skrivna: ['album', 'artist', 'series', 'series_number', 'title', 'track', 'year']
2026-09-20 09:36:07,731 INFO    ags.organize: copy /tmp/pytest-of-user/pytest-20/test_organize_abs_structure_an0/import/CD2/spår 1.mp3 -> /tmp/pytest-of-user/pytest-20/test_organize_abs_structure_an0/abs/Camilla Läckberg/Patrik Hedström/01 - Isprinsessan/03 - Isprinsessan.mp3
2026-09-20 09:36:07,732 INFO    ags.organize: taggar skrivna: ['album', 'artist', 'series', 'series_number', 'title', 'track', 'year']
2026-09-20 09:36:07,732 INFO    ags.organize: copy /tmp/pytest-of-user/pytest-20/test_organize_abs_structure_an0/import/CD2/spår 2.mp3 -> /tmp/pytest-of-user/pytest-20/test_organize_abs_structure_an0/abs/Camilla Läckberg/Patrik Hedström/01 - Isprinsessan/04 - Isprinsessan.mp3
2026-09-20 09:36:07,732 INFO    ags.organize: taggar skrivna: ['album', 'artist', 'series', 'series_number', 'title', 'track', 'year']
2026-09-20 09:36:07,735 INFO    ags.organize: skrev faktablad /tmp/pytest-of-user/pytest-20/test_organize_abs_structure_an0/abs/Camilla Läckberg/Patrik Hedström/01 - Isprinsessan/Isprinsessan.md
2026-09-20 09:36:07,737 INFO    ags.organize: move /tmp/pytest-of-user/pytest-20/test_organize_move_removes_sou0/a.mp3 -> /tmp/pytest-of-user/pytest-20/test_organize_move_removes_sou0/out/A/T/T.mp3
2026-09-20 09:36:07,737 INFO    ags.organize: taggar skrivna: ['artist', 'title']
2026-09-20 09:36:07,737 INFO    ags.organize: skrev faktablad /tmp/pytest-of-user/pytest-20/test_organize_move_removes_sou0/out/A/T/T.md
2026-09-20 09:36:08,201 DEBUG   ags: loggning initierad -> /home/user/audiobook-goodreads-sync/logs/ags.log
2026-09-20 09:36:08,803 INFO    ags.engine: match "Harry Potter and the Philosopher's Stone" -> "Harry Potter and the Philosopher's Stone — J.K. Rowling [Harry Potter #1]" (1.00, matchad)
2026-09-20 09:36:08,803 INFO    ags.engine: matchning "Harry Potter and the Philosopher's Stone" -> matchad (källa=goodreads, poäng=1.00) sökfråga rensad till 'Harry Potter and the Philosopher's Stone J.K. Rowling'
2026-09-20 09:36:26,844 DEBUG   ags: loggning initierad -> /home/user/audiobook-goodreads-sync/logs/ags.log
2026-09-20 09:36:26,844 DEBUG   ags.cli: CLI start, argv=['match', "Harry Potter and the Philosopher's Stone", '-a', 'J.K. Rowling']
2026-09-20 09:36:26,846 WARNING ags.ags.deps: beroenden saknas: tesseract (OCR-skärmbildsläget (fliken 'Skärmbild / text'))
2026-09-20 09:36:26,852 INFO    ags.ags.cleanup: cacherensning i /home/user/audiobook-goodreads-sync: 3 objekt bort (.pytest_cache, ags/__pycache__, tests/__pycache__)
2026-09-20 09:36:26,882 DEBUG   ags: loggning initierad -> /home/user/audiobook-goodreads-sync/logs/ags.log
2026-09-20 09:36:26,939 DEBUG   ags.gui: laddar inställningar
2026-09-20 09:36:26,939 DEBUG   ags.gui: historikfliken uppdateras
2026-09-20 09:36:26,969 INFO    ags.engine.match: inga träffar för 'Isprinsessan Camilla Läckberg' från goodreads/bridge — provar reservkällor
2026-09-20 09:36:26,969 INFO    ags.engine.match: reservkälla gav 1 träffar för 'Isprinsessan Camilla Läckberg' (källa=openlibrary)
2026-09-20 09:36:26,998 INFO    ags.organize: copy /tmp/pytest-of-user/pytest-21/test_organize_abs_structure_an0/import/CD1/spår 1.mp3 -> /tmp/pytest-of-user/pytest-21/test_organize_abs_structure_an0/abs/Camilla Läckberg/Patrik Hedström/01 - Isprinsessan/01 - Isprinsessan.mp3
2026-09-20 09:36:27,000 INFO    ags.organize: taggar skrivna: ['album', 'artist', 'series', 'series_number', 'title', 'track', 'year']
2026-09-20 09:36:27,000 INFO    ags.organize: copy /tmp/pytest-of-user/pytest-21/test_organize_abs_structure_an0/import/CD1/spår 2.mp3 -> /tmp/pytest-of-user/pytest-21/test_organize_abs_structure_an0/abs/Camilla Läckberg/Patrik Hedström/01 - Isprinsessan/02 - Isprinsessan.mp3
2026-09-20 09:36:27,000 INFO    ags.organize: taggar skrivna: ['album', 'artist', 'series', 'series_number', 'title', 'track', 'year']
2026-09-20 09:36:27,000 INFO    ags.organize: copy /tmp/pytest-of-user/pytest-21/test_organize_abs_structure_an0/import/CD2/spår 1.mp3 -> /tmp/pytest-of-user/pytest-21/test_organize_abs_structure_an0/abs/Camilla Läckberg/Patrik Hedström/01 - Isprinsessan/03 - Isprinsessan.mp3
2026-09-20 09:36:27,001 INFO    ags.organize: taggar skrivna: ['album', 'artist', 'series', 'series_number', 'title', 'track', 'year']
2026-09-20 09:36:27,001 INFO    ags.organize: copy /tmp/pytest-of-user/pytest-21/test_organize_abs_structure_an0/import/CD2/spår 2.mp3 -> /tmp/pytest-of-user/pytest-21/test_organize_abs_structure_an0/abs/Camilla Läckberg/Patrik Hedström/01 - Isprinsessan/04 - Isprinsessan.mp3
2026-09-20 09:36:27,001 INFO    ags.organize: taggar skrivna: ['album', 'artist', 'series', 'series_number', 'title', 'track', 'year']
2026-09-20 09:36:27,004 INFO    ags.organize: skrev faktablad /tmp/pytest-of-user/pytest-21/test_organize_abs_structure_an0/abs/Camilla Läckberg/Patrik Hedström/01 - Isprinsessan/Isprinsessan.md
2026-09-20 09:36:27,006 INFO    ags.organize: move /tmp/pytest-of-user/pytest-21/test_organize_move_removes_sou0/a.mp3 -> /tmp/pytest-of-user/pytest-21/test_organize_move_removes_sou0/out/A/T/T.mp3
2026-09-20 09:36:27,006 INFO    ags.organize: taggar skrivna: ['artist', 'title']
2026-09-20 09:36:27,007 INFO    ags.organize: skrev faktablad /tmp/pytest-of-user/pytest-21/test_organize_move_removes_sou0/out/A/T/T.md
2026-09-20 09:36:27,968 DEBUG   ags: loggning initierad -> /home/user/audiobook-goodreads-sync/logs/ags.log
2026-09-20 09:36:28,008 DEBUG   ags.gui: laddar inställningar
2026-09-20 09:36:28,008 DEBUG   ags.gui: historikfliken uppdateras
2026-09-20 09:36:28,009 INFO    ags.ags.settings: inställningar sparade till /tmp/pytest-of-user/pytest-21/test_gui_organize_selected_ful0/settings.json
2026-09-20 09:36:28,009 INFO    ags.gui: inställningar sparade (silent=True): import='/home/user/Ljudböcker' output='/tmp/pytest-of-user/pytest-21/test_gui_organize_selected_ful0/out' flytta=False serie=True skip_done=True
2026-09-20 09:36:28,009 INFO    ags.gui: kommando: Organisera vald bok (inkl. historikrader)
2026-09-20 09:36:28,009 INFO    ags.gui: organisering begärd: 1 förslag, ask_uncertain=True, include_done=True, move=True
2026-09-20 09:36:28,009 INFO    ags.ags.settings: inställningar sparade till /tmp/pytest-of-user/pytest-21/test_gui_organize_selected_ful0/settings.json
2026-09-20 09:36:28,009 INFO    ags.gui: inställningar sparade (silent=True): import='/home/user/Ljudböcker' output='/tmp/pytest-of-user/pytest-21/test_gui_organize_selected_ful0/out' flytta=True serie=True skip_done=True
2026-09-20 09:36:28,010 INFO    ags.organize: move /tmp/pytest-of-user/pytest-21/test_gui_organize_selected_ful0/The Colorado Kid.mp3 -> /tmp/pytest-of-user/pytest-21/test_gui_organize_selected_ful0/out/Stephen King/The Colorado Kid/The Colorado Kid.mp3
2026-09-20 09:36:28,010 INFO    ags.organize: taggar skrivna: ['artist', 'title']
2026-09-20 09:36:28,010 INFO    ags.organize: skrev faktablad /tmp/pytest-of-user/pytest-21/test_gui_organize_selected_ful0/out/Stephen King/The Colorado Kid/The Colorado Kid.md
2026-09-20 09:36:28,011 INFO    ags.engine: historik: 'The Colorado Kid' klar -> /tmp/pytest-of-user/pytest-21/test_gui_organize_selected_ful0/out/Stephen King/The Colorado Kid
2026-09-20 09:36:28,599 INFO    ags.engine: match "Harry Potter and the Philosopher's Stone" -> "Harry Potter and the Philosopher's Stone — J.K. Rowling [Harry Potter #1]" (1.00, matchad)
2026-09-20 09:36:28,599 INFO    ags.engine: matchning "Harry Potter and the Philosopher's Stone" -> matchad (källa=goodreads, poäng=1.00) sökfråga rensad till 'Harry Potter and the Philosopher's Stone J.K. Rowling'
2026-09-20 09:36:28,956 DEBUG   ags: loggning initierad -> /home/user/audiobook-goodreads-sync/logs/ags.log
2026-09-20 09:36:28,956 DEBUG   ags.cli: CLI start, argv=['cleanup']
2026-09-20 09:36:28,960 WARNING ags.ags.deps: beroenden saknas: tesseract (OCR-skärmbildsläget (fliken 'Skärmbild / text'))
2026-09-20 09:36:28,963 INFO    ags.ags.cleanup: cacherensning i /home/user/audiobook-goodreads-sync: 2 objekt bort (.pytest_cache, ags/__pycache__)
2026-09-20 09:36:28,963 INFO    ags.ags.cleanup: cacherensning i /home/user/audiobook-goodreads-sync: 0 objekt bort (inget att rensa)
2026-09-20 09:44:31,430 DEBUG   ags: loggning initierad -> /home/user/audiobook-goodreads-sync/logs/ags.log
2026-09-20 09:44:31,430 DEBUG   ags.cli: CLI start, argv=['match', "Harry Potter and the Philosopher's Stone", '-a', 'J.K. Rowling']
2026-09-20 09:44:31,432 WARNING ags.ags.deps: beroenden saknas: tesseract (OCR-skärmbildsläget (fliken 'Skärmbild / text'))
2026-09-20 09:44:31,438 INFO    ags.ags.cleanup: cacherensning i /home/user/audiobook-goodreads-sync: 2 objekt bort (ags/__pycache__, tests/__pycache__)
2026-09-20 09:44:31,485 DEBUG   ags: loggning initierad -> /home/user/audiobook-goodreads-sync/logs/ags.log
2026-09-20 09:44:31,543 DEBUG   ags.gui: laddar inställningar
2026-09-20 09:44:31,544 DEBUG   ags.gui: historikfliken uppdateras
2026-09-20 09:44:31,575 INFO    ags.engine.match: inga träffar för 'Isprinsessan Camilla Läckberg' från goodreads/bridge — provar reservkällor
2026-09-20 09:44:31,575 INFO    ags.engine.match: reservkälla gav 1 träffar för 'Isprinsessan Camilla Läckberg' (källa=openlibrary)
2026-09-20 09:44:31,612 INFO    ags.organize: copy /tmp/pytest-of-user/pytest-22/test_organize_abs_structure_an0/import/CD1/spår 1.mp3 -> /tmp/pytest-of-user/pytest-22/test_organize_abs_structure_an0/abs/Camilla Läckberg/Patrik Hedström/01 - Isprinsessan/01 - Isprinsessan.mp3
2026-09-20 09:44:31,613 INFO    ags.organize: taggar skrivna: ['album', 'artist', 'series', 'series_number', 'title', 'track', 'year']
2026-09-20 09:44:31,614 INFO    ags.organize: copy /tmp/pytest-of-user/pytest-22/test_organize_abs_structure_an0/import/CD1/spår 2.mp3 -> /tmp/pytest-of-user/pytest-22/test_organize_abs_structure_an0/abs/Camilla Läckberg/Patrik Hedström/01 - Isprinsessan/02 - Isprinsessan.mp3
2026-09-20 09:44:31,614 INFO    ags.organize: taggar skrivna: ['album', 'artist', 'series', 'series_number', 'title', 'track', 'year']
2026-09-20 09:44:31,615 INFO    ags.organize: copy /tmp/pytest-of-user/pytest-22/test_organize_abs_structure_an0/import/CD2/spår 1.mp3 -> /tmp/pytest-of-user/pytest-22/test_organize_abs_structure_an0/abs/Camilla Läckberg/Patrik Hedström/01 - Isprinsessan/03 - Isprinsessan.mp3
2026-09-20 09:44:31,615 INFO    ags.organize: taggar skrivna: ['album', 'artist', 'series', 'series_number', 'title', 'track', 'year']
2026-09-20 09:44:31,616 INFO    ags.organize: copy /tmp/pytest-of-user/pytest-22/test_organize_abs_structure_an0/import/CD2/spår 2.mp3 -> /tmp/pytest-of-user/pytest-22/test_organize_abs_structure_an0/abs/Camilla Läckberg/Patrik Hedström/01 - Isprinsessan/04 - Isprinsessan.mp3
2026-09-20 09:44:31,616 INFO    ags.organize: taggar skrivna: ['album', 'artist', 'series', 'series_number', 'title', 'track', 'year']
2026-09-20 09:44:31,620 INFO    ags.organize: skrev faktablad /tmp/pytest-of-user/pytest-22/test_organize_abs_structure_an0/abs/Camilla Läckberg/Patrik Hedström/01 - Isprinsessan/Isprinsessan.md
2026-09-20 09:44:31,622 INFO    ags.organize: move /tmp/pytest-of-user/pytest-22/test_organize_move_removes_sou0/a.mp3 -> /tmp/pytest-of-user/pytest-22/test_organize_move_removes_sou0/out/A/T/T.mp3
2026-09-20 09:44:31,623 INFO    ags.organize: taggar skrivna: ['artist', 'title']
2026-09-20 09:44:31,623 INFO    ags.organize: skrev faktablad /tmp/pytest-of-user/pytest-22/test_organize_move_removes_sou0/out/A/T/T.md
2026-09-20 09:44:32,597 DEBUG   ags: loggning initierad -> /home/user/audiobook-goodreads-sync/logs/ags.log
2026-09-20 09:44:32,638 DEBUG   ags.gui: laddar inställningar
2026-09-20 09:44:32,638 DEBUG   ags.gui: historikfliken uppdateras
2026-09-20 09:44:32,639 INFO    ags.ags.settings: inställningar sparade till /tmp/pytest-of-user/pytest-22/test_gui_organize_selected_ful0/settings.json
2026-09-20 09:44:32,639 INFO    ags.gui: inställningar sparade (silent=True): import='/home/user/Ljudböcker' output='/tmp/pytest-of-user/pytest-22/test_gui_organize_selected_ful0/out' flytta=False serie=True skip_done=True
2026-09-20 09:44:32,639 INFO    ags.gui: kommando: Organisera vald bok (inkl. historikrader)
2026-09-20 09:44:32,639 INFO    ags.gui: organisering begärd: 1 förslag, ask_uncertain=True, include_done=True, move=True
2026-09-20 09:44:32,639 INFO    ags.ags.settings: inställningar sparade till /tmp/pytest-of-user/pytest-22/test_gui_organize_selected_ful0/settings.json
2026-09-20 09:44:32,639 INFO    ags.gui: inställningar sparade (silent=True): import='/home/user/Ljudböcker' output='/tmp/pytest-of-user/pytest-22/test_gui_organize_selected_ful0/out' flytta=True serie=True skip_done=True
2026-09-20 09:44:32,639 INFO    ags.gui: organiserar 'The Colorado Kid' (move=True, 1 filer)
2026-09-20 09:44:32,640 INFO    ags.organize: move /tmp/pytest-of-user/pytest-22/test_gui_organize_selected_ful0/The Colorado Kid.mp3 -> /tmp/pytest-of-user/pytest-22/test_gui_organize_selected_ful0/out/Stephen King/The Colorado Kid/The Colorado Kid.mp3
2026-09-20 09:44:32,640 INFO    ags.organize: taggar skrivna: ['artist', 'title']
2026-09-20 09:44:32,641 INFO    ags.organize: skrev faktablad /tmp/pytest-of-user/pytest-22/test_gui_organize_selected_ful0/out/Stephen King/The Colorado Kid/The Colorado Kid.md
2026-09-20 09:44:32,641 INFO    ags.engine: historik: 'The Colorado Kid' klar -> /tmp/pytest-of-user/pytest-22/test_gui_organize_selected_ful0/out/Stephen King/The Colorado Kid
2026-09-20 09:44:32,641 INFO    ags.gui: organiserar klar för 'The Colorado Kid': 2 åtgärder, 0 fel
2026-09-20 09:44:32,685 DEBUG   ags.gui: laddar inställningar
2026-09-20 09:44:32,685 DEBUG   ags.gui: historikfliken uppdateras
2026-09-20 09:44:32,728 DEBUG   ags.gui: laddar inställningar
2026-09-20 09:44:32,728 DEBUG   ags.gui: historikfliken uppdateras
2026-09-20 09:44:32,729 WARNING ags.gui: jobb 'Testjobb' HOPPAS ÖVER: ett annat jobb pågår redan
2026-09-20 09:44:33,317 INFO    ags.engine: match "Harry Potter and the Philosopher's Stone" -> "Harry Potter and the Philosopher's Stone — J.K. Rowling [Harry Potter #1]" (1.00, matchad)
2026-09-20 09:44:33,317 INFO    ags.engine: matchning "Harry Potter and the Philosopher's Stone" -> matchad (källa=goodreads, poäng=1.00) sökfråga rensad till 'Harry Potter and the Philosopher's Stone J.K. Rowling'
2026-09-20 09:45:29,863 DEBUG   ags: loggning initierad -> /home/user/audiobook-goodreads-sync/logs/ags.log
2026-09-20 09:46:36,182 DEBUG   ags: loggning initierad -> /home/user/audiobook-goodreads-sync/logs/ags.log
2026-09-20 09:46:49,479 DEBUG   ags: loggning initierad -> /home/user/audiobook-goodreads-sync/logs/ags.log
2026-09-20 09:46:49,479 DEBUG   ags.cli: CLI start, argv=['match', "Harry Potter and the Philosopher's Stone", '-a', 'J.K. Rowling']
2026-09-20 09:46:49,481 WARNING ags.ags.deps: beroenden saknas: tesseract (OCR-skärmbildsläget (fliken 'Skärmbild / text'))
2026-09-20 09:46:49,487 INFO    ags.ags.cleanup: cacherensning i /home/user/audiobook-goodreads-sync: 3 objekt bort (.pytest_cache, ags/__pycache__, tests/__pycache__)
2026-09-20 09:46:49,525 DEBUG   ags: loggning initierad -> /home/user/audiobook-goodreads-sync/logs/ags.log
2026-09-20 09:46:49,583 DEBUG   ags.gui: laddar inställningar
2026-09-20 09:46:49,584 DEBUG   ags.gui: historikfliken uppdateras
2026-09-20 09:46:49,614 INFO    ags.engine.match: inga träffar för 'Isprinsessan Camilla Läckberg' från goodreads/bridge — provar reservkällor
2026-09-20 09:46:49,615 INFO    ags.engine.match: reservkälla gav 1 träffar för 'Isprinsessan Camilla Läckberg' (källa=openlibrary)
2026-09-20 09:46:49,652 INFO    ags.organize: copy /tmp/pytest-of-user/pytest-23/test_organize_abs_structure_an0/import/CD1/spår 1.mp3 -> /tmp/pytest-of-user/pytest-23/test_organize_abs_structure_an0/abs/Camilla Läckberg/Patrik Hedström/01 - Isprinsessan/01 - Isprinsessan.mp3
2026-09-20 09:46:49,654 INFO    ags.organize: taggar skrivna: ['album', 'artist', 'series', 'series_number', 'title', 'track', 'year']
2026-09-20 09:46:49,654 INFO    ags.organize: copy /tmp/pytest-of-user/pytest-23/test_organize_abs_structure_an0/import/CD1/spår 2.mp3 -> /tmp/pytest-of-user/pytest-23/test_organize_abs_structure_an0/abs/Camilla Läckberg/Patrik Hedström/01 - Isprinsessan/02 - Isprinsessan.mp3
2026-09-20 09:46:49,655 INFO    ags.organize: taggar skrivna: ['album', 'artist', 'series', 'series_number', 'title', 'track', 'year']
2026-09-20 09:46:49,655 INFO    ags.organize: copy /tmp/pytest-of-user/pytest-23/test_organize_abs_structure_an0/import/CD2/spår 1.mp3 -> /tmp/pytest-of-user/pytest-23/test_organize_abs_structure_an0/abs/Camilla Läckberg/Patrik Hedström/01 - Isprinsessan/03 - Isprinsessan.mp3
2026-09-20 09:46:49,656 INFO    ags.organize: taggar skrivna: ['album', 'artist', 'series', 'series_number', 'title', 'track', 'year']
2026-09-20 09:46:49,656 INFO    ags.organize: copy /tmp/pytest-of-user/pytest-23/test_organize_abs_structure_an0/import/CD2/spår 2.mp3 -> /tmp/pytest-of-user/pytest-23/test_organize_abs_structure_an0/abs/Camilla Läckberg/Patrik Hedström/01 - Isprinsessan/04 - Isprinsessan.mp3
2026-09-20 09:46:49,656 INFO    ags.organize: taggar skrivna: ['album', 'artist', 'series', 'series_number', 'title', 'track', 'year']
2026-09-20 09:46:49,660 INFO    ags.organize: skrev faktablad /tmp/pytest-of-user/pytest-23/test_organize_abs_structure_an0/abs/Camilla Läckberg/Patrik Hedström/01 - Isprinsessan/Isprinsessan.md
2026-09-20 09:46:49,662 INFO    ags.organize: move /tmp/pytest-of-user/pytest-23/test_organize_move_removes_sou0/a.mp3 -> /tmp/pytest-of-user/pytest-23/test_organize_move_removes_sou0/out/A/T/T.mp3
2026-09-20 09:46:49,663 INFO    ags.organize: taggar skrivna: ['artist', 'title']
2026-09-20 09:46:49,663 INFO    ags.organize: skrev faktablad /tmp/pytest-of-user/pytest-23/test_organize_move_removes_sou0/out/A/T/T.md
2026-09-20 09:46:50,675 DEBUG   ags: loggning initierad -> /home/user/audiobook-goodreads-sync/logs/ags.log
2026-09-20 09:46:50,716 DEBUG   ags.gui: laddar inställningar
2026-09-20 09:46:50,716 DEBUG   ags.gui: historikfliken uppdateras
2026-09-20 09:46:50,717 INFO    ags.ags.settings: inställningar sparade till /tmp/pytest-of-user/pytest-23/test_gui_organize_selected_ful0/settings.json
2026-09-20 09:46:50,717 INFO    ags.gui: inställningar sparade (silent=True): import='/home/user/Ljudböcker' output='/tmp/pytest-of-user/pytest-23/test_gui_organize_selected_ful0/out' flytta=False serie=True skip_done=True
2026-09-20 09:46:50,717 INFO    ags.gui: kommando: Organisera vald bok (inkl. historikrader)
2026-09-20 09:46:50,717 INFO    ags.gui: organisering begärd: 1 förslag, ask_uncertain=True, include_done=True, move=True
2026-09-20 09:46:50,717 INFO    ags.ags.settings: inställningar sparade till /tmp/pytest-of-user/pytest-23/test_gui_organize_selected_ful0/settings.json
2026-09-20 09:46:50,717 INFO    ags.gui: inställningar sparade (silent=True): import='/home/user/Ljudböcker' output='/tmp/pytest-of-user/pytest-23/test_gui_organize_selected_ful0/out' flytta=True serie=True skip_done=True
2026-09-20 09:46:50,717 INFO    ags.gui: organiserar 'The Colorado Kid' (move=True, 1 filer)
2026-09-20 09:46:50,718 INFO    ags.organize: move /tmp/pytest-of-user/pytest-23/test_gui_organize_selected_ful0/The Colorado Kid.mp3 -> /tmp/pytest-of-user/pytest-23/test_gui_organize_selected_ful0/out/Stephen King/The Colorado Kid/The Colorado Kid.mp3
2026-09-20 09:46:50,718 INFO    ags.organize: taggar skrivna: ['artist', 'title']
2026-09-20 09:46:50,719 INFO    ags.organize: skrev faktablad /tmp/pytest-of-user/pytest-23/test_gui_organize_selected_ful0/out/Stephen King/The Colorado Kid/The Colorado Kid.md
2026-09-20 09:46:50,719 INFO    ags.engine: historik: 'The Colorado Kid' klar -> /tmp/pytest-of-user/pytest-23/test_gui_organize_selected_ful0/out/Stephen King/The Colorado Kid
2026-09-20 09:46:50,719 INFO    ags.gui: organiserar klar för 'The Colorado Kid': 2 åtgärder, 0 fel
2026-09-20 09:46:50,720 INFO    ags.gui: ui-status: organiserad: /tmp/pytest-of-user/pytest-23/test_gui_organize_selected_ful0/out/Stephen King/The Colorado Kid
2026-09-20 09:46:50,722 INFO    ags.gui: ui-status: organisering klar (flyttade): 1 flyttade, 0 kopierade filer
2026-09-20 09:46:50,768 DEBUG   ags.gui: laddar inställningar
2026-09-20 09:46:50,769 DEBUG   ags.gui: historikfliken uppdateras
2026-09-20 09:46:50,769 ERROR   ags.gui: KRASCH vid händelse prog
Traceback (most recent call last):
  File "/home/user/audiobook-goodreads-sync/ags/gui.py", line 807, in _poll
    self._handle_event(kind, payload)
    ~~~~~~~~~~~~~~~~~~^^^^^^^^^^^^^^^
  File "/home/user/audiobook-goodreads-sync/ags/gui.py", line 837, in _handle_event
    cur, total, label = payload
    ^^^^^^^^^^^^^^^^^
TypeError: cannot unpack non-iterable NoneType object
2026-09-20 09:46:50,816 DEBUG   ags.gui: laddar inställningar
2026-09-20 09:46:50,816 DEBUG   ags.gui: historikfliken uppdateras
2026-09-20 09:46:50,816 WARNING ags.gui: jobb 'Testjobb' HOPPAS ÖVER: ett annat jobb pågår redan
2026-09-20 09:46:51,438 INFO    ags.engine: match "Harry Potter and the Philosopher's Stone" -> "Harry Potter and the Philosopher's Stone — J.K. Rowling [Harry Potter #1]" (1.00, matchad)
2026-09-20 09:46:51,438 INFO    ags.engine: matchning "Harry Potter and the Philosopher's Stone" -> matchad (källa=goodreads, poäng=1.00) sökfråga rensad till 'Harry Potter and the Philosopher's Stone J.K. Rowling'
2026-09-20 09:46:51,823 DEBUG   ags: loggning initierad -> /home/user/audiobook-goodreads-sync/logs/ags.log
2026-09-20 09:46:51,824 DEBUG   ags.cli: CLI start, argv=['cleanup']
2026-09-20 09:46:51,828 WARNING ags.ags.deps: beroenden saknas: tesseract (OCR-skärmbildsläget (fliken 'Skärmbild / text'))
2026-09-20 09:46:51,831 INFO    ags.ags.cleanup: cacherensning i /home/user/audiobook-goodreads-sync: 2 objekt bort (.pytest_cache, ags/__pycache__)
2026-09-20 09:46:51,831 INFO    ags.ags.cleanup: cacherensning i /home/user/audiobook-goodreads-sync: 0 objekt bort (inget att rensa)
2026-09-26 10:05:58,308 DEBUG   ags: loggning initierad -> /home/user/audiobook-goodreads-sync/logs/ags.log
2026-09-26 10:05:58,309 DEBUG   ags.cli: CLI start, argv=['match', "Harry Potter and the Philosopher's Stone", '-a', 'J.K. Rowling']
2026-09-26 10:05:58,311 WARNING ags.ags.deps: beroenden saknas: mutagen (läsa/skriva taggar i mp3/m4b/flac/ogg), tesseract (OCR-skärmbildsläget (fliken 'Skärmbild / text'))
2026-09-26 10:05:58,317 INFO    ags.ags.cleanup: cacherensning i /home/user/audiobook-goodreads-sync: 2 objekt bort (ags/__pycache__, tests/__pycache__)
2026-09-26 10:05:58,467 DEBUG   ags: loggning initierad -> /home/user/audiobook-goodreads-sync/logs/ags.log
2026-09-26 10:05:58,481 INFO    ags.engine.match: inga träffar för 'Isprinsessan Camilla Läckberg' från goodreads/bridge — provar reservkällor
2026-09-26 10:05:58,481 INFO    ags.engine.match: reservkälla gav 1 träffar för 'Isprinsessan Camilla Läckberg' (källa=openlibrary)
2026-09-26 10:05:58,486 INFO    ags.organize: copy /tmp/pytest-of-user/pytest-0/test_organize_abs_structure_an0/import/CD1/spår 1.mp3 -> /tmp/pytest-of-user/pytest-0/test_organize_abs_structure_an0/abs/Camilla Läckberg/Patrik Hedström/01 - Isprinsessan/01 - Isprinsessan.mp3
2026-09-26 10:05:58,486 INFO    ags.organize: copy /tmp/pytest-of-user/pytest-0/test_organize_abs_structure_an0/import/CD1/spår 2.mp3 -> /tmp/pytest-of-user/pytest-0/test_organize_abs_structure_an0/abs/Camilla Läckberg/Patrik Hedström/01 - Isprinsessan/02 - Isprinsessan.mp3
2026-09-26 10:05:58,486 INFO    ags.organize: copy /tmp/pytest-of-user/pytest-0/test_organize_abs_structure_an0/import/CD2/spår 1.mp3 -> /tmp/pytest-of-user/pytest-0/test_organize_abs_structure_an0/abs/Camilla Läckberg/Patrik Hedström/01 - Isprinsessan/03 - Isprinsessan.mp3
2026-09-26 10:05:58,487 INFO    ags.organize: copy /tmp/pytest-of-user/pytest-0/test_organize_abs_structure_an0/import/CD2/spår 2.mp3 -> /tmp/pytest-of-user/pytest-0/test_organize_abs_structure_an0/abs/Camilla Läckberg/Patrik Hedström/01 - Isprinsessan/04 - Isprinsessan.mp3
2026-09-26 10:05:58,533 INFO    ags.organize: move /tmp/pytest-of-user/pytest-0/test_organize_move_removes_sou0/a.mp3 -> /tmp/pytest-of-user/pytest-0/test_organize_move_removes_sou0/out/A/T/T.mp3
2026-09-26 10:05:59,456 DEBUG   ags: loggning initierad -> /home/user/audiobook-goodreads-sync/logs/ags.log
2026-09-26 10:06:39,432 DEBUG   ags: loggning initierad -> /home/user/audiobook-goodreads-sync/logs/ags.log
2026-09-26 10:06:39,433 DEBUG   ags.cli: CLI start, argv=['match', "Harry Potter and the Philosopher's Stone", '-a', 'J.K. Rowling']
2026-09-26 10:06:39,435 WARNING ags.ags.deps: beroenden saknas: mutagen (läsa/skriva taggar i mp3/m4b/flac/ogg), tesseract (OCR-skärmbildsläget (fliken 'Skärmbild / text'))
2026-09-26 10:06:39,444 INFO    ags.ags.cleanup: cacherensning i /home/user/audiobook-goodreads-sync: 3 objekt bort (.pytest_cache, ags/__pycache__, tests/__pycache__)
2026-09-26 10:06:39,489 DEBUG   ags: loggning initierad -> /home/user/audiobook-goodreads-sync/logs/ags.log
2026-09-26 10:06:39,497 INFO    ags.engine.match: inga träffar för 'Isprinsessan Camilla Läckberg' från goodreads/bridge — provar reservkällor
2026-09-26 10:06:39,497 INFO    ags.engine.match: reservkälla gav 1 träffar för 'Isprinsessan Camilla Läckberg' (källa=openlibrary)
2026-09-26 10:06:39,502 INFO    ags.organize: copy /tmp/pytest-of-user/pytest-1/test_organize_abs_structure_an0/import/CD1/spår 1.mp3 -> /tmp/pytest-of-user/pytest-1/test_organize_abs_structure_an0/abs/Camilla Läckberg/Patrik Hedström/01 - Isprinsessan/01 - Isprinsessan.mp3
2026-09-26 10:06:39,503 INFO    ags.organize: copy /tmp/pytest-of-user/pytest-1/test_organize_abs_structure_an0/import/CD1/spår 2.mp3 -> /tmp/pytest-of-user/pytest-1/test_organize_abs_structure_an0/abs/Camilla Läckberg/Patrik Hedström/01 - Isprinsessan/02 - Isprinsessan.mp3
2026-09-26 10:06:39,503 INFO    ags.organize: copy /tmp/pytest-of-user/pytest-1/test_organize_abs_structure_an0/import/CD2/spår 1.mp3 -> /tmp/pytest-of-user/pytest-1/test_organize_abs_structure_an0/abs/Camilla Läckberg/Patrik Hedström/01 - Isprinsessan/03 - Isprinsessan.mp3
2026-09-26 10:06:39,503 INFO    ags.organize: copy /tmp/pytest-of-user/pytest-1/test_organize_abs_structure_an0/import/CD2/spår 2.mp3 -> /tmp/pytest-of-user/pytest-1/test_organize_abs_structure_an0/abs/Camilla Läckberg/Patrik Hedström/01 - Isprinsessan/04 - Isprinsessan.mp3
2026-09-26 10:06:39,565 INFO    ags.organize: move /tmp/pytest-of-user/pytest-1/test_organize_move_removes_sou0/a.mp3 -> /tmp/pytest-of-user/pytest-1/test_organize_move_removes_sou0/out/A/T/T.mp3
2026-09-26 10:06:40,263 DEBUG   ags: loggning initierad -> /home/user/audiobook-goodreads-sync/logs/ags.log
2026-09-26 10:06:40,275 INFO    ags.engine: match 'Track 01' -> 'The Green Mile — Stephen King' (0.47, ej matchad)
2026-09-26 10:06:40,275 INFO    ags.engine: matchning 'Track 01' -> ej matchad (källa=goodreads, poäng=0.47) sökfråga rensad till 'The Green Mile Stephen King'
2026-09-26 10:06:40,973 INFO    ags.engine: match "Harry Potter and the Philosopher's Stone" -> "Harry Potter and the Philosopher's Stone — J.K. Rowling [Harry Potter #1]" (1.00, matchad)
2026-09-26 10:06:40,974 INFO    ags.engine: matchning "Harry Potter and the Philosopher's Stone" -> matchad (källa=goodreads, poäng=1.00) sökfråga rensad till 'Harry Potter and the Philosopher's Stone J.K. Rowling'
2026-09-26 10:06:47,605 DEBUG   ags: loggning initierad -> /home/user/audiobook-goodreads-sync/logs/ags.log
2026-09-26 10:06:47,606 DEBUG   ags.cli: CLI start, argv=['match', "Harry Potter and the Philosopher's Stone", '-a', 'J.K. Rowling']
2026-09-26 10:06:47,608 WARNING ags.ags.deps: beroenden saknas: mutagen (läsa/skriva taggar i mp3/m4b/flac/ogg), tesseract (OCR-skärmbildsläget (fliken 'Skärmbild / text'))
2026-09-26 10:06:47,613 INFO    ags.ags.cleanup: cacherensning i /home/user/audiobook-goodreads-sync: 3 objekt bort (.pytest_cache, ags/__pycache__, tests/__pycache__)
2026-09-26 10:06:47,653 DEBUG   ags: loggning initierad -> /home/user/audiobook-goodreads-sync/logs/ags.log
2026-09-26 10:06:47,661 INFO    ags.engine.match: inga träffar för 'Isprinsessan Camilla Läckberg' från goodreads/bridge — provar reservkällor
2026-09-26 10:06:47,661 INFO    ags.engine.match: reservkälla gav 1 träffar för 'Isprinsessan Camilla Läckberg' (källa=openlibrary)
2026-09-26 10:06:47,666 INFO    ags.organize: copy /tmp/pytest-of-user/pytest-2/test_organize_abs_structure_an0/import/CD1/spår 1.mp3 -> /tmp/pytest-of-user/pytest-2/test_organize_abs_structure_an0/abs/Camilla Läckberg/Patrik Hedström/01 - Isprinsessan/01 - Isprinsessan.mp3
2026-09-26 10:06:47,666 INFO    ags.organize: copy /tmp/pytest-of-user/pytest-2/test_organize_abs_structure_an0/import/CD1/spår 2.mp3 -> /tmp/pytest-of-user/pytest-2/test_organize_abs_structure_an0/abs/Camilla Läckberg/Patrik Hedström/01 - Isprinsessan/02 - Isprinsessan.mp3
2026-09-26 10:06:47,667 INFO    ags.organize: copy /tmp/pytest-of-user/pytest-2/test_organize_abs_structure_an0/import/CD2/spår 1.mp3 -> /tmp/pytest-of-user/pytest-2/test_organize_abs_structure_an0/abs/Camilla Läckberg/Patrik Hedström/01 - Isprinsessan/03 - Isprinsessan.mp3
2026-09-26 10:06:47,667 INFO    ags.organize: copy /tmp/pytest-of-user/pytest-2/test_organize_abs_structure_an0/import/CD2/spår 2.mp3 -> /tmp/pytest-of-user/pytest-2/test_organize_abs_structure_an0/abs/Camilla Läckberg/Patrik Hedström/01 - Isprinsessan/04 - Isprinsessan.mp3
2026-09-26 10:06:47,714 INFO    ags.organize: move /tmp/pytest-of-user/pytest-2/test_organize_move_removes_sou0/a.mp3 -> /tmp/pytest-of-user/pytest-2/test_organize_move_removes_sou0/out/A/T/T.mp3
2026-09-26 10:06:48,350 DEBUG   ags: loggning initierad -> /home/user/audiobook-goodreads-sync/logs/ags.log
2026-09-26 10:06:48,361 INFO    ags.engine: match 'Track 01' -> 'The Green Mile — Stephen King' (0.47, ej matchad)
2026-09-26 10:06:48,361 INFO    ags.engine: matchning 'Track 01' -> ej matchad (källa=goodreads, poäng=0.47) sökfråga rensad till 'The Green Mile Stephen King'
2026-09-26 10:06:49,063 INFO    ags.engine: match "Harry Potter and the Philosopher's Stone" -> "Harry Potter and the Philosopher's Stone — J.K. Rowling [Harry Potter #1]" (1.00, matchad)
2026-09-26 10:06:49,064 INFO    ags.engine: matchning "Harry Potter and the Philosopher's Stone" -> matchad (källa=goodreads, poäng=1.00) sökfråga rensad till 'Harry Potter and the Philosopher's Stone J.K. Rowling'
2026-09-26 10:07:33,161 DEBUG   ags: loggning initierad -> /home/user/audiobook-goodreads-sync/logs/ags.log
2026-09-26 10:07:33,161 DEBUG   ags.cli: CLI start, argv=['match', "Harry Potter and the Philosopher's Stone", '-a', 'J.K. Rowling']
2026-09-26 10:07:33,164 WARNING ags.ags.deps: beroenden saknas: tesseract (OCR-skärmbildsläget (fliken 'Skärmbild / text'))
2026-09-26 10:07:33,170 INFO    ags.ags.cleanup: cacherensning i /home/user/audiobook-goodreads-sync: 3 objekt bort (.pytest_cache, ags/__pycache__, tests/__pycache__)
2026-09-26 10:07:33,213 DEBUG   ags: loggning initierad -> /home/user/audiobook-goodreads-sync/logs/ags.log
2026-09-26 10:07:33,331 DEBUG   ags.gui: laddar inställningar
2026-09-26 10:07:33,332 DEBUG   ags.gui: historikfliken uppdateras
2026-09-26 10:07:33,364 INFO    ags.engine.match: inga träffar för 'Isprinsessan Camilla Läckberg' från goodreads/bridge — provar reservkällor
2026-09-26 10:07:33,365 INFO    ags.engine.match: reservkälla gav 1 träffar för 'Isprinsessan Camilla Läckberg' (källa=openlibrary)
2026-09-26 10:07:33,396 INFO    ags.organize: copy /tmp/pytest-of-user/pytest-3/test_organize_abs_structure_an0/import/CD1/spår 1.mp3 -> /tmp/pytest-of-user/pytest-3/test_organize_abs_structure_an0/abs/Camilla Läckberg/Patrik Hedström/01 - Isprinsessan/01 - Isprinsessan.mp3
2026-09-26 10:07:33,402 INFO    ags.organize: taggar skrivna: ['album', 'artist', 'series', 'series_number', 'title', 'track', 'year']
2026-09-26 10:07:33,402 INFO    ags.organize: copy /tmp/pytest-of-user/pytest-3/test_organize_abs_structure_an0/import/CD1/spår 2.mp3 -> /tmp/pytest-of-user/pytest-3/test_organize_abs_structure_an0/abs/Camilla Läckberg/Patrik Hedström/01 - Isprinsessan/02 - Isprinsessan.mp3
2026-09-26 10:07:33,403 INFO    ags.organize: taggar skrivna: ['album', 'artist', 'series', 'series_number', 'title', 'track', 'year']
2026-09-26 10:07:33,403 INFO    ags.organize: copy /tmp/pytest-of-user/pytest-3/test_organize_abs_structure_an0/import/CD2/spår 1.mp3 -> /tmp/pytest-of-user/pytest-3/test_organize_abs_structure_an0/abs/Camilla Läckberg/Patrik Hedström/01 - Isprinsessan/03 - Isprinsessan.mp3
2026-09-26 10:07:33,403 INFO    ags.organize: taggar skrivna: ['album', 'artist', 'series', 'series_number', 'title', 'track', 'year']
2026-09-26 10:07:33,403 INFO    ags.organize: copy /tmp/pytest-of-user/pytest-3/test_organize_abs_structure_an0/import/CD2/spår 2.mp3 -> /tmp/pytest-of-user/pytest-3/test_organize_abs_structure_an0/abs/Camilla Läckberg/Patrik Hedström/01 - Isprinsessan/04 - Isprinsessan.mp3
2026-09-26 10:07:33,404 INFO    ags.organize: taggar skrivna: ['album', 'artist', 'series', 'series_number', 'title', 'track', 'year']
2026-09-26 10:07:33,406 INFO    ags.organize: skrev faktablad /tmp/pytest-of-user/pytest-3/test_organize_abs_structure_an0/abs/Camilla Läckberg/Patrik Hedström/01 - Isprinsessan/Isprinsessan.md
2026-09-26 10:07:33,408 INFO    ags.organize: move /tmp/pytest-of-user/pytest-3/test_organize_move_removes_sou0/a.mp3 -> /tmp/pytest-of-user/pytest-3/test_organize_move_removes_sou0/out/A/T/T.mp3
2026-09-26 10:07:33,409 INFO    ags.organize: taggar skrivna: ['artist', 'title']
2026-09-26 10:07:33,409 INFO    ags.organize: skrev faktablad /tmp/pytest-of-user/pytest-3/test_organize_move_removes_sou0/out/A/T/T.md
2026-09-26 10:07:34,427 DEBUG   ags: loggning initierad -> /home/user/audiobook-goodreads-sync/logs/ags.log
2026-09-26 10:07:34,466 DEBUG   ags.gui: laddar inställningar
2026-09-26 10:07:34,467 DEBUG   ags.gui: historikfliken uppdateras
2026-09-26 10:07:34,467 INFO    ags.ags.settings: inställningar sparade till /tmp/pytest-of-user/pytest-3/test_gui_organize_selected_ful0/settings.json
2026-09-26 10:07:34,467 INFO    ags.gui: inställningar sparade (silent=True): import='/home/user/Ljudböcker' output='/tmp/pytest-of-user/pytest-3/test_gui_organize_selected_ful0/out' flytta=False serie=True skip_done=True
2026-09-26 10:07:34,468 INFO    ags.gui: kommando: Organisera vald bok (inkl. historikrader)
2026-09-26 10:07:34,468 INFO    ags.gui: organisering begärd: 1 förslag, ask_uncertain=True, include_done=True, move=True
2026-09-26 10:07:34,468 INFO    ags.ags.settings: inställningar sparade till /tmp/pytest-of-user/pytest-3/test_gui_organize_selected_ful0/settings.json
2026-09-26 10:07:34,468 INFO    ags.gui: inställningar sparade (silent=True): import='/home/user/Ljudböcker' output='/tmp/pytest-of-user/pytest-3/test_gui_organize_selected_ful0/out' flytta=True serie=True skip_done=True
2026-09-26 10:07:34,468 INFO    ags.gui: organiserar 'The Colorado Kid' (move=True, 1 filer)
2026-09-26 10:07:34,469 INFO    ags.organize: move /tmp/pytest-of-user/pytest-3/test_gui_organize_selected_ful0/The Colorado Kid.mp3 -> /tmp/pytest-of-user/pytest-3/test_gui_organize_selected_ful0/out/Stephen King/The Colorado Kid/The Colorado Kid.mp3
2026-09-26 10:07:34,469 INFO    ags.organize: taggar skrivna: ['artist', 'title']
2026-09-26 10:07:34,470 INFO    ags.organize: skrev faktablad /tmp/pytest-of-user/pytest-3/test_gui_organize_selected_ful0/out/Stephen King/The Colorado Kid/The Colorado Kid.md
2026-09-26 10:07:34,470 INFO    ags.engine: historik: 'The Colorado Kid' klar -> /tmp/pytest-of-user/pytest-3/test_gui_organize_selected_ful0/out/Stephen King/The Colorado Kid
2026-09-26 10:07:34,470 INFO    ags.gui: organiserar klar för 'The Colorado Kid': 2 åtgärder, 0 fel
2026-09-26 10:07:34,471 INFO    ags.gui: ui-status: organiserad: /tmp/pytest-of-user/pytest-3/test_gui_organize_selected_ful0/out/Stephen King/The Colorado Kid
2026-09-26 10:07:34,472 INFO    ags.gui: ui-status: organisering klar (flyttade): 1 flyttade, 0 kopierade filer
2026-09-26 10:07:34,528 DEBUG   ags.gui: laddar inställningar
2026-09-26 10:07:34,529 DEBUG   ags.gui: historikfliken uppdateras
2026-09-26 10:07:34,529 ERROR   ags.gui: KRASCH vid händelse prog
Traceback (most recent call last):
  File "/home/user/audiobook-goodreads-sync/ags/gui.py", line 807, in _poll
    self._handle_event(kind, payload)
    ~~~~~~~~~~~~~~~~~~^^^^^^^^^^^^^^^
  File "/home/user/audiobook-goodreads-sync/ags/gui.py", line 837, in _handle_event
    cur, total, label = payload
    ^^^^^^^^^^^^^^^^^
TypeError: cannot unpack non-iterable NoneType object
2026-09-26 10:07:34,578 DEBUG   ags.gui: laddar inställningar
2026-09-26 10:07:34,578 DEBUG   ags.gui: historikfliken uppdateras
2026-09-26 10:07:34,578 WARNING ags.gui: jobb 'Testjobb' HOPPAS ÖVER: ett annat jobb pågår redan
2026-09-26 10:07:34,585 INFO    ags.engine: match 'Track 01' -> 'The Green Mile — Stephen King' (0.47, ej matchad)
2026-09-26 10:07:34,585 INFO    ags.engine: matchning 'Track 01' -> ej matchad (källa=goodreads, poäng=0.47) sökfråga rensad till 'The Green Mile Stephen King'
2026-09-26 10:07:35,215 INFO    ags.engine: match "Harry Potter and the Philosopher's Stone" -> "Harry Potter and the Philosopher's Stone — J.K. Rowling [Harry Potter #1]" (1.00, matchad)
2026-09-26 10:07:35,216 INFO    ags.engine: matchning "Harry Potter and the Philosopher's Stone" -> matchad (källa=goodreads, poäng=1.00) sökfråga rensad till 'Harry Potter and the Philosopher's Stone J.K. Rowling'
2026-09-26 10:07:49,644 DEBUG   ags: loggning initierad -> /home/user/audiobook-goodreads-sync/logs/ags.log
2026-09-26 10:07:49,645 DEBUG   ags.cli: CLI start, argv=['cleanup']
2026-09-26 10:07:49,648 WARNING ags.ags.deps: beroenden saknas: tesseract (OCR-skärmbildsläget (fliken 'Skärmbild / text'))
2026-09-26 10:07:49,652 INFO    ags.ags.cleanup: cacherensning i /home/user/audiobook-goodreads-sync: 2 objekt bort (.pytest_cache, ags/__pycache__)
2026-09-26 10:07:49,652 INFO    ags.ags.cleanup: cacherensning i /home/user/audiobook-goodreads-sync: 0 objekt bort (inget att rensa)
2026-09-27 06:20:48,617 DEBUG   ags: loggning initierad -> /home/user/audiobook-goodreads-sync/logs/ags.log
2026-09-27 06:20:48,617 DEBUG   ags.cli: CLI start, argv=['match', "Harry Potter and the Philosopher's Stone", '-a', 'J.K. Rowling']
2026-09-27 06:20:48,619 WARNING ags.ags.deps: beroenden saknas: mutagen (läsa/skriva taggar i mp3/m4b/flac/ogg), tesseract (OCR-skärmbildsläget (fliken 'Skärmbild / text'))
2026-09-27 06:20:48,627 INFO    ags.ags.cleanup: cacherensning i /home/user/audiobook-goodreads-sync: 2 objekt bort (ags/__pycache__, tests/__pycache__)
2026-09-27 06:20:48,783 DEBUG   ags: loggning initierad -> /home/user/audiobook-goodreads-sync/logs/ags.log
2026-09-27 06:20:48,798 INFO    ags.engine.match: inga träffar för 'Isprinsessan Camilla Läckberg' från goodreads/bridge — provar reservkällor
2026-09-27 06:20:48,799 INFO    ags.engine.match: reservkälla gav 1 träffar för 'Isprinsessan Camilla Läckberg' (källa=openlibrary)
2026-09-27 06:20:48,803 INFO    ags.organize: copy /tmp/pytest-of-user/pytest-0/test_organize_abs_structure_an0/import/CD1/spår 1.mp3 -> /tmp/pytest-of-user/pytest-0/test_organize_abs_structure_an0/abs/Camilla Läckberg/Patrik Hedström/01 - Isprinsessan/01 - Isprinsessan.mp3
2026-09-27 06:20:48,804 INFO    ags.organize: copy /tmp/pytest-of-user/pytest-0/test_organize_abs_structure_an0/import/CD1/spår 2.mp3 -> /tmp/pytest-of-user/pytest-0/test_organize_abs_structure_an0/abs/Camilla Läckberg/Patrik Hedström/01 - Isprinsessan/02 - Isprinsessan.mp3
2026-09-27 06:20:48,804 INFO    ags.organize: copy /tmp/pytest-of-user/pytest-0/test_organize_abs_structure_an0/import/CD2/spår 1.mp3 -> /tmp/pytest-of-user/pytest-0/test_organize_abs_structure_an0/abs/Camilla Läckberg/Patrik Hedström/01 - Isprinsessan/03 - Isprinsessan.mp3
2026-09-27 06:20:48,804 INFO    ags.organize: copy /tmp/pytest-of-user/pytest-0/test_organize_abs_structure_an0/import/CD2/spår 2.mp3 -> /tmp/pytest-of-user/pytest-0/test_organize_abs_structure_an0/abs/Camilla Läckberg/Patrik Hedström/01 - Isprinsessan/04 - Isprinsessan.mp3
2026-09-27 06:20:48,853 INFO    ags.organize: move /tmp/pytest-of-user/pytest-0/test_organize_move_removes_sou0/a.mp3 -> /tmp/pytest-of-user/pytest-0/test_organize_move_removes_sou0/out/A/T/T.mp3
2026-09-27 06:20:49,563 DEBUG   ags: loggning initierad -> /home/user/audiobook-goodreads-sync/logs/ags.log
2026-09-27 06:20:49,576 INFO    ags.engine: match 'Track 01' -> 'The Green Mile — Stephen King' (0.86, behöver koll)
2026-09-27 06:20:49,576 INFO    ags.engine: matchning 'Track 01' -> behöver koll (källa=goodreads, poäng=0.86) sökfråga rensad till 'The Green Mile Stephen King'
2026-09-27 06:20:50,296 INFO    ags.engine: match "Harry Potter and the Philosopher's Stone" -> "Harry Potter and the Philosopher's Stone — J.K. Rowling [Harry Potter #1]" (1.00, matchad)
2026-09-27 06:20:50,296 INFO    ags.engine: matchning "Harry Potter and the Philosopher's Stone" -> matchad (källa=goodreads, poäng=1.00) sökfråga rensad till 'x J.K. Rowling'
2026-09-27 06:21:41,821 DEBUG   ags: loggning initierad -> /home/user/audiobook-goodreads-sync/logs/ags.log
2026-09-27 06:21:41,821 DEBUG   ags.cli: CLI start, argv=['match', "Harry Potter and the Philosopher's Stone", '-a', 'J.K. Rowling']
2026-09-27 06:21:41,823 WARNING ags.ags.deps: beroenden saknas: tesseract (OCR-skärmbildsläget (fliken 'Skärmbild / text'))
2026-09-27 06:21:41,831 INFO    ags.ags.cleanup: cacherensning i /home/user/audiobook-goodreads-sync: 3 objekt bort (.pytest_cache, ags/__pycache__, tests/__pycache__)
2026-09-27 06:21:41,871 DEBUG   ags: loggning initierad -> /home/user/audiobook-goodreads-sync/logs/ags.log
2026-09-27 06:21:41,879 INFO    ags.engine.match: inga träffar för 'Isprinsessan Camilla Läckberg' från goodreads/bridge — provar reservkällor
2026-09-27 06:21:41,879 INFO    ags.engine.match: reservkälla gav 1 träffar för 'Isprinsessan Camilla Läckberg' (källa=openlibrary)
2026-09-27 06:21:41,911 INFO    ags.organize: copy /tmp/pytest-of-user/pytest-3/test_organize_abs_structure_an0/import/CD1/spår 1.mp3 -> /tmp/pytest-of-user/pytest-3/test_organize_abs_structure_an0/abs/Camilla Läckberg/Patrik Hedström/01 - Isprinsessan/01 - Isprinsessan.mp3
2026-09-27 06:21:41,921 INFO    ags.organize: taggar skrivna: ['album', 'artist', 'series', 'series_number', 'title', 'track', 'year']
2026-09-27 06:21:41,921 INFO    ags.organize: copy /tmp/pytest-of-user/pytest-3/test_organize_abs_structure_an0/import/CD1/spår 2.mp3 -> /tmp/pytest-of-user/pytest-3/test_organize_abs_structure_an0/abs/Camilla Läckberg/Patrik Hedström/01 - Isprinsessan/02 - Isprinsessan.mp3
2026-09-27 06:21:41,922 INFO    ags.organize: taggar skrivna: ['album', 'artist', 'series', 'series_number', 'title', 'track', 'year']
2026-09-27 06:21:41,922 INFO    ags.organize: copy /tmp/pytest-of-user/pytest-3/test_organize_abs_structure_an0/import/CD2/spår 1.mp3 -> /tmp/pytest-of-user/pytest-3/test_organize_abs_structure_an0/abs/Camilla Läckberg/Patrik Hedström/01 - Isprinsessan/03 - Isprinsessan.mp3
2026-09-27 06:21:41,922 INFO    ags.organize: taggar skrivna: ['album', 'artist', 'series', 'series_number', 'title', 'track', 'year']
2026-09-27 06:21:41,922 INFO    ags.organize: copy /tmp/pytest-of-user/pytest-3/test_organize_abs_structure_an0/import/CD2/spår 2.mp3 -> /tmp/pytest-of-user/pytest-3/test_organize_abs_structure_an0/abs/Camilla Läckberg/Patrik Hedström/01 - Isprinsessan/04 - Isprinsessan.mp3
2026-09-27 06:21:41,923 INFO    ags.organize: taggar skrivna: ['album', 'artist', 'series', 'series_number', 'title', 'track', 'year']
2026-09-27 06:21:41,925 INFO    ags.organize: skrev faktablad /tmp/pytest-of-user/pytest-3/test_organize_abs_structure_an0/abs/Camilla Läckberg/Patrik Hedström/01 - Isprinsessan/Isprinsessan.md
2026-09-27 06:21:41,928 INFO    ags.organize: move /tmp/pytest-of-user/pytest-3/test_organize_move_removes_sou0/a.mp3 -> /tmp/pytest-of-user/pytest-3/test_organize_move_removes_sou0/out/A/T/T.mp3
2026-09-27 06:21:41,928 INFO    ags.organize: taggar skrivna: ['artist', 'title']
2026-09-27 06:21:41,929 INFO    ags.organize: skrev faktablad /tmp/pytest-of-user/pytest-3/test_organize_move_removes_sou0/out/A/T/T.md
2026-09-27 06:21:42,398 DEBUG   ags: loggning initierad -> /home/user/audiobook-goodreads-sync/logs/ags.log
2026-09-27 06:21:42,411 INFO    ags.engine: match 'Track 01' -> 'The Green Mile — Stephen King' (0.86, behöver koll)
2026-09-27 06:21:42,411 INFO    ags.engine: matchning 'Track 01' -> behöver koll (källa=goodreads, poäng=0.86) sökfråga rensad till 'The Green Mile Stephen King'
2026-09-27 06:21:43,002 INFO    ags.engine: match "Harry Potter and the Philosopher's Stone" -> "Harry Potter and the Philosopher's Stone — J.K. Rowling [Harry Potter #1]" (1.00, matchad)
2026-09-27 06:21:43,003 INFO    ags.engine: matchning "Harry Potter and the Philosopher's Stone" -> matchad (källa=goodreads, poäng=1.00) sökfråga rensad till 'x J.K. Rowling'
2026-09-27 06:21:52,708 DEBUG   ags: loggning initierad -> /home/user/audiobook-goodreads-sync/logs/ags.log
2026-09-27 06:21:52,709 DEBUG   ags.cli: CLI start, argv=['match', "Harry Potter and the Philosopher's Stone", '-a', 'J.K. Rowling']
2026-09-27 06:21:52,711 WARNING ags.ags.deps: beroenden saknas: tesseract (OCR-skärmbildsläget (fliken 'Skärmbild / text'))
2026-09-27 06:21:52,718 INFO    ags.ags.cleanup: cacherensning i /home/user/audiobook-goodreads-sync: 3 objekt bort (.pytest_cache, ags/__pycache__, tests/__pycache__)
2026-09-27 06:21:52,759 DEBUG   ags: loggning initierad -> /home/user/audiobook-goodreads-sync/logs/ags.log
2026-09-27 06:21:52,768 INFO    ags.engine.match: inga träffar för 'Isprinsessan Camilla Läckberg' från goodreads/bridge — provar reservkällor
2026-09-27 06:21:52,768 INFO    ags.engine.match: reservkälla gav 1 träffar för 'Isprinsessan Camilla Läckberg' (källa=openlibrary)
2026-09-27 06:21:52,807 INFO    ags.organize: copy /tmp/pytest-of-user/pytest-4/test_organize_abs_structure_an0/import/CD1/spår 1.mp3 -> /tmp/pytest-of-user/pytest-4/test_organize_abs_structure_an0/abs/Camilla Läckberg/Patrik Hedström/01 - Isprinsessan/01 - Isprinsessan.mp3
2026-09-27 06:21:52,808 INFO    ags.organize: taggar skrivna: ['album', 'artist', 'series', 'series_number', 'title', 'track', 'year']
2026-09-27 06:21:52,808 INFO    ags.organize: copy /tmp/pytest-of-user/pytest-4/test_organize_abs_structure_an0/import/CD1/spår 2.mp3 -> /tmp/pytest-of-user/pytest-4/test_organize_abs_structure_an0/abs/Camilla Läckberg/Patrik Hedström/01 - Isprinsessan/02 - Isprinsessan.mp3
2026-09-27 06:21:52,809 INFO    ags.organize: taggar skrivna: ['album', 'artist', 'series', 'series_number', 'title', 'track', 'year']
2026-09-27 06:21:52,809 INFO    ags.organize: copy /tmp/pytest-of-user/pytest-4/test_organize_abs_structure_an0/import/CD2/spår 1.mp3 -> /tmp/pytest-of-user/pytest-4/test_organize_abs_structure_an0/abs/Camilla Läckberg/Patrik Hedström/01 - Isprinsessan/03 - Isprinsessan.mp3
2026-09-27 06:21:52,809 INFO    ags.organize: taggar skrivna: ['album', 'artist', 'series', 'series_number', 'title', 'track', 'year']
2026-09-27 06:21:52,810 INFO    ags.organize: copy /tmp/pytest-of-user/pytest-4/test_organize_abs_structure_an0/import/CD2/spår 2.mp3 -> /tmp/pytest-of-user/pytest-4/test_organize_abs_structure_an0/abs/Camilla Läckberg/Patrik Hedström/01 - Isprinsessan/04 - Isprinsessan.mp3
2026-09-27 06:21:52,810 INFO    ags.organize: taggar skrivna: ['album', 'artist', 'series', 'series_number', 'title', 'track', 'year']
2026-09-27 06:21:52,813 INFO    ags.organize: skrev faktablad /tmp/pytest-of-user/pytest-4/test_organize_abs_structure_an0/abs/Camilla Läckberg/Patrik Hedström/01 - Isprinsessan/Isprinsessan.md
2026-09-27 06:21:52,815 INFO    ags.organize: move /tmp/pytest-of-user/pytest-4/test_organize_move_removes_sou0/a.mp3 -> /tmp/pytest-of-user/pytest-4/test_organize_move_removes_sou0/out/A/T/T.mp3
2026-09-27 06:21:52,816 INFO    ags.organize: taggar skrivna: ['artist', 'title']
2026-09-27 06:21:52,816 INFO    ags.organize: skrev faktablad /tmp/pytest-of-user/pytest-4/test_organize_move_removes_sou0/out/A/T/T.md
2026-09-27 06:21:53,290 DEBUG   ags: loggning initierad -> /home/user/audiobook-goodreads-sync/logs/ags.log
2026-09-27 06:21:53,303 INFO    ags.engine: match 'Track 01' -> 'The Green Mile — Stephen King' (0.86, behöver koll)
2026-09-27 06:21:53,303 INFO    ags.engine: matchning 'Track 01' -> behöver koll (källa=goodreads, poäng=0.86) sökfråga rensad till 'The Green Mile Stephen King'
2026-09-27 06:21:53,919 INFO    ags.engine: match "Harry Potter and the Philosopher's Stone" -> "Harry Potter and the Philosopher's Stone — J.K. Rowling [Harry Potter #1]" (1.00, matchad)
2026-09-27 06:21:53,920 INFO    ags.engine: matchning "Harry Potter and the Philosopher's Stone" -> matchad (källa=goodreads, poäng=1.00) sökfråga rensad till 'x J.K. Rowling'
2026-09-27 06:21:54,918 DEBUG   ags: loggning initierad -> /home/user/audiobook-goodreads-sync/logs/ags.log
2026-09-27 06:21:54,919 DEBUG   ags.cli: CLI start, argv=['match', "Harry Potter and the Philosopher's Stone", '-a', 'J.K. Rowling']
2026-09-27 06:21:54,921 WARNING ags.ags.deps: beroenden saknas: tesseract (OCR-skärmbildsläget (fliken 'Skärmbild / text'))
2026-09-27 06:21:54,928 INFO    ags.ags.cleanup: cacherensning i /home/user/audiobook-goodreads-sync: 3 objekt bort (.pytest_cache, ags/__pycache__, tests/__pycache__)
2026-09-27 06:21:54,970 DEBUG   ags: loggning initierad -> /home/user/audiobook-goodreads-sync/logs/ags.log
2026-09-27 06:21:54,982 INFO    ags.engine.match: inga träffar för 'Isprinsessan Camilla Läckberg' från goodreads/bridge — provar reservkällor
2026-09-27 06:21:54,983 INFO    ags.engine.match: reservkälla gav 1 träffar för 'Isprinsessan Camilla Läckberg' (källa=openlibrary)
2026-09-27 06:21:55,017 INFO    ags.organize: copy /tmp/pytest-of-user/pytest-5/test_organize_abs_structure_an0/import/CD1/spår 1.mp3 -> /tmp/pytest-of-user/pytest-5/test_organize_abs_structure_an0/abs/Camilla Läckberg/Patrik Hedström/01 - Isprinsessan/01 - Isprinsessan.mp3
2026-09-27 06:21:55,018 INFO    ags.organize: taggar skrivna: ['album', 'artist', 'series', 'series_number', 'title', 'track', 'year']
2026-09-27 06:21:55,018 INFO    ags.organize: copy /tmp/pytest-of-user/pytest-5/test_organize_abs_structure_an0/import/CD1/spår 2.mp3 -> /tmp/pytest-of-user/pytest-5/test_organize_abs_structure_an0/abs/Camilla Läckberg/Patrik Hedström/01 - Isprinsessan/02 - Isprinsessan.mp3
2026-09-27 06:21:55,019 INFO    ags.organize: taggar skrivna: ['album', 'artist', 'series', 'series_number', 'title', 'track', 'year']
2026-09-27 06:21:55,019 INFO    ags.organize: copy /tmp/pytest-of-user/pytest-5/test_organize_abs_structure_an0/import/CD2/spår 1.mp3 -> /tmp/pytest-of-user/pytest-5/test_organize_abs_structure_an0/abs/Camilla Läckberg/Patrik Hedström/01 - Isprinsessan/03 - Isprinsessan.mp3
2026-09-27 06:21:55,019 INFO    ags.organize: taggar skrivna: ['album', 'artist', 'series', 'series_number', 'title', 'track', 'year']
2026-09-27 06:21:55,019 INFO    ags.organize: copy /tmp/pytest-of-user/pytest-5/test_organize_abs_structure_an0/import/CD2/spår 2.mp3 -> /tmp/pytest-of-user/pytest-5/test_organize_abs_structure_an0/abs/Camilla Läckberg/Patrik Hedström/01 - Isprinsessan/04 - Isprinsessan.mp3
2026-09-27 06:21:55,020 INFO    ags.organize: taggar skrivna: ['album', 'artist', 'series', 'series_number', 'title', 'track', 'year']
2026-09-27 06:21:55,023 INFO    ags.organize: skrev faktablad /tmp/pytest-of-user/pytest-5/test_organize_abs_structure_an0/abs/Camilla Läckberg/Patrik Hedström/01 - Isprinsessan/Isprinsessan.md
2026-09-27 06:21:55,025 INFO    ags.organize: move /tmp/pytest-of-user/pytest-5/test_organize_move_removes_sou0/a.mp3 -> /tmp/pytest-of-user/pytest-5/test_organize_move_removes_sou0/out/A/T/T.mp3
2026-09-27 06:21:55,025 INFO    ags.organize: taggar skrivna: ['artist', 'title']
2026-09-27 06:21:55,026 INFO    ags.organize: skrev faktablad /tmp/pytest-of-user/pytest-5/test_organize_move_removes_sou0/out/A/T/T.md
2026-09-27 06:21:55,499 DEBUG   ags: loggning initierad -> /home/user/audiobook-goodreads-sync/logs/ags.log
2026-09-27 06:21:55,514 INFO    ags.engine: match 'Track 01' -> 'The Green Mile — Stephen King' (0.86, behöver koll)
2026-09-27 06:21:55,514 INFO    ags.engine: matchning 'Track 01' -> behöver koll (källa=goodreads, poäng=0.86) sökfråga rensad till 'The Green Mile Stephen King'
2026-09-27 06:21:56,136 INFO    ags.engine: match "Harry Potter and the Philosopher's Stone" -> "Harry Potter and the Philosopher's Stone — J.K. Rowling [Harry Potter #1]" (1.00, matchad)
2026-09-27 06:21:56,137 INFO    ags.engine: matchning "Harry Potter and the Philosopher's Stone" -> matchad (källa=goodreads, poäng=1.00) sökfråga rensad till 'x J.K. Rowling'
2026-09-27 06:22:00,598 DEBUG   ags: loggning initierad -> /home/user/audiobook-goodreads-sync/logs/ags.log
2026-09-27 06:22:00,598 DEBUG   ags.cli: CLI start, argv=['match', "Harry Potter and the Philosopher's Stone", '-a', 'J.K. Rowling']
2026-09-27 06:22:00,601 WARNING ags.ags.deps: beroenden saknas: tesseract (OCR-skärmbildsläget (fliken 'Skärmbild / text'))
2026-09-27 06:22:00,608 INFO    ags.ags.cleanup: cacherensning i /home/user/audiobook-goodreads-sync: 3 objekt bort (.pytest_cache, ags/__pycache__, tests/__pycache__)
2026-09-27 06:22:00,649 DEBUG   ags: loggning initierad -> /home/user/audiobook-goodreads-sync/logs/ags.log
2026-09-27 06:22:00,659 INFO    ags.engine.match: inga träffar för 'Isprinsessan Camilla Läckberg' från goodreads/bridge — provar reservkällor
2026-09-27 06:22:00,659 INFO    ags.engine.match: reservkälla gav 1 träffar för 'Isprinsessan Camilla Läckberg' (källa=openlibrary)
2026-09-27 06:22:00,692 INFO    ags.organize: copy /tmp/pytest-of-user/pytest-6/test_organize_abs_structure_an0/import/CD1/spår 1.mp3 -> /tmp/pytest-of-user/pytest-6/test_organize_abs_structure_an0/abs/Camilla Läckberg/Patrik Hedström/01 - Isprinsessan/01 - Isprinsessan.mp3
2026-09-27 06:22:00,694 INFO    ags.organize: taggar skrivna: ['album', 'artist', 'series', 'series_number', 'title', 'track', 'year']
2026-09-27 06:22:00,694 INFO    ags.organize: copy /tmp/pytest-of-user/pytest-6/test_organize_abs_structure_an0/import/CD1/spår 2.mp3 -> /tmp/pytest-of-user/pytest-6/test_organize_abs_structure_an0/abs/Camilla Läckberg/Patrik Hedström/01 - Isprinsessan/02 - Isprinsessan.mp3
2026-09-27 06:22:00,694 INFO    ags.organize: taggar skrivna: ['album', 'artist', 'series', 'series_number', 'title', 'track', 'year']
2026-09-27 06:22:00,694 INFO    ags.organize: copy /tmp/pytest-of-user/pytest-6/test_organize_abs_structure_an0/import/CD2/spår 1.mp3 -> /tmp/pytest-of-user/pytest-6/test_organize_abs_structure_an0/abs/Camilla Läckberg/Patrik Hedström/01 - Isprinsessan/03 - Isprinsessan.mp3
2026-09-27 06:22:00,695 INFO    ags.organize: taggar skrivna: ['album', 'artist', 'series', 'series_number', 'title', 'track', 'year']
2026-09-27 06:22:00,695 INFO    ags.organize: copy /tmp/pytest-of-user/pytest-6/test_organize_abs_structure_an0/import/CD2/spår 2.mp3 -> /tmp/pytest-of-user/pytest-6/test_organize_abs_structure_an0/abs/Camilla Läckberg/Patrik Hedström/01 - Isprinsessan/04 - Isprinsessan.mp3
2026-09-27 06:22:00,696 INFO    ags.organize: taggar skrivna: ['album', 'artist', 'series', 'series_number', 'title', 'track', 'year']
2026-09-27 06:22:00,698 INFO    ags.organize: skrev faktablad /tmp/pytest-of-user/pytest-6/test_organize_abs_structure_an0/abs/Camilla Läckberg/Patrik Hedström/01 - Isprinsessan/Isprinsessan.md
2026-09-27 06:22:00,701 INFO    ags.organize: move /tmp/pytest-of-user/pytest-6/test_organize_move_removes_sou0/a.mp3 -> /tmp/pytest-of-user/pytest-6/test_organize_move_removes_sou0/out/A/T/T.mp3
2026-09-27 06:22:00,701 INFO    ags.organize: taggar skrivna: ['artist', 'title']
2026-09-27 06:22:00,701 INFO    ags.organize: skrev faktablad /tmp/pytest-of-user/pytest-6/test_organize_move_removes_sou0/out/A/T/T.md
2026-09-27 06:22:01,198 DEBUG   ags: loggning initierad -> /home/user/audiobook-goodreads-sync/logs/ags.log
2026-09-27 06:22:01,212 INFO    ags.engine: match 'Track 01' -> 'The Green Mile — Stephen King' (0.86, behöver koll)
2026-09-27 06:22:01,213 INFO    ags.engine: matchning 'Track 01' -> behöver koll (källa=goodreads, poäng=0.86) sökfråga rensad till 'The Green Mile Stephen King'
2026-09-27 06:22:01,876 INFO    ags.engine: match "Harry Potter and the Philosopher's Stone" -> "Harry Potter and the Philosopher's Stone — J.K. Rowling [Harry Potter #1]" (1.00, matchad)
2026-09-27 06:22:01,877 INFO    ags.engine: matchning "Harry Potter and the Philosopher's Stone" -> matchad (källa=goodreads, poäng=1.00) sökfråga rensad till 'x J.K. Rowling'
2026-09-27 06:22:24,596 DEBUG   ags: loggning initierad -> /home/user/audiobook-goodreads-sync/logs/ags.log
2026-09-27 06:22:24,596 DEBUG   ags.cli: CLI start, argv=['match', "Harry Potter and the Philosopher's Stone", '-a', 'J.K. Rowling']
2026-09-27 06:22:24,598 WARNING ags.ags.deps: beroenden saknas: tesseract (OCR-skärmbildsläget (fliken 'Skärmbild / text'))
2026-09-27 06:22:24,606 INFO    ags.ags.cleanup: cacherensning i /home/user/audiobook-goodreads-sync: 3 objekt bort (.pytest_cache, ags/__pycache__, tests/__pycache__)
2026-09-27 06:22:24,646 DEBUG   ags: loggning initierad -> /home/user/audiobook-goodreads-sync/logs/ags.log
2026-09-27 06:22:24,655 INFO    ags.engine.match: inga träffar för 'Isprinsessan Camilla Läckberg' från goodreads/bridge — provar reservkällor
2026-09-27 06:22:24,655 INFO    ags.engine.match: reservkälla gav 1 träffar för 'Isprinsessan Camilla Läckberg' (källa=openlibrary)
2026-09-27 06:22:24,689 INFO    ags.organize: copy /tmp/pytest-of-user/pytest-8/test_organize_abs_structure_an0/import/CD1/spår 1.mp3 -> /tmp/pytest-of-user/pytest-8/test_organize_abs_structure_an0/abs/Camilla Läckberg/Patrik Hedström/01 - Isprinsessan/01 - Isprinsessan.mp3
2026-09-27 06:22:24,691 INFO    ags.organize: taggar skrivna: ['album', 'artist', 'series', 'series_number', 'title', 'track', 'year']
2026-09-27 06:22:24,691 INFO    ags.organize: copy /tmp/pytest-of-user/pytest-8/test_organize_abs_structure_an0/import/CD1/spår 2.mp3 -> /tmp/pytest-of-user/pytest-8/test_organize_abs_structure_an0/abs/Camilla Läckberg/Patrik Hedström/01 - Isprinsessan/02 - Isprinsessan.mp3
2026-09-27 06:22:24,691 INFO    ags.organize: taggar skrivna: ['album', 'artist', 'series', 'series_number', 'title', 'track', 'year']
2026-09-27 06:22:24,691 INFO    ags.organize: copy /tmp/pytest-of-user/pytest-8/test_organize_abs_structure_an0/import/CD2/spår 1.mp3 -> /tmp/pytest-of-user/pytest-8/test_organize_abs_structure_an0/abs/Camilla Läckberg/Patrik Hedström/01 - Isprinsessan/03 - Isprinsessan.mp3
2026-09-27 06:22:24,692 INFO    ags.organize: taggar skrivna: ['album', 'artist', 'series', 'series_number', 'title', 'track', 'year']
2026-09-27 06:22:24,692 INFO    ags.organize: copy /tmp/pytest-of-user/pytest-8/test_organize_abs_structure_an0/import/CD2/spår 2.mp3 -> /tmp/pytest-of-user/pytest-8/test_organize_abs_structure_an0/abs/Camilla Läckberg/Patrik Hedström/01 - Isprinsessan/04 - Isprinsessan.mp3
2026-09-27 06:22:24,693 INFO    ags.organize: taggar skrivna: ['album', 'artist', 'series', 'series_number', 'title', 'track', 'year']
2026-09-27 06:22:24,695 INFO    ags.organize: skrev faktablad /tmp/pytest-of-user/pytest-8/test_organize_abs_structure_an0/abs/Camilla Läckberg/Patrik Hedström/01 - Isprinsessan/Isprinsessan.md
2026-09-27 06:22:24,697 INFO    ags.organize: move /tmp/pytest-of-user/pytest-8/test_organize_move_removes_sou0/a.mp3 -> /tmp/pytest-of-user/pytest-8/test_organize_move_removes_sou0/out/A/T/T.mp3
2026-09-27 06:22:24,698 INFO    ags.organize: taggar skrivna: ['artist', 'title']
2026-09-27 06:22:24,698 INFO    ags.organize: skrev faktablad /tmp/pytest-of-user/pytest-8/test_organize_move_removes_sou0/out/A/T/T.md
2026-09-27 06:22:25,155 DEBUG   ags: loggning initierad -> /home/user/audiobook-goodreads-sync/logs/ags.log
2026-09-27 06:22:25,167 INFO    ags.engine: match 'Track 01' -> 'The Green Mile — Stephen King' (0.86, behöver koll)
2026-09-27 06:22:25,167 INFO    ags.engine: matchning 'Track 01' -> behöver koll (källa=goodreads, poäng=0.86) sökfråga rensad till 'The Green Mile Stephen King'
2026-09-27 06:22:25,747 INFO    ags.engine: match "Harry Potter and the Philosopher's Stone" -> "Harry Potter and the Philosopher's Stone — J.K. Rowling [Harry Potter #1]" (1.00, matchad)
2026-09-27 06:22:25,747 INFO    ags.engine: matchning "Harry Potter and the Philosopher's Stone" -> matchad (källa=goodreads, poäng=1.00) sökfråga rensad till 'x J.K. Rowling'
2026-09-27 06:22:40,376 DEBUG   ags: loggning initierad -> /home/user/audiobook-goodreads-sync/logs/ags.log
2026-09-27 06:22:40,376 DEBUG   ags.cli: CLI start, argv=['cleanup']
2026-09-27 06:22:40,381 WARNING ags.ags.deps: beroenden saknas: tesseract (OCR-skärmbildsläget (fliken 'Skärmbild / text'))
2026-09-27 06:22:40,384 INFO    ags.ags.cleanup: cacherensning i /home/user/audiobook-goodreads-sync: 2 objekt bort (.pytest_cache, ags/__pycache__)
2026-09-27 06:22:40,384 INFO    ags.ags.cleanup: cacherensning i /home/user/audiobook-goodreads-sync: 0 objekt bort (inget att rensa)
2026-09-27 06:22:41,316 DEBUG   ags: loggning initierad -> /home/user/audiobook-goodreads-sync/logs/ags.log
2026-09-27 06:22:41,317 DEBUG   ags.cli: CLI start, argv=['match', "Harry Potter and the Philosopher's Stone", '-a', 'J.K. Rowling']
2026-09-27 06:22:41,319 WARNING ags.ags.deps: beroenden saknas: tesseract (OCR-skärmbildsläget (fliken 'Skärmbild / text'))
2026-09-27 06:22:41,326 INFO    ags.ags.cleanup: cacherensning i /home/user/audiobook-goodreads-sync: 2 objekt bort (ags/__pycache__, tests/__pycache__)
2026-09-27 06:22:41,371 DEBUG   ags: loggning initierad -> /home/user/audiobook-goodreads-sync/logs/ags.log
2026-09-27 06:22:41,379 INFO    ags.engine.match: inga träffar för 'Isprinsessan Camilla Läckberg' från goodreads/bridge — provar reservkällor
2026-09-27 06:22:41,379 INFO    ags.engine.match: reservkälla gav 1 träffar för 'Isprinsessan Camilla Läckberg' (källa=openlibrary)
2026-09-27 06:22:41,407 INFO    ags.organize: copy /tmp/pytest-of-user/pytest-9/test_organize_abs_structure_an0/import/CD1/spår 1.mp3 -> /tmp/pytest-of-user/pytest-9/test_organize_abs_structure_an0/abs/Camilla Läckberg/Patrik Hedström/01 - Isprinsessan/01 - Isprinsessan.mp3
2026-09-27 06:22:41,408 INFO    ags.organize: taggar skrivna: ['album', 'artist', 'series', 'series_number', 'title', 'track', 'year']
2026-09-27 06:22:41,408 INFO    ags.organize: copy /tmp/pytest-of-user/pytest-9/test_organize_abs_structure_an0/import/CD1/spår 2.mp3 -> /tmp/pytest-of-user/pytest-9/test_organize_abs_structure_an0/abs/Camilla Läckberg/Patrik Hedström/01 - Isprinsessan/02 - Isprinsessan.mp3
2026-09-27 06:22:41,409 INFO    ags.organize: taggar skrivna: ['album', 'artist', 'series', 'series_number', 'title', 'track', 'year']
2026-09-27 06:22:41,409 INFO    ags.organize: copy /tmp/pytest-of-user/pytest-9/test_organize_abs_structure_an0/import/CD2/spår 1.mp3 -> /tmp/pytest-of-user/pytest-9/test_organize_abs_structure_an0/abs/Camilla Läckberg/Patrik Hedström/01 - Isprinsessan/03 - Isprinsessan.mp3
2026-09-27 06:22:41,409 INFO    ags.organize: taggar skrivna: ['album', 'artist', 'series', 'series_number', 'title', 'track', 'year']
2026-09-27 06:22:41,409 INFO    ags.organize: copy /tmp/pytest-of-user/pytest-9/test_organize_abs_structure_an0/import/CD2/spår 2.mp3 -> /tmp/pytest-of-user/pytest-9/test_organize_abs_structure_an0/abs/Camilla Läckberg/Patrik Hedström/01 - Isprinsessan/04 - Isprinsessan.mp3
2026-09-27 06:22:41,410 INFO    ags.organize: taggar skrivna: ['album', 'artist', 'series', 'series_number', 'title', 'track', 'year']
2026-09-27 06:22:41,412 INFO    ags.organize: skrev faktablad /tmp/pytest-of-user/pytest-9/test_organize_abs_structure_an0/abs/Camilla Läckberg/Patrik Hedström/01 - Isprinsessan/Isprinsessan.md
2026-09-27 06:22:41,414 INFO    ags.organize: move /tmp/pytest-of-user/pytest-9/test_organize_move_removes_sou0/a.mp3 -> /tmp/pytest-of-user/pytest-9/test_organize_move_removes_sou0/out/A/T/T.mp3
2026-09-27 06:22:41,415 INFO    ags.organize: taggar skrivna: ['artist', 'title']
2026-09-27 06:22:41,415 INFO    ags.organize: skrev faktablad /tmp/pytest-of-user/pytest-9/test_organize_move_removes_sou0/out/A/T/T.md
2026-09-27 06:22:41,865 DEBUG   ags: loggning initierad -> /home/user/audiobook-goodreads-sync/logs/ags.log
2026-09-27 06:22:41,876 INFO    ags.engine: match 'Track 01' -> 'The Green Mile — Stephen King' (0.86, behöver koll)
2026-09-27 06:22:41,876 INFO    ags.engine: matchning 'Track 01' -> behöver koll (källa=goodreads, poäng=0.86) sökfråga rensad till 'The Green Mile Stephen King'
2026-09-27 06:22:42,463 INFO    ags.engine: match "Harry Potter and the Philosopher's Stone" -> "Harry Potter and the Philosopher's Stone — J.K. Rowling [Harry Potter #1]" (1.00, matchad)
2026-09-27 06:22:42,464 INFO    ags.engine: matchning "Harry Potter and the Philosopher's Stone" -> matchad (källa=goodreads, poäng=1.00) sökfråga rensad till 'x J.K. Rowling'
2026-09-27 07:51:17,618 DEBUG   ags: loggning initierad -> /home/user/audiobook-goodreads-sync/logs/ags.log
2026-09-27 07:51:17,619 DEBUG   ags.cli: CLI start, argv=['match', "Harry Potter and the Philosopher's Stone", '-a', 'J.K. Rowling']
2026-09-27 07:51:17,621 WARNING ags.ags.deps: beroenden saknas: mutagen (läsa/skriva taggar i mp3/m4b/flac/ogg), tesseract (OCR-skärmbildsläget (fliken 'Skärmbild / text'))
2026-09-27 07:51:17,628 INFO    ags.ags.cleanup: cacherensning i /home/user/audiobook-goodreads-sync: 2 objekt bort (ags/__pycache__, tests/__pycache__)
2026-09-27 07:51:17,870 DEBUG   ags: loggning initierad -> /home/user/audiobook-goodreads-sync/logs/ags.log
2026-09-27 07:51:17,899 INFO    ags.engine.match: inga träffar för 'Isprinsessan Camilla Läckberg' från goodreads/bridge — provar reservkällor
2026-09-27 07:51:17,900 INFO    ags.engine.match: reservkälla gav 1 träffar för 'Isprinsessan Camilla Läckberg' (källa=openlibrary)
2026-09-27 07:51:17,908 INFO    ags.organize: copy /tmp/pytest-of-user/pytest-0/test_organize_abs_structure_an0/import/CD1/spår 1.mp3 -> /tmp/pytest-of-user/pytest-0/test_organize_abs_structure_an0/abs/Camilla Läckberg/Patrik Hedström/01 - Isprinsessan/01 - Isprinsessan.mp3
2026-09-27 07:51:17,909 INFO    ags.organize: copy /tmp/pytest-of-user/pytest-0/test_organize_abs_structure_an0/import/CD1/spår 2.mp3 -> /tmp/pytest-of-user/pytest-0/test_organize_abs_structure_an0/abs/Camilla Läckberg/Patrik Hedström/01 - Isprinsessan/02 - Isprinsessan.mp3
2026-09-27 07:51:17,909 INFO    ags.organize: copy /tmp/pytest-of-user/pytest-0/test_organize_abs_structure_an0/import/CD2/spår 1.mp3 -> /tmp/pytest-of-user/pytest-0/test_organize_abs_structure_an0/abs/Camilla Läckberg/Patrik Hedström/01 - Isprinsessan/03 - Isprinsessan.mp3
2026-09-27 07:51:17,910 INFO    ags.organize: copy /tmp/pytest-of-user/pytest-0/test_organize_abs_structure_an0/import/CD2/spår 2.mp3 -> /tmp/pytest-of-user/pytest-0/test_organize_abs_structure_an0/abs/Camilla Läckberg/Patrik Hedström/01 - Isprinsessan/04 - Isprinsessan.mp3
2026-09-27 07:51:18,044 INFO    ags.organize: move /tmp/pytest-of-user/pytest-0/test_organize_move_removes_sou0/a.mp3 -> /tmp/pytest-of-user/pytest-0/test_organize_move_removes_sou0/out/A/T/T.mp3
2026-09-27 07:51:18,924 DEBUG   ags: loggning initierad -> /home/user/audiobook-goodreads-sync/logs/ags.log
2026-09-27 07:51:18,936 INFO    ags.engine: match 'Track 01' -> 'The Green Mile — Stephen King' (0.86, behöver koll)
2026-09-27 07:51:18,936 INFO    ags.engine: matchning 'Track 01' -> behöver koll (källa=goodreads, poäng=0.86) sökfråga rensad till 'The Green Mile Stephen King'
2026-09-27 07:51:19,680 INFO    ags.engine: match "Harry Potter and the Philosopher's Stone" -> "Harry Potter and the Philosopher's Stone — J.K. Rowling [Harry Potter #1]" (1.00, matchad)
2026-09-27 07:51:19,680 INFO    ags.engine: matchning "Harry Potter and the Philosopher's Stone" -> matchad (källa=goodreads, poäng=1.00) sökfråga rensad till 'x J.K. Rowling'
2026-09-27 07:51:25,230 DEBUG   ags: loggning initierad -> /home/user/audiobook-goodreads-sync/logs/ags.log
2026-09-27 07:51:25,230 DEBUG   ags.cli: CLI start, argv=['match', "Harry Potter and the Philosopher's Stone", '-a', 'J.K. Rowling']
2026-09-27 07:51:25,233 WARNING ags.ags.deps: beroenden saknas: tesseract (OCR-skärmbildsläget (fliken 'Skärmbild / text'))
2026-09-27 07:51:25,240 INFO    ags.ags.cleanup: cacherensning i /home/user/audiobook-goodreads-sync: 3 objekt bort (.pytest_cache, ags/__pycache__, tests/__pycache__)
2026-09-27 07:51:25,287 DEBUG   ags: loggning initierad -> /home/user/audiobook-goodreads-sync/logs/ags.log
2026-09-27 07:51:25,296 INFO    ags.engine.match: inga träffar för 'Isprinsessan Camilla Läckberg' från goodreads/bridge — provar reservkällor
2026-09-27 07:51:25,296 INFO    ags.engine.match: reservkälla gav 1 träffar för 'Isprinsessan Camilla Läckberg' (källa=openlibrary)
2026-09-27 07:51:25,325 INFO    ags.organize: copy /tmp/pytest-of-user/pytest-1/test_organize_abs_structure_an0/import/CD1/spår 1.mp3 -> /tmp/pytest-of-user/pytest-1/test_organize_abs_structure_an0/abs/Camilla Läckberg/Patrik Hedström/01 - Isprinsessan/01 - Isprinsessan.mp3
2026-09-27 07:51:25,328 INFO    ags.organize: taggar skrivna: ['album', 'artist', 'series', 'series_number', 'title', 'track', 'year']
2026-09-27 07:51:25,328 INFO    ags.organize: copy /tmp/pytest-of-user/pytest-1/test_organize_abs_structure_an0/import/CD1/spår 2.mp3 -> /tmp/pytest-of-user/pytest-1/test_organize_abs_structure_an0/abs/Camilla Läckberg/Patrik Hedström/01 - Isprinsessan/02 - Isprinsessan.mp3
2026-09-27 07:51:25,329 INFO    ags.organize: taggar skrivna: ['album', 'artist', 'series', 'series_number', 'title', 'track', 'year']
2026-09-27 07:51:25,329 INFO    ags.organize: copy /tmp/pytest-of-user/pytest-1/test_organize_abs_structure_an0/import/CD2/spår 1.mp3 -> /tmp/pytest-of-user/pytest-1/test_organize_abs_structure_an0/abs/Camilla Läckberg/Patrik Hedström/01 - Isprinsessan/03 - Isprinsessan.mp3
2026-09-27 07:51:25,330 INFO    ags.organize: taggar skrivna: ['album', 'artist', 'series', 'series_number', 'title', 'track', 'year']
2026-09-27 07:51:25,330 INFO    ags.organize: copy /tmp/pytest-of-user/pytest-1/test_organize_abs_structure_an0/import/CD2/spår 2.mp3 -> /tmp/pytest-of-user/pytest-1/test_organize_abs_structure_an0/abs/Camilla Läckberg/Patrik Hedström/01 - Isprinsessan/04 - Isprinsessan.mp3
2026-09-27 07:51:25,331 INFO    ags.organize: taggar skrivna: ['album', 'artist', 'series', 'series_number', 'title', 'track', 'year']
2026-09-27 07:51:25,333 INFO    ags.organize: skrev faktablad /tmp/pytest-of-user/pytest-1/test_organize_abs_structure_an0/abs/Camilla Läckberg/Patrik Hedström/01 - Isprinsessan/Isprinsessan.md
2026-09-27 07:51:25,336 INFO    ags.organize: move /tmp/pytest-of-user/pytest-1/test_organize_move_removes_sou0/a.mp3 -> /tmp/pytest-of-user/pytest-1/test_organize_move_removes_sou0/out/A/T/T.mp3
2026-09-27 07:51:25,336 INFO    ags.organize: taggar skrivna: ['artist', 'title']
2026-09-27 07:51:25,337 INFO    ags.organize: skrev faktablad /tmp/pytest-of-user/pytest-1/test_organize_move_removes_sou0/out/A/T/T.md
2026-09-27 07:51:25,889 DEBUG   ags: loggning initierad -> /home/user/audiobook-goodreads-sync/logs/ags.log
2026-09-27 07:51:25,904 INFO    ags.engine: match 'Track 01' -> 'The Green Mile — Stephen King' (0.86, behöver koll)
2026-09-27 07:51:25,905 INFO    ags.engine: matchning 'Track 01' -> behöver koll (källa=goodreads, poäng=0.86) sökfråga rensad till 'The Green Mile Stephen King'
2026-09-27 07:51:26,878 INFO    ags.engine: match "Harry Potter and the Philosopher's Stone" -> "Harry Potter and the Philosopher's Stone — J.K. Rowling [Harry Potter #1]" (1.00, matchad)
2026-09-27 07:51:26,879 INFO    ags.engine: matchning "Harry Potter and the Philosopher's Stone" -> matchad (källa=goodreads, poäng=1.00) sökfråga rensad till 'x J.K. Rowling'
2026-09-27 07:51:44,278 DEBUG   ags: loggning initierad -> /home/user/audiobook-goodreads-sync/logs/ags.log
2026-09-27 07:51:44,278 DEBUG   ags.cli: CLI start, argv=['match', "Harry Potter and the Philosopher's Stone", '-a', 'J.K. Rowling']
2026-09-27 07:51:44,281 WARNING ags.ags.deps: beroenden saknas: tesseract (OCR-skärmbildsläget (fliken 'Skärmbild / text'))
2026-09-27 07:51:44,289 INFO    ags.ags.cleanup: cacherensning i /home/user/audiobook-goodreads-sync: 3 objekt bort (.pytest_cache, ags/__pycache__, tests/__pycache__)
2026-09-27 07:51:44,332 DEBUG   ags: loggning initierad -> /home/user/audiobook-goodreads-sync/logs/ags.log
2026-09-27 07:51:44,340 INFO    ags.engine.match: inga träffar för 'Isprinsessan Camilla Läckberg' från goodreads/bridge — provar reservkällor
2026-09-27 07:51:44,340 INFO    ags.engine.match: reservkälla gav 1 träffar för 'Isprinsessan Camilla Läckberg' (källa=openlibrary)
2026-09-27 07:51:44,375 INFO    ags.organize: copy /tmp/pytest-of-user/pytest-3/test_organize_abs_structure_an0/import/CD1/spår 1.mp3 -> /tmp/pytest-of-user/pytest-3/test_organize_abs_structure_an0/abs/Camilla Läckberg/Patrik Hedström/01 - Isprinsessan/01 - Isprinsessan.mp3
2026-09-27 07:51:44,376 INFO    ags.organize: taggar skrivna: ['album', 'artist', 'series', 'series_number', 'title', 'track', 'year']
2026-09-27 07:51:44,376 INFO    ags.organize: copy /tmp/pytest-of-user/pytest-3/test_organize_abs_structure_an0/import/CD1/spår 2.mp3 -> /tmp/pytest-of-user/pytest-3/test_organize_abs_structure_an0/abs/Camilla Läckberg/Patrik Hedström/01 - Isprinsessan/02 - Isprinsessan.mp3
2026-09-27 07:51:44,377 INFO    ags.organize: taggar skrivna: ['album', 'artist', 'series', 'series_number', 'title', 'track', 'year']
2026-09-27 07:51:44,377 INFO    ags.organize: copy /tmp/pytest-of-user/pytest-3/test_organize_abs_structure_an0/import/CD2/spår 1.mp3 -> /tmp/pytest-of-user/pytest-3/test_organize_abs_structure_an0/abs/Camilla Läckberg/Patrik Hedström/01 - Isprinsessan/03 - Isprinsessan.mp3
2026-09-27 07:51:44,378 INFO    ags.organize: taggar skrivna: ['album', 'artist', 'series', 'series_number', 'title', 'track', 'year']
2026-09-27 07:51:44,378 INFO    ags.organize: copy /tmp/pytest-of-user/pytest-3/test_organize_abs_structure_an0/import/CD2/spår 2.mp3 -> /tmp/pytest-of-user/pytest-3/test_organize_abs_structure_an0/abs/Camilla Läckberg/Patrik Hedström/01 - Isprinsessan/04 - Isprinsessan.mp3
2026-09-27 07:51:44,379 INFO    ags.organize: taggar skrivna: ['album', 'artist', 'series', 'series_number', 'title', 'track', 'year']
2026-09-27 07:51:44,382 INFO    ags.organize: skrev faktablad /tmp/pytest-of-user/pytest-3/test_organize_abs_structure_an0/abs/Camilla Läckberg/Patrik Hedström/01 - Isprinsessan/Isprinsessan.md
2026-09-27 07:51:44,386 INFO    ags.organize: move /tmp/pytest-of-user/pytest-3/test_organize_move_removes_sou0/a.mp3 -> /tmp/pytest-of-user/pytest-3/test_organize_move_removes_sou0/out/A/T/T.mp3
2026-09-27 07:51:44,387 INFO    ags.organize: taggar skrivna: ['artist', 'title']
2026-09-27 07:51:44,387 INFO    ags.organize: skrev faktablad /tmp/pytest-of-user/pytest-3/test_organize_move_removes_sou0/out/A/T/T.md
2026-09-27 07:51:44,938 DEBUG   ags: loggning initierad -> /home/user/audiobook-goodreads-sync/logs/ags.log
2026-09-27 07:51:44,949 INFO    ags.engine: match 'Track 01' -> 'The Green Mile — Stephen King' (0.86, behöver koll)
2026-09-27 07:51:44,949 INFO    ags.engine: matchning 'Track 01' -> behöver koll (källa=goodreads, poäng=0.86) sökfråga rensad till 'The Green Mile Stephen King'
2026-09-27 07:51:44,970 INFO    ags.organize: copy /tmp/pytest-of-user/pytest-3/test_organize_writes_track_num0/input/disc1_1.mp3 -> /tmp/pytest-of-user/pytest-3/test_organize_writes_track_num0/out/Förf/Serie/01 - Titel/01 - Titel.mp3
2026-09-27 07:51:44,971 INFO    ags.organize: taggar skrivna: ['artist', 'series', 'series_number', 'title', 'track']
2026-09-27 07:51:44,971 INFO    ags.organize: copy /tmp/pytest-of-user/pytest-3/test_organize_writes_track_num0/input/disc1_2.mp3 -> /tmp/pytest-of-user/pytest-3/test_organize_writes_track_num0/out/Förf/Serie/01 - Titel/02 - Titel.mp3
2026-09-27 07:51:44,971 INFO    ags.organize: taggar skrivna: ['artist', 'series', 'series_number', 'title', 'track']
2026-09-27 07:51:44,971 INFO    ags.organize: copy /tmp/pytest-of-user/pytest-3/test_organize_writes_track_num0/input/disc2_1.mp3 -> /tmp/pytest-of-user/pytest-3/test_organize_writes_track_num0/out/Förf/Serie/01 - Titel/03 - Titel.mp3
2026-09-27 07:51:44,972 INFO    ags.organize: taggar skrivna: ['artist', 'series', 'series_number', 'title', 'track']
2026-09-27 07:51:44,972 INFO    ags.organize: copy /tmp/pytest-of-user/pytest-3/test_organize_writes_track_num0/input/disc2_2.mp3 -> /tmp/pytest-of-user/pytest-3/test_organize_writes_track_num0/out/Förf/Serie/01 - Titel/04 - Titel.mp3
2026-09-27 07:51:44,972 INFO    ags.organize: taggar skrivna: ['artist', 'series', 'series_number', 'title', 'track']
2026-09-27 07:51:44,975 INFO    ags.organize: skrev faktablad /tmp/pytest-of-user/pytest-3/test_organize_writes_track_num0/out/Förf/Serie/01 - Titel/Titel.md
2026-09-27 07:51:45,939 INFO    ags.engine: match "Harry Potter and the Philosopher's Stone" -> "Harry Potter and the Philosopher's Stone — J.K. Rowling [Harry Potter #1]" (1.00, matchad)
2026-09-27 07:51:45,940 INFO    ags.engine: matchning "Harry Potter and the Philosopher's Stone" -> matchad (källa=goodreads, poäng=1.00) sökfråga rensad till 'x J.K. Rowling'
2026-09-27 07:52:09,199 DEBUG   ags: loggning initierad -> /home/user/audiobook-goodreads-sync/logs/ags.log
2026-09-27 07:52:09,199 DEBUG   ags.cli: CLI start, argv=['cleanup']
2026-09-27 07:52:09,203 WARNING ags.ags.deps: beroenden saknas: tesseract (OCR-skärmbildsläget (fliken 'Skärmbild / text'))
2026-09-27 07:52:09,207 INFO    ags.ags.cleanup: cacherensning i /home/user/audiobook-goodreads-sync: 2 objekt bort (.pytest_cache, ags/__pycache__)
2026-09-27 07:52:09,207 INFO    ags.ags.cleanup: cacherensning i /home/user/audiobook-goodreads-sync: 0 objekt bort (inget att rensa)
2026-09-27 07:52:10,346 DEBUG   ags: loggning initierad -> /home/user/audiobook-goodreads-sync/logs/ags.log
2026-09-27 07:52:10,346 DEBUG   ags.cli: CLI start, argv=['match', "Harry Potter and the Philosopher's Stone", '-a', 'J.K. Rowling']
2026-09-27 07:52:10,349 WARNING ags.ags.deps: beroenden saknas: tesseract (OCR-skärmbildsläget (fliken 'Skärmbild / text'))
2026-09-27 07:52:10,358 INFO    ags.ags.cleanup: cacherensning i /home/user/audiobook-goodreads-sync: 2 objekt bort (ags/__pycache__, tests/__pycache__)
2026-09-27 07:52:10,409 DEBUG   ags: loggning initierad -> /home/user/audiobook-goodreads-sync/logs/ags.log
2026-09-27 07:52:10,420 INFO    ags.engine.match: inga träffar för 'Isprinsessan Camilla Läckberg' från goodreads/bridge — provar reservkällor
2026-09-27 07:52:10,421 INFO    ags.engine.match: reservkälla gav 1 träffar för 'Isprinsessan Camilla Läckberg' (källa=openlibrary)
2026-09-27 07:52:10,453 INFO    ags.organize: copy /tmp/pytest-of-user/pytest-4/test_organize_abs_structure_an0/import/CD1/spår 1.mp3 -> /tmp/pytest-of-user/pytest-4/test_organize_abs_structure_an0/abs/Camilla Läckberg/Patrik Hedström/01 - Isprinsessan/01 - Isprinsessan.mp3
2026-09-27 07:52:10,455 INFO    ags.organize: taggar skrivna: ['album', 'artist', 'series', 'series_number', 'title', 'track', 'year']
2026-09-27 07:52:10,456 INFO    ags.organize: copy /tmp/pytest-of-user/pytest-4/test_organize_abs_structure_an0/import/CD1/spår 2.mp3 -> /tmp/pytest-of-user/pytest-4/test_organize_abs_structure_an0/abs/Camilla Läckberg/Patrik Hedström/01 - Isprinsessan/02 - Isprinsessan.mp3
2026-09-27 07:52:10,456 INFO    ags.organize: taggar skrivna: ['album', 'artist', 'series', 'series_number', 'title', 'track', 'year']
2026-09-27 07:52:10,456 INFO    ags.organize: copy /tmp/pytest-of-user/pytest-4/test_organize_abs_structure_an0/import/CD2/spår 1.mp3 -> /tmp/pytest-of-user/pytest-4/test_organize_abs_structure_an0/abs/Camilla Läckberg/Patrik Hedström/01 - Isprinsessan/03 - Isprinsessan.mp3
2026-09-27 07:52:10,457 INFO    ags.organize: taggar skrivna: ['album', 'artist', 'series', 'series_number', 'title', 'track', 'year']
2026-09-27 07:52:10,457 INFO    ags.organize: copy /tmp/pytest-of-user/pytest-4/test_organize_abs_structure_an0/import/CD2/spår 2.mp3 -> /tmp/pytest-of-user/pytest-4/test_organize_abs_structure_an0/abs/Camilla Läckberg/Patrik Hedström/01 - Isprinsessan/04 - Isprinsessan.mp3
2026-09-27 07:52:10,458 INFO    ags.organize: taggar skrivna: ['album', 'artist', 'series', 'series_number', 'title', 'track', 'year']
2026-09-27 07:52:10,461 INFO    ags.organize: skrev faktablad /tmp/pytest-of-user/pytest-4/test_organize_abs_structure_an0/abs/Camilla Läckberg/Patrik Hedström/01 - Isprinsessan/Isprinsessan.md
2026-09-27 07:52:10,465 INFO    ags.organize: move /tmp/pytest-of-user/pytest-4/test_organize_move_removes_sou0/a.mp3 -> /tmp/pytest-of-user/pytest-4/test_organize_move_removes_sou0/out/A/T/T.mp3
2026-09-27 07:52:10,465 INFO    ags.organize: taggar skrivna: ['artist', 'title']
2026-09-27 07:52:10,465 INFO    ags.organize: skrev faktablad /tmp/pytest-of-user/pytest-4/test_organize_move_removes_sou0/out/A/T/T.md
2026-09-27 07:52:11,178 DEBUG   ags: loggning initierad -> /home/user/audiobook-goodreads-sync/logs/ags.log
2026-09-27 07:52:11,189 INFO    ags.engine: match 'Track 01' -> 'The Green Mile — Stephen King' (0.86, behöver koll)
2026-09-27 07:52:11,189 INFO    ags.engine: matchning 'Track 01' -> behöver koll (källa=goodreads, poäng=0.86) sökfråga rensad till 'The Green Mile Stephen King'
2026-09-27 07:52:11,208 INFO    ags.organize: copy /tmp/pytest-of-user/pytest-4/test_organize_writes_track_num0/input/disc1_1.mp3 -> /tmp/pytest-of-user/pytest-4/test_organize_writes_track_num0/out/Förf/Serie/01 - Titel/01 - Titel.mp3
2026-09-27 07:52:11,208 INFO    ags.organize: taggar skrivna: ['artist', 'series', 'series_number', 'title', 'track']
2026-09-27 07:52:11,209 INFO    ags.organize: copy /tmp/pytest-of-user/pytest-4/test_organize_writes_track_num0/input/disc1_2.mp3 -> /tmp/pytest-of-user/pytest-4/test_organize_writes_track_num0/out/Förf/Serie/01 - Titel/02 - Titel.mp3
2026-09-27 07:52:11,209 INFO    ags.organize: taggar skrivna: ['artist', 'series', 'series_number', 'title', 'track']
2026-09-27 07:52:11,209 INFO    ags.organize: copy /tmp/pytest-of-user/pytest-4/test_organize_writes_track_num0/input/disc2_1.mp3 -> /tmp/pytest-of-user/pytest-4/test_organize_writes_track_num0/out/Förf/Serie/01 - Titel/03 - Titel.mp3
2026-09-27 07:52:11,210 INFO    ags.organize: taggar skrivna: ['artist', 'series', 'series_number', 'title', 'track']
2026-09-27 07:52:11,210 INFO    ags.organize: copy /tmp/pytest-of-user/pytest-4/test_organize_writes_track_num0/input/disc2_2.mp3 -> /tmp/pytest-of-user/pytest-4/test_organize_writes_track_num0/out/Förf/Serie/01 - Titel/04 - Titel.mp3
2026-09-27 07:52:11,210 INFO    ags.organize: taggar skrivna: ['artist', 'series', 'series_number', 'title', 'track']
2026-09-27 07:52:11,212 INFO    ags.organize: skrev faktablad /tmp/pytest-of-user/pytest-4/test_organize_writes_track_num0/out/Förf/Serie/01 - Titel/Titel.md
2026-09-27 07:52:11,905 INFO    ags.engine: match "Harry Potter and the Philosopher's Stone" -> "Harry Potter and the Philosopher's Stone — J.K. Rowling [Harry Potter #1]" (1.00, matchad)
2026-09-27 07:52:11,906 INFO    ags.engine: matchning "Harry Potter and the Philosopher's Stone" -> matchad (källa=goodreads, poäng=1.00) sökfråga rensad till 'x J.K. Rowling'
2026-09-27 08:03:53,958 DEBUG   ags: loggning initierad -> /home/user/audiobook-goodreads-sync/logs/ags.log
2026-09-27 08:03:53,958 DEBUG   ags.cli: CLI start, argv=['match', "Harry Potter and the Philosopher's Stone", '-a', 'J.K. Rowling']
2026-09-27 08:03:53,960 WARNING ags.ags.deps: beroenden saknas: tesseract (OCR-skärmbildsläget (fliken 'Skärmbild / text'))
2026-09-27 08:03:53,968 INFO    ags.ags.cleanup: cacherensning i /home/user/audiobook-goodreads-sync: 3 objekt bort (.pytest_cache, ags/__pycache__, tests/__pycache__)
2026-09-27 08:03:54,012 DEBUG   ags: loggning initierad -> /home/user/audiobook-goodreads-sync/logs/ags.log
2026-09-27 08:03:54,020 INFO    ags.engine.match: inga träffar för 'Isprinsessan Camilla Läckberg' från goodreads/bridge — provar reservkällor
2026-09-27 08:03:54,020 INFO    ags.engine.match: reservkälla gav 1 träffar för 'Isprinsessan Camilla Läckberg' (källa=openlibrary)
2026-09-27 08:03:54,056 INFO    ags.organize: copy /tmp/pytest-of-user/pytest-6/test_organize_abs_structure_an0/import/CD1/spår 1.mp3 -> /tmp/pytest-of-user/pytest-6/test_organize_abs_structure_an0/abs/Camilla Läckberg/Patrik Hedström/01 - Isprinsessan/01 - Isprinsessan.mp3
2026-09-27 08:03:54,058 INFO    ags.organize: taggar skrivna: ['album', 'artist', 'series', 'series_number', 'title', 'track', 'year']
2026-09-27 08:03:54,058 INFO    ags.organize: copy /tmp/pytest-of-user/pytest-6/test_organize_abs_structure_an0/import/CD1/spår 2.mp3 -> /tmp/pytest-of-user/pytest-6/test_organize_abs_structure_an0/abs/Camilla Läckberg/Patrik Hedström/01 - Isprinsessan/02 - Isprinsessan.mp3
2026-09-27 08:03:54,058 INFO    ags.organize: taggar skrivna: ['album', 'artist', 'series', 'series_number', 'title', 'track', 'year']
2026-09-27 08:03:54,059 INFO    ags.organize: copy /tmp/pytest-of-user/pytest-6/test_organize_abs_structure_an0/import/CD2/spår 1.mp3 -> /tmp/pytest-of-user/pytest-6/test_organize_abs_structure_an0/abs/Camilla Läckberg/Patrik Hedström/01 - Isprinsessan/03 - Isprinsessan.mp3
2026-09-27 08:03:54,059 INFO    ags.organize: taggar skrivna: ['album', 'artist', 'series', 'series_number', 'title', 'track', 'year']
2026-09-27 08:03:54,059 INFO    ags.organize: copy /tmp/pytest-of-user/pytest-6/test_organize_abs_structure_an0/import/CD2/spår 2.mp3 -> /tmp/pytest-of-user/pytest-6/test_organize_abs_structure_an0/abs/Camilla Läckberg/Patrik Hedström/01 - Isprinsessan/04 - Isprinsessan.mp3
2026-09-27 08:03:54,060 INFO    ags.organize: taggar skrivna: ['album', 'artist', 'series', 'series_number', 'title', 'track', 'year']
2026-09-27 08:03:54,063 INFO    ags.organize: skrev faktablad /tmp/pytest-of-user/pytest-6/test_organize_abs_structure_an0/abs/Camilla Läckberg/Patrik Hedström/01 - Isprinsessan/Isprinsessan.md
2026-09-27 08:03:54,065 INFO    ags.organize: move /tmp/pytest-of-user/pytest-6/test_organize_move_removes_sou0/a.mp3 -> /tmp/pytest-of-user/pytest-6/test_organize_move_removes_sou0/out/A/T/T.mp3
2026-09-27 08:03:54,066 INFO    ags.organize: taggar skrivna: ['artist', 'title']
2026-09-27 08:03:54,066 INFO    ags.organize: skrev faktablad /tmp/pytest-of-user/pytest-6/test_organize_move_removes_sou0/out/A/T/T.md
2026-09-27 08:03:54,578 DEBUG   ags: loggning initierad -> /home/user/audiobook-goodreads-sync/logs/ags.log
2026-09-27 08:03:54,589 INFO    ags.engine: match 'Track 01' -> 'The Green Mile — Stephen King' (0.86, behöver koll)
2026-09-27 08:03:54,589 INFO    ags.engine: matchning 'Track 01' -> behöver koll (källa=goodreads, poäng=0.86) sökfråga rensad till 'The Green Mile Stephen King'
2026-09-27 08:03:54,609 INFO    ags.organize: copy /tmp/pytest-of-user/pytest-6/test_organize_writes_track_num0/input/disc1_1.mp3 -> /tmp/pytest-of-user/pytest-6/test_organize_writes_track_num0/out/Förf/Serie/01 - Titel/01 - Titel.mp3
2026-09-27 08:03:54,609 INFO    ags.organize: taggar skrivna: ['artist', 'series', 'series_number', 'title', 'track']
2026-09-27 08:03:54,609 INFO    ags.organize: copy /tmp/pytest-of-user/pytest-6/test_organize_writes_track_num0/input/disc1_2.mp3 -> /tmp/pytest-of-user/pytest-6/test_organize_writes_track_num0/out/Förf/Serie/01 - Titel/02 - Titel.mp3
2026-09-27 08:03:54,610 INFO    ags.organize: taggar skrivna: ['artist', 'series', 'series_number', 'title', 'track']
2026-09-27 08:03:54,610 INFO    ags.organize: copy /tmp/pytest-of-user/pytest-6/test_organize_writes_track_num0/input/disc2_1.mp3 -> /tmp/pytest-of-user/pytest-6/test_organize_writes_track_num0/out/Förf/Serie/01 - Titel/03 - Titel.mp3
2026-09-27 08:03:54,610 INFO    ags.organize: taggar skrivna: ['artist', 'series', 'series_number', 'title', 'track']
2026-09-27 08:03:54,611 INFO    ags.organize: copy /tmp/pytest-of-user/pytest-6/test_organize_writes_track_num0/input/disc2_2.mp3 -> /tmp/pytest-of-user/pytest-6/test_organize_writes_track_num0/out/Förf/Serie/01 - Titel/04 - Titel.mp3
2026-09-27 08:03:54,611 INFO    ags.organize: taggar skrivna: ['artist', 'series', 'series_number', 'title', 'track']
2026-09-27 08:03:54,613 INFO    ags.organize: skrev faktablad /tmp/pytest-of-user/pytest-6/test_organize_writes_track_num0/out/Förf/Serie/01 - Titel/Titel.md
2026-09-27 08:03:54,617 INFO    ags.organize: rensade tom källmapp /tmp/pytest-of-user/pytest-6/test_move_is_verified_and_save0/källa/Fjällbacka 01 - Isprinsessan
2026-09-27 08:03:54,617 INFO    ags.organize: rensade tom källmapp /tmp/pytest-of-user/pytest-6/test_move_is_verified_and_save0/källa
2026-09-27 08:03:54,617 INFO    ags.organize: move /tmp/pytest-of-user/pytest-6/test_move_is_verified_and_save0/källa/Fjällbacka 01 - Isprinsessan/01 - Isprinsessan.mp3 -> /tmp/pytest-of-user/pytest-6/test_move_is_verified_and_save0/out/Camilla Läckberg/Fjällbacka/01 - Isprinsessan/Isprinsessan.mp3
2026-09-27 08:03:54,617 INFO    ags.organize: taggar skrivna: ['artist', 'series', 'series_number', 'title']
2026-09-27 08:03:54,618 INFO    ags.organize: skrev faktablad /tmp/pytest-of-user/pytest-6/test_move_is_verified_and_save0/out/Camilla Läckberg/Fjällbacka/01 - Isprinsessan/Isprinsessan.md
2026-09-27 08:03:54,619 INFO    ags.organize: copy /tmp/pytest-of-user/pytest-6/test_copy_keeps_source0/a.mp3 -> /tmp/pytest-of-user/pytest-6/test_copy_keeps_source0/out/A/T/T.mp3
2026-09-27 08:03:54,620 INFO    ags.organize: taggar skrivna: ['artist', 'title']
2026-09-27 08:03:54,620 INFO    ags.organize: skrev faktablad /tmp/pytest-of-user/pytest-6/test_copy_keeps_source0/out/A/T/T.md
2026-09-27 08:03:54,621 INFO    ags.organize: copy /tmp/pytest-of-user/pytest-6/test_move_overwrites_with_back0/src/b.mp3 -> /tmp/pytest-of-user/pytest-6/test_move_overwrites_with_back0/out/A/B/B.mp3
2026-09-27 08:03:54,622 INFO    ags.organize: taggar skrivna: ['artist', 'title']
2026-09-27 08:03:54,622 INFO    ags.organize: skrev faktablad /tmp/pytest-of-user/pytest-6/test_move_overwrites_with_back0/out/A/B/B.md
2026-09-27 08:03:54,622 INFO    ags.organize: tog bort gammal backup /tmp/pytest-of-user/pytest-6/test_move_overwrites_with_back0/out/A/B/B.mp3.över
2026-09-27 08:03:54,622 INFO    ags.organize: rensade tom källmapp /tmp/pytest-of-user/pytest-6/test_move_overwrites_with_back0/src2
2026-09-27 08:03:54,622 INFO    ags.organize: move /tmp/pytest-of-user/pytest-6/test_move_overwrites_with_back0/src2/b.mp3 -> /tmp/pytest-of-user/pytest-6/test_move_overwrites_with_back0/out/A/B/B.mp3
2026-09-27 08:03:54,623 INFO    ags.organize: taggar skrivna: ['artist', 'title']
2026-09-27 08:03:54,623 INFO    ags.organize: skrev faktablad /tmp/pytest-of-user/pytest-6/test_move_overwrites_with_back0/out/A/B/B.md
2026-09-27 08:03:54,625 ERROR   ags.organize: för lite utrymme: behöver 2097152, har 1048576
2026-09-27 08:03:55,218 INFO    ags.engine: match "Harry Potter and the Philosopher's Stone" -> "Harry Potter and the Philosopher's Stone — J.K. Rowling [Harry Potter #1]" (1.00, matchad)
2026-09-27 08:03:55,219 INFO    ags.engine: matchning "Harry Potter and the Philosopher's Stone" -> matchad (källa=goodreads, poäng=1.00) sökfråga rensad till 'x J.K. Rowling'
2026-09-27 08:04:00,099 DEBUG   ags: loggning initierad -> /home/user/audiobook-goodreads-sync/logs/ags.log
2026-09-27 08:04:00,099 DEBUG   ags.cli: CLI start, argv=['cleanup']
2026-09-27 08:04:00,105 WARNING ags.ags.deps: beroenden saknas: tesseract (OCR-skärmbildsläget (fliken 'Skärmbild / text'))
2026-09-27 08:04:00,110 INFO    ags.ags.cleanup: cacherensning i /home/user/audiobook-goodreads-sync: 2 objekt bort (.pytest_cache, ags/__pycache__)
2026-09-27 08:04:00,110 INFO    ags.ags.cleanup: cacherensning i /home/user/audiobook-goodreads-sync: 0 objekt bort (inget att rensa)
2026-09-27 08:26:19,778 DEBUG   ags: loggning initierad -> /home/user/audiobook-goodreads-sync/logs/ags.log
2026-09-27 08:26:19,779 DEBUG   ags.cli: CLI start, argv=['match', "Harry Potter and the Philosopher's Stone", '-a', 'J.K. Rowling']
2026-09-27 08:26:19,781 WARNING ags.ags.deps: beroenden saknas: tesseract (OCR-skärmbildsläget (fliken 'Skärmbild / text'))
2026-09-27 08:26:19,788 INFO    ags.ags.cleanup: cacherensning i /home/user/audiobook-goodreads-sync: 2 objekt bort (ags/__pycache__, tests/__pycache__)
2026-09-27 08:26:19,831 DEBUG   ags: loggning initierad -> /home/user/audiobook-goodreads-sync/logs/ags.log
2026-09-27 08:26:19,839 INFO    ags.engine.match: inga träffar för 'Isprinsessan Camilla Läckberg' från goodreads/bridge — provar reservkällor
2026-09-27 08:26:19,839 INFO    ags.engine.match: reservkälla gav 1 träffar för 'Isprinsessan Camilla Läckberg' (källa=openlibrary)
2026-09-27 08:26:19,868 INFO    ags.organize: copy /tmp/pytest-of-user/pytest-7/test_organize_abs_structure_an0/import/CD1/spår 1.mp3 -> /tmp/pytest-of-user/pytest-7/test_organize_abs_structure_an0/abs/Camilla Läckberg/Patrik Hedström/01 - Isprinsessan/01 - Isprinsessan.mp3
2026-09-27 08:26:19,869 INFO    ags.organize: taggar skrivna: ['album', 'artist', 'series', 'series_number', 'title', 'track', 'year']
2026-09-27 08:26:19,869 INFO    ags.organize: copy /tmp/pytest-of-user/pytest-7/test_organize_abs_structure_an0/import/CD1/spår 2.mp3 -> /tmp/pytest-of-user/pytest-7/test_organize_abs_structure_an0/abs/Camilla Läckberg/Patrik Hedström/01 - Isprinsessan/02 - Isprinsessan.mp3
2026-09-27 08:26:19,870 INFO    ags.organize: taggar skrivna: ['album', 'artist', 'series', 'series_number', 'title', 'track', 'year']
2026-09-27 08:26:19,870 INFO    ags.organize: copy /tmp/pytest-of-user/pytest-7/test_organize_abs_structure_an0/import/CD2/spår 1.mp3 -> /tmp/pytest-of-user/pytest-7/test_organize_abs_structure_an0/abs/Camilla Läckberg/Patrik Hedström/01 - Isprinsessan/03 - Isprinsessan.mp3
2026-09-27 08:26:19,870 INFO    ags.organize: taggar skrivna: ['album', 'artist', 'series', 'series_number', 'title', 'track', 'year']
2026-09-27 08:26:19,871 INFO    ags.organize: copy /tmp/pytest-of-user/pytest-7/test_organize_abs_structure_an0/import/CD2/spår 2.mp3 -> /tmp/pytest-of-user/pytest-7/test_organize_abs_structure_an0/abs/Camilla Läckberg/Patrik Hedström/01 - Isprinsessan/04 - Isprinsessan.mp3
2026-09-27 08:26:19,871 INFO    ags.organize: taggar skrivna: ['album', 'artist', 'series', 'series_number', 'title', 'track', 'year']
2026-09-27 08:26:19,877 INFO    ags.organize: skrev faktablad /tmp/pytest-of-user/pytest-7/test_organize_abs_structure_an0/abs/Camilla Läckberg/Patrik Hedström/01 - Isprinsessan/Isprinsessan.md
2026-09-27 08:26:19,882 INFO    ags.organize: move /tmp/pytest-of-user/pytest-7/test_organize_move_removes_sou0/a.mp3 -> /tmp/pytest-of-user/pytest-7/test_organize_move_removes_sou0/out/A/T/T.mp3
2026-09-27 08:26:19,883 INFO    ags.organize: taggar skrivna: ['artist', 'title']
2026-09-27 08:26:19,883 INFO    ags.organize: skrev faktablad /tmp/pytest-of-user/pytest-7/test_organize_move_removes_sou0/out/A/T/T.md
2026-09-27 08:26:20,352 DEBUG   ags: loggning initierad -> /home/user/audiobook-goodreads-sync/logs/ags.log
2026-09-27 08:26:20,363 INFO    ags.engine: match 'Track 01' -> 'The Green Mile — Stephen King' (0.86, behöver koll)
2026-09-27 08:26:20,363 INFO    ags.engine: matchning 'Track 01' -> behöver koll (källa=goodreads, poäng=0.86) sökfråga rensad till 'The Green Mile Stephen King'
2026-09-27 08:26:20,381 INFO    ags.organize: copy /tmp/pytest-of-user/pytest-7/test_organize_writes_track_num0/input/disc1_1.mp3 -> /tmp/pytest-of-user/pytest-7/test_organize_writes_track_num0/out/Förf/Serie/01 - Titel/01 - Titel.mp3
2026-09-27 08:26:20,382 INFO    ags.organize: taggar skrivna: ['artist', 'series', 'series_number', 'title', 'track']
2026-09-27 08:26:20,382 INFO    ags.organize: copy /tmp/pytest-of-user/pytest-7/test_organize_writes_track_num0/input/disc1_2.mp3 -> /tmp/pytest-of-user/pytest-7/test_organize_writes_track_num0/out/Förf/Serie/01 - Titel/02 - Titel.mp3
2026-09-27 08:26:20,382 INFO    ags.organize: taggar skrivna: ['artist', 'series', 'series_number', 'title', 'track']
2026-09-27 08:26:20,382 INFO    ags.organize: copy /tmp/pytest-of-user/pytest-7/test_organize_writes_track_num0/input/disc2_1.mp3 -> /tmp/pytest-of-user/pytest-7/test_organize_writes_track_num0/out/Förf/Serie/01 - Titel/03 - Titel.mp3
2026-09-27 08:26:20,383 INFO    ags.organize: taggar skrivna: ['artist', 'series', 'series_number', 'title', 'track']
2026-09-27 08:26:20,383 INFO    ags.organize: copy /tmp/pytest-of-user/pytest-7/test_organize_writes_track_num0/input/disc2_2.mp3 -> /tmp/pytest-of-user/pytest-7/test_organize_writes_track_num0/out/Förf/Serie/01 - Titel/04 - Titel.mp3
2026-09-27 08:26:20,383 INFO    ags.organize: taggar skrivna: ['artist', 'series', 'series_number', 'title', 'track']
2026-09-27 08:26:20,385 INFO    ags.organize: skrev faktablad /tmp/pytest-of-user/pytest-7/test_organize_writes_track_num0/out/Förf/Serie/01 - Titel/Titel.md
2026-09-27 08:26:20,389 INFO    ags.organize: rensade tom källmapp /tmp/pytest-of-user/pytest-7/test_move_is_verified_and_save0/källa/Fjällbacka 01 - Isprinsessan
2026-09-27 08:26:20,389 INFO    ags.organize: rensade tom källmapp /tmp/pytest-of-user/pytest-7/test_move_is_verified_and_save0/källa
2026-09-27 08:26:20,389 INFO    ags.organize: move /tmp/pytest-of-user/pytest-7/test_move_is_verified_and_save0/källa/Fjällbacka 01 - Isprinsessan/01 - Isprinsessan.mp3 -> /tmp/pytest-of-user/pytest-7/test_move_is_verified_and_save0/out/Camilla Läckberg/Fjällbacka/01 - Isprinsessan/Isprinsessan.mp3
2026-09-27 08:26:20,389 INFO    ags.organize: taggar skrivna: ['artist', 'series', 'series_number', 'title']
2026-09-27 08:26:20,390 INFO    ags.organize: skrev faktablad /tmp/pytest-of-user/pytest-7/test_move_is_verified_and_save0/out/Camilla Läckberg/Fjällbacka/01 - Isprinsessan/Isprinsessan.md
2026-09-27 08:26:20,392 INFO    ags.organize: copy /tmp/pytest-of-user/pytest-7/test_copy_keeps_source0/a.mp3 -> /tmp/pytest-of-user/pytest-7/test_copy_keeps_source0/out/A/T/T.mp3
2026-09-27 08:26:20,392 INFO    ags.organize: taggar skrivna: ['artist', 'title']
2026-09-27 08:26:20,393 INFO    ags.organize: skrev faktablad /tmp/pytest-of-user/pytest-7/test_copy_keeps_source0/out/A/T/T.md
2026-09-27 08:26:20,394 INFO    ags.organize: copy /tmp/pytest-of-user/pytest-7/test_move_overwrites_with_back0/src/b.mp3 -> /tmp/pytest-of-user/pytest-7/test_move_overwrites_with_back0/out/A/B/B.mp3
2026-09-27 08:26:20,394 INFO    ags.organize: taggar skrivna: ['artist', 'title']
2026-09-27 08:26:20,395 INFO    ags.organize: skrev faktablad /tmp/pytest-of-user/pytest-7/test_move_overwrites_with_back0/out/A/B/B.md
2026-09-27 08:26:20,395 INFO    ags.organize: tog bort gammal backup /tmp/pytest-of-user/pytest-7/test_move_overwrites_with_back0/out/A/B/B.mp3.över
2026-09-27 08:26:20,395 INFO    ags.organize: rensade tom källmapp /tmp/pytest-of-user/pytest-7/test_move_overwrites_with_back0/src2
2026-09-27 08:26:20,395 INFO    ags.organize: move /tmp/pytest-of-user/pytest-7/test_move_overwrites_with_back0/src2/b.mp3 -> /tmp/pytest-of-user/pytest-7/test_move_overwrites_with_back0/out/A/B/B.mp3
2026-09-27 08:26:20,395 INFO    ags.organize: taggar skrivna: ['artist', 'title']
2026-09-27 08:26:20,396 INFO    ags.organize: skrev faktablad /tmp/pytest-of-user/pytest-7/test_move_overwrites_with_back0/out/A/B/B.md
2026-09-27 08:26:20,398 ERROR   ags.organize: för lite utrymme: behöver 2097152, har 1048576
2026-09-27 08:26:21,029 INFO    ags.engine: match "Harry Potter and the Philosopher's Stone" -> "Harry Potter and the Philosopher's Stone — J.K. Rowling [Harry Potter #1]" (1.00, matchad)
2026-09-27 08:26:21,029 INFO    ags.engine: matchning "Harry Potter and the Philosopher's Stone" -> matchad (källa=goodreads, poäng=1.00) sökfråga rensad till 'x J.K. Rowling'
2026-09-27 08:26:24,351 DEBUG   ags: loggning initierad -> /home/user/audiobook-goodreads-sync/logs/ags.log
2026-09-27 08:26:24,351 DEBUG   ags.cli: CLI start, argv=['refresh', '-h']
2026-09-27 08:26:24,355 WARNING ags.ags.deps: beroenden saknas: tesseract (OCR-skärmbildsläget (fliken 'Skärmbild / text'))
2026-09-27 08:27:38,416 DEBUG   ags: loggning initierad -> /home/user/audiobook-goodreads-sync/logs/ags.log
2026-09-27 08:27:38,416 DEBUG   ags.cli: CLI start, argv=['match', "Harry Potter and the Philosopher's Stone", '-a', 'J.K. Rowling']
2026-09-27 08:27:38,417 WARNING ags.ags.deps: beroenden saknas: tesseract (OCR-skärmbildsläget (fliken 'Skärmbild / text'))
2026-09-27 08:27:38,424 INFO    ags.ags.cleanup: cacherensning i /home/user/audiobook-goodreads-sync: 3 objekt bort (.pytest_cache, ags/__pycache__, tests/__pycache__)
2026-09-27 08:27:38,463 DEBUG   ags: loggning initierad -> /home/user/audiobook-goodreads-sync/logs/ags.log
2026-09-27 08:27:38,472 INFO    ags.engine.match: inga träffar för 'Isprinsessan Camilla Läckberg' från goodreads/bridge — provar reservkällor
2026-09-27 08:27:38,473 INFO    ags.engine.match: reservkälla gav 1 träffar för 'Isprinsessan Camilla Läckberg' (källa=openlibrary)
2026-09-27 08:27:38,500 INFO    ags.organize: copy /tmp/pytest-of-user/pytest-8/test_organize_abs_structure_an0/import/CD1/spår 1.mp3 -> /tmp/pytest-of-user/pytest-8/test_organize_abs_structure_an0/abs/Camilla Läckberg/Patrik Hedström/01 - Isprinsessan/01 - Isprinsessan.mp3
2026-09-27 08:27:38,502 INFO    ags.organize: taggar skrivna: ['album', 'artist', 'series', 'series_number', 'title', 'track', 'year']
2026-09-27 08:27:38,502 INFO    ags.organize: copy /tmp/pytest-of-user/pytest-8/test_organize_abs_structure_an0/import/CD1/spår 2.mp3 -> /tmp/pytest-of-user/pytest-8/test_organize_abs_structure_an0/abs/Camilla Läckberg/Patrik Hedström/01 - Isprinsessan/02 - Isprinsessan.mp3
2026-09-27 08:27:38,503 INFO    ags.organize: taggar skrivna: ['album', 'artist', 'series', 'series_number', 'title', 'track', 'year']
2026-09-27 08:27:38,503 INFO    ags.organize: copy /tmp/pytest-of-user/pytest-8/test_organize_abs_structure_an0/import/CD2/spår 1.mp3 -> /tmp/pytest-of-user/pytest-8/test_organize_abs_structure_an0/abs/Camilla Läckberg/Patrik Hedström/01 - Isprinsessan/03 - Isprinsessan.mp3
2026-09-27 08:27:38,503 INFO    ags.organize: taggar skrivna: ['album', 'artist', 'series', 'series_number', 'title', 'track', 'year']
2026-09-27 08:27:38,504 INFO    ags.organize: copy /tmp/pytest-of-user/pytest-8/test_organize_abs_structure_an0/import/CD2/spår 2.mp3 -> /tmp/pytest-of-user/pytest-8/test_organize_abs_structure_an0/abs/Camilla Läckberg/Patrik Hedström/01 - Isprinsessan/04 - Isprinsessan.mp3
2026-09-27 08:27:38,504 INFO    ags.organize: taggar skrivna: ['album', 'artist', 'series', 'series_number', 'title', 'track', 'year']
2026-09-27 08:27:38,508 INFO    ags.organize: skrev faktablad /tmp/pytest-of-user/pytest-8/test_organize_abs_structure_an0/abs/Camilla Läckberg/Patrik Hedström/01 - Isprinsessan/Isprinsessan.md
2026-09-27 08:27:38,511 INFO    ags.organize: move /tmp/pytest-of-user/pytest-8/test_organize_move_removes_sou0/a.mp3 -> /tmp/pytest-of-user/pytest-8/test_organize_move_removes_sou0/out/A/T/T.mp3
2026-09-27 08:27:38,512 INFO    ags.organize: taggar skrivna: ['artist', 'title']
2026-09-27 08:27:38,512 INFO    ags.organize: skrev faktablad /tmp/pytest-of-user/pytest-8/test_organize_move_removes_sou0/out/A/T/T.md
2026-09-27 08:27:38,962 DEBUG   ags: loggning initierad -> /home/user/audiobook-goodreads-sync/logs/ags.log
2026-09-27 08:27:38,974 INFO    ags.engine: match 'Track 01' -> 'The Green Mile — Stephen King' (0.86, behöver koll)
2026-09-27 08:27:38,974 INFO    ags.engine: matchning 'Track 01' -> behöver koll (källa=goodreads, poäng=0.86) sökfråga rensad till 'The Green Mile Stephen King'
2026-09-27 08:27:38,992 INFO    ags.organize: copy /tmp/pytest-of-user/pytest-8/test_organize_writes_track_num0/input/disc1_1.mp3 -> /tmp/pytest-of-user/pytest-8/test_organize_writes_track_num0/out/Förf/Serie/01 - Titel/01 - Titel.mp3
2026-09-27 08:27:38,993 INFO    ags.organize: taggar skrivna: ['artist', 'series', 'series_number', 'title', 'track']
2026-09-27 08:27:38,993 INFO    ags.organize: copy /tmp/pytest-of-user/pytest-8/test_organize_writes_track_num0/input/disc1_2.mp3 -> /tmp/pytest-of-user/pytest-8/test_organize_writes_track_num0/out/Förf/Serie/01 - Titel/02 - Titel.mp3
2026-09-27 08:27:38,993 INFO    ags.organize: taggar skrivna: ['artist', 'series', 'series_number', 'title', 'track']
2026-09-27 08:27:38,993 INFO    ags.organize: copy /tmp/pytest-of-user/pytest-8/test_organize_writes_track_num0/input/disc2_1.mp3 -> /tmp/pytest-of-user/pytest-8/test_organize_writes_track_num0/out/Förf/Serie/01 - Titel/03 - Titel.mp3
2026-09-27 08:27:38,994 INFO    ags.organize: taggar skrivna: ['artist', 'series', 'series_number', 'title', 'track']
2026-09-27 08:27:38,994 INFO    ags.organize: copy /tmp/pytest-of-user/pytest-8/test_organize_writes_track_num0/input/disc2_2.mp3 -> /tmp/pytest-of-user/pytest-8/test_organize_writes_track_num0/out/Förf/Serie/01 - Titel/04 - Titel.mp3
2026-09-27 08:27:38,994 INFO    ags.organize: taggar skrivna: ['artist', 'series', 'series_number', 'title', 'track']
2026-09-27 08:27:38,996 INFO    ags.organize: skrev faktablad /tmp/pytest-of-user/pytest-8/test_organize_writes_track_num0/out/Förf/Serie/01 - Titel/Titel.md
2026-09-27 08:27:39,000 INFO    ags.organize: rensade tom källmapp /tmp/pytest-of-user/pytest-8/test_move_is_verified_and_save0/källa/Fjällbacka 01 - Isprinsessan
2026-09-27 08:27:39,000 INFO    ags.organize: rensade tom källmapp /tmp/pytest-of-user/pytest-8/test_move_is_verified_and_save0/källa
2026-09-27 08:27:39,000 INFO    ags.organize: move /tmp/pytest-of-user/pytest-8/test_move_is_verified_and_save0/källa/Fjällbacka 01 - Isprinsessan/01 - Isprinsessan.mp3 -> /tmp/pytest-of-user/pytest-8/test_move_is_verified_and_save0/out/Camilla Läckberg/Fjällbacka/01 - Isprinsessan/Isprinsessan.mp3
2026-09-27 08:27:39,000 INFO    ags.organize: taggar skrivna: ['artist', 'series', 'series_number', 'title']
2026-09-27 08:27:39,001 INFO    ags.organize: skrev faktablad /tmp/pytest-of-user/pytest-8/test_move_is_verified_and_save0/out/Camilla Läckberg/Fjällbacka/01 - Isprinsessan/Isprinsessan.md
2026-09-27 08:27:39,003 INFO    ags.organize: copy /tmp/pytest-of-user/pytest-8/test_copy_keeps_source0/a.mp3 -> /tmp/pytest-of-user/pytest-8/test_copy_keeps_source0/out/A/T/T.mp3
2026-09-27 08:27:39,003 INFO    ags.organize: taggar skrivna: ['artist', 'title']
2026-09-27 08:27:39,003 INFO    ags.organize: skrev faktablad /tmp/pytest-of-user/pytest-8/test_copy_keeps_source0/out/A/T/T.md
2026-09-27 08:27:39,005 INFO    ags.organize: copy /tmp/pytest-of-user/pytest-8/test_move_overwrites_with_back0/src/b.mp3 -> /tmp/pytest-of-user/pytest-8/test_move_overwrites_with_back0/out/A/B/B.mp3
2026-09-27 08:27:39,005 INFO    ags.organize: taggar skrivna: ['artist', 'title']
2026-09-27 08:27:39,005 INFO    ags.organize: skrev faktablad /tmp/pytest-of-user/pytest-8/test_move_overwrites_with_back0/out/A/B/B.md
2026-09-27 08:27:39,006 INFO    ags.organize: tog bort gammal backup /tmp/pytest-of-user/pytest-8/test_move_overwrites_with_back0/out/A/B/B.mp3.över
2026-09-27 08:27:39,006 INFO    ags.organize: rensade tom källmapp /tmp/pytest-of-user/pytest-8/test_move_overwrites_with_back0/src2
2026-09-27 08:27:39,006 INFO    ags.organize: move /tmp/pytest-of-user/pytest-8/test_move_overwrites_with_back0/src2/b.mp3 -> /tmp/pytest-of-user/pytest-8/test_move_overwrites_with_back0/out/A/B/B.mp3
2026-09-27 08:27:39,006 INFO    ags.organize: taggar skrivna: ['artist', 'title']
2026-09-27 08:27:39,006 INFO    ags.organize: skrev faktablad /tmp/pytest-of-user/pytest-8/test_move_overwrites_with_back0/out/A/B/B.md
2026-09-27 08:27:39,009 ERROR   ags.organize: för lite utrymme: behöver 2097152, har 1048576
2026-09-27 08:27:39,590 INFO    ags.engine: match "Harry Potter and the Philosopher's Stone" -> "Harry Potter and the Philosopher's Stone — J.K. Rowling [Harry Potter #1]" (1.00, matchad)
2026-09-27 08:27:39,591 INFO    ags.engine: matchning "Harry Potter and the Philosopher's Stone" -> matchad (källa=goodreads, poäng=1.00) sökfråga rensad till 'x J.K. Rowling'
2026-09-27 08:27:46,191 DEBUG   ags: loggning initierad -> /home/user/audiobook-goodreads-sync/logs/ags.log
2026-09-27 08:27:46,191 DEBUG   ags.cli: CLI start, argv=['cleanup']
2026-09-27 08:27:46,194 WARNING ags.ags.deps: beroenden saknas: tesseract (OCR-skärmbildsläget (fliken 'Skärmbild / text'))
2026-09-27 08:27:46,198 INFO    ags.ags.cleanup: cacherensning i /home/user/audiobook-goodreads-sync: 2 objekt bort (.pytest_cache, ags/__pycache__)
2026-09-27 08:27:46,198 INFO    ags.ags.cleanup: cacherensning i /home/user/audiobook-goodreads-sync: 0 objekt bort (inget att rensa)
2026-09-27 08:41:50,270 DEBUG   ags: loggning initierad -> /home/user/audiobook-goodreads-sync/logs/ags.log
2026-09-27 08:41:50,270 DEBUG   ags.cli: CLI start, argv=['match', "Harry Potter and the Philosopher's Stone", '-a', 'J.K. Rowling']
2026-09-27 08:41:50,273 WARNING ags.ags.deps: beroenden saknas: tesseract (OCR-skärmbildsläget (fliken 'Skärmbild / text'))
2026-09-27 08:41:50,280 INFO    ags.ags.cleanup: cacherensning i /home/user/audiobook-goodreads-sync: 2 objekt bort (ags/__pycache__, tests/__pycache__)
2026-09-27 08:41:50,324 DEBUG   ags: loggning initierad -> /home/user/audiobook-goodreads-sync/logs/ags.log
2026-09-27 08:41:50,332 INFO    ags.engine.match: inga träffar för 'Isprinsessan Camilla Läckberg' från goodreads/bridge — provar reservkällor
2026-09-27 08:41:50,333 INFO    ags.engine.match: reservkälla gav 1 träffar för 'Isprinsessan Camilla Läckberg' (källa=openlibrary)
2026-09-27 08:41:50,368 INFO    ags.organize: copy /tmp/pytest-of-user/pytest-9/test_organize_abs_structure_an0/import/CD1/spår 1.mp3 -> /tmp/pytest-of-user/pytest-9/test_organize_abs_structure_an0/abs/Camilla Läckberg/Patrik Hedström/01 - Isprinsessan/01 - Isprinsessan.mp3
2026-09-27 08:41:50,369 INFO    ags.organize: taggar skrivna: ['album', 'artist', 'series', 'series_number', 'title', 'track', 'year']
2026-09-27 08:41:50,370 INFO    ags.organize: copy /tmp/pytest-of-user/pytest-9/test_organize_abs_structure_an0/import/CD1/spår 2.mp3 -> /tmp/pytest-of-user/pytest-9/test_organize_abs_structure_an0/abs/Camilla Läckberg/Patrik Hedström/01 - Isprinsessan/02 - Isprinsessan.mp3
2026-09-27 08:41:50,371 INFO    ags.organize: taggar skrivna: ['album', 'artist', 'series', 'series_number', 'title', 'track', 'year']
2026-09-27 08:41:50,371 INFO    ags.organize: copy /tmp/pytest-of-user/pytest-9/test_organize_abs_structure_an0/import/CD2/spår 1.mp3 -> /tmp/pytest-of-user/pytest-9/test_organize_abs_structure_an0/abs/Camilla Läckberg/Patrik Hedström/01 - Isprinsessan/03 - Isprinsessan.mp3
2026-09-27 08:41:50,372 INFO    ags.organize: taggar skrivna: ['album', 'artist', 'series', 'series_number', 'title', 'track', 'year']
2026-09-27 08:41:50,372 INFO    ags.organize: copy /tmp/pytest-of-user/pytest-9/test_organize_abs_structure_an0/import/CD2/spår 2.mp3 -> /tmp/pytest-of-user/pytest-9/test_organize_abs_structure_an0/abs/Camilla Läckberg/Patrik Hedström/01 - Isprinsessan/04 - Isprinsessan.mp3
2026-09-27 08:41:50,373 INFO    ags.organize: taggar skrivna: ['album', 'artist', 'series', 'series_number', 'title', 'track', 'year']
2026-09-27 08:41:50,377 INFO    ags.organize: skrev faktablad /tmp/pytest-of-user/pytest-9/test_organize_abs_structure_an0/abs/Camilla Läckberg/Patrik Hedström/01 - Isprinsessan/Isprinsessan.md
2026-09-27 08:41:50,380 INFO    ags.organize: move /tmp/pytest-of-user/pytest-9/test_organize_move_removes_sou0/a.mp3 -> /tmp/pytest-of-user/pytest-9/test_organize_move_removes_sou0/out/A/T/T.mp3
2026-09-27 08:41:50,380 INFO    ags.organize: taggar skrivna: ['artist', 'title']
2026-09-27 08:41:50,381 INFO    ags.organize: skrev faktablad /tmp/pytest-of-user/pytest-9/test_organize_move_removes_sou0/out/A/T/T.md
2026-09-27 08:41:50,989 DEBUG   ags: loggning initierad -> /home/user/audiobook-goodreads-sync/logs/ags.log
2026-09-27 08:41:51,000 INFO    ags.engine: match 'Track 01' -> 'The Green Mile — Stephen King' (0.86, behöver koll)
2026-09-27 08:41:51,000 INFO    ags.engine: matchning 'Track 01' -> behöver koll (källa=goodreads, poäng=0.86) sökfråga rensad till 'The Green Mile Stephen King'
2026-09-27 08:41:51,023 INFO    ags.organize: copy /tmp/pytest-of-user/pytest-9/test_organize_writes_track_num0/input/disc1_1.mp3 -> /tmp/pytest-of-user/pytest-9/test_organize_writes_track_num0/out/Förf/Serie/01 - Titel/01 - Titel.mp3
2026-09-27 08:41:51,023 INFO    ags.organize: taggar skrivna: ['artist', 'series', 'series_number', 'title', 'track']
2026-09-27 08:41:51,023 INFO    ags.organize: copy /tmp/pytest-of-user/pytest-9/test_organize_writes_track_num0/input/disc1_2.mp3 -> /tmp/pytest-of-user/pytest-9/test_organize_writes_track_num0/out/Förf/Serie/01 - Titel/02 - Titel.mp3
2026-09-27 08:41:51,024 INFO    ags.organize: taggar skrivna: ['artist', 'series', 'series_number', 'title', 'track']
2026-09-27 08:41:51,024 INFO    ags.organize: copy /tmp/pytest-of-user/pytest-9/test_organize_writes_track_num0/input/disc2_1.mp3 -> /tmp/pytest-of-user/pytest-9/test_organize_writes_track_num0/out/Förf/Serie/01 - Titel/03 - Titel.mp3
2026-09-27 08:41:51,024 INFO    ags.organize: taggar skrivna: ['artist', 'series', 'series_number', 'title', 'track']
2026-09-27 08:41:51,025 INFO    ags.organize: copy /tmp/pytest-of-user/pytest-9/test_organize_writes_track_num0/input/disc2_2.mp3 -> /tmp/pytest-of-user/pytest-9/test_organize_writes_track_num0/out/Förf/Serie/01 - Titel/04 - Titel.mp3
2026-09-27 08:41:51,025 INFO    ags.organize: taggar skrivna: ['artist', 'series', 'series_number', 'title', 'track']
2026-09-27 08:41:51,027 INFO    ags.organize: skrev faktablad /tmp/pytest-of-user/pytest-9/test_organize_writes_track_num0/out/Förf/Serie/01 - Titel/Titel.md
2026-09-27 08:41:51,031 INFO    ags.organize: rensade tom källmapp /tmp/pytest-of-user/pytest-9/test_move_is_verified_and_save0/källa/Fjällbacka 01 - Isprinsessan
2026-09-27 08:41:51,031 INFO    ags.organize: rensade tom källmapp /tmp/pytest-of-user/pytest-9/test_move_is_verified_and_save0/källa
2026-09-27 08:41:51,031 INFO    ags.organize: move /tmp/pytest-of-user/pytest-9/test_move_is_verified_and_save0/källa/Fjällbacka 01 - Isprinsessan/01 - Isprinsessan.mp3 -> /tmp/pytest-of-user/pytest-9/test_move_is_verified_and_save0/out/Camilla Läckberg/Fjällbacka/01 - Isprinsessan/Isprinsessan.mp3
2026-09-27 08:41:51,031 INFO    ags.organize: taggar skrivna: ['artist', 'series', 'series_number', 'title']
2026-09-27 08:41:51,032 INFO    ags.organize: skrev faktablad /tmp/pytest-of-user/pytest-9/test_move_is_verified_and_save0/out/Camilla Läckberg/Fjällbacka/01 - Isprinsessan/Isprinsessan.md
2026-09-27 08:41:51,033 INFO    ags.organize: copy /tmp/pytest-of-user/pytest-9/test_copy_keeps_source0/a.mp3 -> /tmp/pytest-of-user/pytest-9/test_copy_keeps_source0/out/A/T/T.mp3
2026-09-27 08:41:51,034 INFO    ags.organize: taggar skrivna: ['artist', 'title']
2026-09-27 08:41:51,034 INFO    ags.organize: skrev faktablad /tmp/pytest-of-user/pytest-9/test_copy_keeps_source0/out/A/T/T.md
2026-09-27 08:41:51,035 INFO    ags.organize: copy /tmp/pytest-of-user/pytest-9/test_move_overwrites_with_back0/src/b.mp3 -> /tmp/pytest-of-user/pytest-9/test_move_overwrites_with_back0/out/A/B/B.mp3
2026-09-27 08:41:51,036 INFO    ags.organize: taggar skrivna: ['artist', 'title']
2026-09-27 08:41:51,036 INFO    ags.organize: skrev faktablad /tmp/pytest-of-user/pytest-9/test_move_overwrites_with_back0/out/A/B/B.md
2026-09-27 08:41:51,036 INFO    ags.organize: tog bort gammal backup /tmp/pytest-of-user/pytest-9/test_move_overwrites_with_back0/out/A/B/B.mp3.över
2026-09-27 08:41:51,036 INFO    ags.organize: rensade tom källmapp /tmp/pytest-of-user/pytest-9/test_move_overwrites_with_back0/src2
2026-09-27 08:41:51,036 INFO    ags.organize: move /tmp/pytest-of-user/pytest-9/test_move_overwrites_with_back0/src2/b.mp3 -> /tmp/pytest-of-user/pytest-9/test_move_overwrites_with_back0/out/A/B/B.mp3
2026-09-27 08:41:51,037 INFO    ags.organize: taggar skrivna: ['artist', 'title']
2026-09-27 08:41:51,037 INFO    ags.organize: skrev faktablad /tmp/pytest-of-user/pytest-9/test_move_overwrites_with_back0/out/A/B/B.md
2026-09-27 08:41:51,039 ERROR   ags.organize: för lite utrymme: behöver 2097152, har 1048576
2026-09-27 08:41:51,682 INFO    ags.engine: match "Harry Potter and the Philosopher's Stone" -> "Harry Potter and the Philosopher's Stone — J.K. Rowling [Harry Potter #1]" (1.00, matchad)
2026-09-27 08:41:51,682 INFO    ags.engine: matchning "Harry Potter and the Philosopher's Stone" -> matchad (källa=goodreads, poäng=1.00) sökfråga rensad till 'x J.K. Rowling'
2026-09-27 08:42:28,071 DEBUG   ags: loggning initierad -> /home/user/audiobook-goodreads-sync/logs/ags.log
2026-09-27 08:42:28,071 DEBUG   ags.cli: CLI start, argv=['match', "Harry Potter and the Philosopher's Stone", '-a', 'J.K. Rowling']
2026-09-27 08:42:28,073 WARNING ags.ags.deps: beroenden saknas: tesseract (OCR-skärmbildsläget (fliken 'Skärmbild / text'))
2026-09-27 08:42:28,081 INFO    ags.ags.cleanup: cacherensning i /home/user/audiobook-goodreads-sync: 3 objekt bort (.pytest_cache, ags/__pycache__, tests/__pycache__)
2026-09-27 08:42:28,123 DEBUG   ags: loggning initierad -> /home/user/audiobook-goodreads-sync/logs/ags.log
2026-09-27 08:42:28,130 INFO    ags.engine.match: inga träffar för 'Isprinsessan Camilla Läckberg' från goodreads/bridge — provar reservkällor
2026-09-27 08:42:28,130 INFO    ags.engine.match: reservkälla gav 1 träffar för 'Isprinsessan Camilla Läckberg' (källa=openlibrary)
2026-09-27 08:42:28,158 INFO    ags.organize: copy /tmp/pytest-of-user/pytest-10/test_organize_abs_structure_an0/import/CD1/spår 1.mp3 -> /tmp/pytest-of-user/pytest-10/test_organize_abs_structure_an0/abs/Camilla Läckberg/Patrik Hedström/01 - Isprinsessan/01 - Isprinsessan.mp3
2026-09-27 08:42:28,159 INFO    ags.organize: taggar skrivna: ['album', 'artist', 'series', 'series_number', 'title', 'track', 'year']
2026-09-27 08:42:28,159 INFO    ags.organize: copy /tmp/pytest-of-user/pytest-10/test_organize_abs_structure_an0/import/CD1/spår 2.mp3 -> /tmp/pytest-of-user/pytest-10/test_organize_abs_structure_an0/abs/Camilla Läckberg/Patrik Hedström/01 - Isprinsessan/02 - Isprinsessan.mp3
2026-09-27 08:42:28,160 INFO    ags.organize: taggar skrivna: ['album', 'artist', 'series', 'series_number', 'title', 'track', 'year']
2026-09-27 08:42:28,160 INFO    ags.organize: copy /tmp/pytest-of-user/pytest-10/test_organize_abs_structure_an0/import/CD2/spår 1.mp3 -> /tmp/pytest-of-user/pytest-10/test_organize_abs_structure_an0/abs/Camilla Läckberg/Patrik Hedström/01 - Isprinsessan/03 - Isprinsessan.mp3
2026-09-27 08:42:28,160 INFO    ags.organize: taggar skrivna: ['album', 'artist', 'series', 'series_number', 'title', 'track', 'year']
2026-09-27 08:42:28,161 INFO    ags.organize: copy /tmp/pytest-of-user/pytest-10/test_organize_abs_structure_an0/import/CD2/spår 2.mp3 -> /tmp/pytest-of-user/pytest-10/test_organize_abs_structure_an0/abs/Camilla Läckberg/Patrik Hedström/01 - Isprinsessan/04 - Isprinsessan.mp3
2026-09-27 08:42:28,161 INFO    ags.organize: taggar skrivna: ['album', 'artist', 'series', 'series_number', 'title', 'track', 'year']
2026-09-27 08:42:28,164 INFO    ags.organize: skrev faktablad /tmp/pytest-of-user/pytest-10/test_organize_abs_structure_an0/abs/Camilla Läckberg/Patrik Hedström/01 - Isprinsessan/Isprinsessan.md
2026-09-27 08:42:28,167 INFO    ags.organize: move /tmp/pytest-of-user/pytest-10/test_organize_move_removes_sou0/a.mp3 -> /tmp/pytest-of-user/pytest-10/test_organize_move_removes_sou0/out/A/T/T.mp3
2026-09-27 08:42:28,167 INFO    ags.organize: taggar skrivna: ['artist', 'title']
2026-09-27 08:42:28,167 INFO    ags.organize: skrev faktablad /tmp/pytest-of-user/pytest-10/test_organize_move_removes_sou0/out/A/T/T.md
2026-09-27 08:42:28,603 DEBUG   ags: loggning initierad -> /home/user/audiobook-goodreads-sync/logs/ags.log
2026-09-27 08:42:28,614 INFO    ags.engine: match 'Track 01' -> 'The Green Mile — Stephen King' (0.86, behöver koll)
2026-09-27 08:42:28,614 INFO    ags.engine: matchning 'Track 01' -> behöver koll (källa=goodreads, poäng=0.86) sökfråga rensad till 'The Green Mile Stephen King'
2026-09-27 08:42:28,632 INFO    ags.organize: copy /tmp/pytest-of-user/pytest-10/test_organize_writes_track_num0/input/disc1_1.mp3 -> /tmp/pytest-of-user/pytest-10/test_organize_writes_track_num0/out/Förf/Serie/01 - Titel/01 - Titel.mp3
2026-09-27 08:42:28,633 INFO    ags.organize: taggar skrivna: ['artist', 'series', 'series_number', 'title', 'track']
2026-09-27 08:42:28,633 INFO    ags.organize: copy /tmp/pytest-of-user/pytest-10/test_organize_writes_track_num0/input/disc1_2.mp3 -> /tmp/pytest-of-user/pytest-10/test_organize_writes_track_num0/out/Förf/Serie/01 - Titel/02 - Titel.mp3
2026-09-27 08:42:28,634 INFO    ags.organize: taggar skrivna: ['artist', 'series', 'series_number', 'title', 'track']
2026-09-27 08:42:28,634 INFO    ags.organize: copy /tmp/pytest-of-user/pytest-10/test_organize_writes_track_num0/input/disc2_1.mp3 -> /tmp/pytest-of-user/pytest-10/test_organize_writes_track_num0/out/Förf/Serie/01 - Titel/03 - Titel.mp3
2026-09-27 08:42:28,634 INFO    ags.organize: taggar skrivna: ['artist', 'series', 'series_number', 'title', 'track']
2026-09-27 08:42:28,634 INFO    ags.organize: copy /tmp/pytest-of-user/pytest-10/test_organize_writes_track_num0/input/disc2_2.mp3 -> /tmp/pytest-of-user/pytest-10/test_organize_writes_track_num0/out/Förf/Serie/01 - Titel/04 - Titel.mp3
2026-09-27 08:42:28,635 INFO    ags.organize: taggar skrivna: ['artist', 'series', 'series_number', 'title', 'track']
2026-09-27 08:42:28,637 INFO    ags.organize: skrev faktablad /tmp/pytest-of-user/pytest-10/test_organize_writes_track_num0/out/Förf/Serie/01 - Titel/Titel.md
2026-09-27 08:42:28,640 INFO    ags.organize: rensade tom källmapp /tmp/pytest-of-user/pytest-10/test_move_is_verified_and_save0/källa/Fjällbacka 01 - Isprinsessan
2026-09-27 08:42:28,640 INFO    ags.organize: rensade tom källmapp /tmp/pytest-of-user/pytest-10/test_move_is_verified_and_save0/källa
2026-09-27 08:42:28,640 INFO    ags.organize: move /tmp/pytest-of-user/pytest-10/test_move_is_verified_and_save0/källa/Fjällbacka 01 - Isprinsessan/01 - Isprinsessan.mp3 -> /tmp/pytest-of-user/pytest-10/test_move_is_verified_and_save0/out/Camilla Läckberg/Fjällbacka/01 - Isprinsessan/Isprinsessan.mp3
2026-09-27 08:42:28,641 INFO    ags.organize: taggar skrivna: ['artist', 'series', 'series_number', 'title']
2026-09-27 08:42:28,641 INFO    ags.organize: skrev faktablad /tmp/pytest-of-user/pytest-10/test_move_is_verified_and_save0/out/Camilla Läckberg/Fjällbacka/01 - Isprinsessan/Isprinsessan.md
2026-09-27 08:42:28,643 INFO    ags.organize: copy /tmp/pytest-of-user/pytest-10/test_copy_keeps_source0/a.mp3 -> /tmp/pytest-of-user/pytest-10/test_copy_keeps_source0/out/A/T/T.mp3
2026-09-27 08:42:28,643 INFO    ags.organize: taggar skrivna: ['artist', 'title']
2026-09-27 08:42:28,643 INFO    ags.organize: skrev faktablad /tmp/pytest-of-user/pytest-10/test_copy_keeps_source0/out/A/T/T.md
2026-09-27 08:42:28,645 INFO    ags.organize: copy /tmp/pytest-of-user/pytest-10/test_move_overwrites_with_back0/src/b.mp3 -> /tmp/pytest-of-user/pytest-10/test_move_overwrites_with_back0/out/A/B/B.mp3
2026-09-27 08:42:28,645 INFO    ags.organize: taggar skrivna: ['artist', 'title']
2026-09-27 08:42:28,646 INFO    ags.organize: skrev faktablad /tmp/pytest-of-user/pytest-10/test_move_overwrites_with_back0/out/A/B/B.md
2026-09-27 08:42:28,646 INFO    ags.organize: tog bort gammal backup /tmp/pytest-of-user/pytest-10/test_move_overwrites_with_back0/out/A/B/B.mp3.över
2026-09-27 08:42:28,646 INFO    ags.organize: rensade tom källmapp /tmp/pytest-of-user/pytest-10/test_move_overwrites_with_back0/src2
2026-09-27 08:42:28,646 INFO    ags.organize: move /tmp/pytest-of-user/pytest-10/test_move_overwrites_with_back0/src2/b.mp3 -> /tmp/pytest-of-user/pytest-10/test_move_overwrites_with_back0/out/A/B/B.mp3
2026-09-27 08:42:28,646 INFO    ags.organize: taggar skrivna: ['artist', 'title']
2026-09-27 08:42:28,647 INFO    ags.organize: skrev faktablad /tmp/pytest-of-user/pytest-10/test_move_overwrites_with_back0/out/A/B/B.md
2026-09-27 08:42:28,649 ERROR   ags.organize: för lite utrymme: behöver 2097152, har 1048576
2026-09-27 08:42:29,244 INFO    ags.engine: match "Harry Potter and the Philosopher's Stone" -> "Harry Potter and the Philosopher's Stone — J.K. Rowling [Harry Potter #1]" (1.00, matchad)
2026-09-27 08:42:29,244 INFO    ags.engine: matchning "Harry Potter and the Philosopher's Stone" -> matchad (källa=goodreads, poäng=1.00) sökfråga rensad till 'x J.K. Rowling'
2026-09-27 08:42:29,624 DEBUG   ags: loggning initierad -> /home/user/audiobook-goodreads-sync/logs/ags.log
2026-09-27 08:42:29,624 DEBUG   ags.cli: CLI start, argv=['--help']
2026-09-27 08:42:29,628 WARNING ags.ags.deps: beroenden saknas: tesseract (OCR-skärmbildsläget (fliken 'Skärmbild / text'))
2026-09-27 08:42:31,626 DEBUG   ags: loggning initierad -> /home/user/audiobook-goodreads-sync/logs/ags.log
2026-09-27 08:42:43,717 DEBUG   ags: loggning initierad -> /home/user/audiobook-goodreads-sync/logs/ags.log
2026-09-27 08:42:43,717 DEBUG   ags.cli: CLI start, argv=['cleanup']
2026-09-27 08:42:43,721 WARNING ags.ags.deps: beroenden saknas: tesseract (OCR-skärmbildsläget (fliken 'Skärmbild / text'))
2026-09-27 08:42:43,726 INFO    ags.ags.cleanup: cacherensning i /home/user/audiobook-goodreads-sync: 2 objekt bort (.pytest_cache, ags/__pycache__)
2026-09-27 08:42:43,726 INFO    ags.ags.cleanup: cacherensning i /home/user/audiobook-goodreads-sync: 0 objekt bort (inget att rensa)
2026-09-27 09:37:07,301 DEBUG   ags: loggning initierad -> /home/user/audiobook-goodreads-sync/logs/ags.log
2026-09-27 09:37:08,532 DEBUG   ags: loggning initierad -> /home/user/audiobook-goodreads-sync/logs/ags.log
2026-09-27 09:37:08,533 DEBUG   ags.cli: CLI start, argv=['match', "Harry Potter and the Philosopher's Stone", '-a', 'J.K. Rowling']
2026-09-27 09:37:08,535 WARNING ags.ags.deps: beroenden saknas: mutagen (läsa/skriva taggar i mp3/m4b/flac/ogg), tesseract (OCR-skärmbildsläget (fliken 'Skärmbild / text'))
2026-09-27 09:37:08,542 INFO    ags.ags.cleanup: cacherensning i /home/user/audiobook-goodreads-sync: 2 objekt bort (ags/__pycache__, tests/__pycache__)
2026-09-27 09:37:08,583 DEBUG   ags: loggning initierad -> /home/user/audiobook-goodreads-sync/logs/ags.log
2026-09-27 09:37:08,609 INFO    ags.engine.match: inga träffar för 'Isprinsessan Camilla Läckberg' från goodreads/bridge — provar reservkällor
2026-09-27 09:37:08,609 INFO    ags.engine.match: reservkälla gav 1 träffar för 'Isprinsessan Camilla Läckberg' (källa=openlibrary)
2026-09-27 09:37:08,613 INFO    ags.organize: copy /tmp/pytest-of-user/pytest-0/test_organize_abs_structure_an0/import/CD1/spår 1.mp3 -> /tmp/pytest-of-user/pytest-0/test_organize_abs_structure_an0/abs/Camilla Läckberg/Patrik Hedström/01 - Isprinsessan/01 - Isprinsessan.mp3
2026-09-27 09:37:08,613 INFO    ags.organize: copy /tmp/pytest-of-user/pytest-0/test_organize_abs_structure_an0/import/CD1/spår 2.mp3 -> /tmp/pytest-of-user/pytest-0/test_organize_abs_structure_an0/abs/Camilla Läckberg/Patrik Hedström/01 - Isprinsessan/02 - Isprinsessan.mp3
2026-09-27 09:37:08,613 INFO    ags.organize: copy /tmp/pytest-of-user/pytest-0/test_organize_abs_structure_an0/import/CD2/spår 1.mp3 -> /tmp/pytest-of-user/pytest-0/test_organize_abs_structure_an0/abs/Camilla Läckberg/Patrik Hedström/01 - Isprinsessan/03 - Isprinsessan.mp3
2026-09-27 09:37:08,613 INFO    ags.organize: copy /tmp/pytest-of-user/pytest-0/test_organize_abs_structure_an0/import/CD2/spår 2.mp3 -> /tmp/pytest-of-user/pytest-0/test_organize_abs_structure_an0/abs/Camilla Läckberg/Patrik Hedström/01 - Isprinsessan/04 - Isprinsessan.mp3
2026-09-27 09:37:08,660 INFO    ags.organize: move /tmp/pytest-of-user/pytest-0/test_organize_move_removes_sou0/a.mp3 -> /tmp/pytest-of-user/pytest-0/test_organize_move_removes_sou0/out/A/T/T.mp3
2026-09-27 09:37:09,310 DEBUG   ags: loggning initierad -> /home/user/audiobook-goodreads-sync/logs/ags.log
2026-09-27 09:37:09,320 INFO    ags.engine: match 'Track 01' -> 'The Green Mile — Stephen King' (0.86, behöver koll)
2026-09-27 09:37:09,320 INFO    ags.engine: matchning 'Track 01' -> behöver koll (källa=goodreads, poäng=0.86) sökfråga rensad till 'The Green Mile Stephen King'
2026-09-27 09:37:09,371 INFO    ags.organize: copy /tmp/pytest-of-user/pytest-0/test_organize_writes_track_num0/input/disc1_1.mp3 -> /tmp/pytest-of-user/pytest-0/test_organize_writes_track_num0/out/Förf/Serie/01 - Titel/01 - Titel.mp3
2026-09-27 09:37:09,371 INFO    ags.organize: copy /tmp/pytest-of-user/pytest-0/test_organize_writes_track_num0/input/disc1_2.mp3 -> /tmp/pytest-of-user/pytest-0/test_organize_writes_track_num0/out/Förf/Serie/01 - Titel/02 - Titel.mp3
2026-09-27 09:37:09,371 INFO    ags.organize: copy /tmp/pytest-of-user/pytest-0/test_organize_writes_track_num0/input/disc2_1.mp3 -> /tmp/pytest-of-user/pytest-0/test_organize_writes_track_num0/out/Förf/Serie/01 - Titel/03 - Titel.mp3
2026-09-27 09:37:09,371 INFO    ags.organize: copy /tmp/pytest-of-user/pytest-0/test_organize_writes_track_num0/input/disc2_2.mp3 -> /tmp/pytest-of-user/pytest-0/test_organize_writes_track_num0/out/Förf/Serie/01 - Titel/04 - Titel.mp3
2026-09-27 09:37:09,425 INFO    ags.organize: rensade tom källmapp /tmp/pytest-of-user/pytest-0/test_move_is_verified_and_save0/källa/Fjällbacka 01 - Isprinsessan
2026-09-27 09:37:09,425 INFO    ags.organize: rensade tom källmapp /tmp/pytest-of-user/pytest-0/test_move_is_verified_and_save0/källa
2026-09-27 09:37:09,425 INFO    ags.organize: move /tmp/pytest-of-user/pytest-0/test_move_is_verified_and_save0/källa/Fjällbacka 01 - Isprinsessan/01 - Isprinsessan.mp3 -> /tmp/pytest-of-user/pytest-0/test_move_is_verified_and_save0/out/Camilla Läckberg/Fjällbacka/01 - Isprinsessan/Isprinsessan.mp3
2026-09-27 09:37:09,459 INFO    ags.organize: copy /tmp/pytest-of-user/pytest-0/test_copy_keeps_source0/a.mp3 -> /tmp/pytest-of-user/pytest-0/test_copy_keeps_source0/out/A/T/T.mp3
2026-09-27 09:37:09,496 INFO    ags.organize: copy /tmp/pytest-of-user/pytest-0/test_move_overwrites_with_back0/src/b.mp3 -> /tmp/pytest-of-user/pytest-0/test_move_overwrites_with_back0/out/A/B/B.mp3
2026-09-27 09:37:09,497 INFO    ags.organize: tog bort gammal backup /tmp/pytest-of-user/pytest-0/test_move_overwrites_with_back0/out/A/B/B.mp3.över
2026-09-27 09:37:09,497 INFO    ags.organize: rensade tom källmapp /tmp/pytest-of-user/pytest-0/test_move_overwrites_with_back0/src2
2026-09-27 09:37:09,497 INFO    ags.organize: move /tmp/pytest-of-user/pytest-0/test_move_overwrites_with_back0/src2/b.mp3 -> /tmp/pytest-of-user/pytest-0/test_move_overwrites_with_back0/out/A/B/B.mp3
2026-09-27 09:37:09,541 ERROR   ags.organize: för lite utrymme: behöver 2097152, har 1048576
2026-09-27 09:37:10,067 INFO    ags.engine: match "Harry Potter and the Philosopher's Stone" -> "Harry Potter and the Philosopher's Stone — J.K. Rowling [Harry Potter #1]" (1.00, matchad)
2026-09-27 09:37:10,067 INFO    ags.engine: matchning "Harry Potter and the Philosopher's Stone" -> matchad (källa=goodreads, poäng=1.00) sökfråga rensad till 'x J.K. Rowling'
2026-09-27 09:37:33,638 DEBUG   ags: loggning initierad -> /home/user/audiobook-goodreads-sync/logs/ags.log
2026-09-27 09:37:33,638 DEBUG   ags.cli: CLI start, argv=['match', "Harry Potter and the Philosopher's Stone", '-a', 'J.K. Rowling']
2026-09-27 09:37:33,640 WARNING ags.ags.deps: beroenden saknas: tesseract (OCR-skärmbildsläget (fliken 'Skärmbild / text'))
2026-09-27 09:37:33,647 INFO    ags.ags.cleanup: cacherensning i /home/user/audiobook-goodreads-sync: 3 objekt bort (.pytest_cache, ags/__pycache__, tests/__pycache__)
2026-09-27 09:37:33,686 DEBUG   ags: loggning initierad -> /home/user/audiobook-goodreads-sync/logs/ags.log
2026-09-27 09:37:33,693 INFO    ags.engine.match: inga träffar för 'Isprinsessan Camilla Läckberg' från goodreads/bridge — provar reservkällor
2026-09-27 09:37:33,693 INFO    ags.engine.match: reservkälla gav 1 träffar för 'Isprinsessan Camilla Läckberg' (källa=openlibrary)
2026-09-27 09:37:33,719 INFO    ags.organize: copy /tmp/pytest-of-user/pytest-3/test_organize_abs_structure_an0/import/CD1/spår 1.mp3 -> /tmp/pytest-of-user/pytest-3/test_organize_abs_structure_an0/abs/Camilla Läckberg/Patrik Hedström/01 - Isprinsessan/01 - Isprinsessan.mp3
2026-09-27 09:37:33,720 INFO    ags.organize: taggar skrivna: ['album', 'artist', 'series', 'series_number', 'title', 'track', 'year']
2026-09-27 09:37:33,720 INFO    ags.organize: copy /tmp/pytest-of-user/pytest-3/test_organize_abs_structure_an0/import/CD1/spår 2.mp3 -> /tmp/pytest-of-user/pytest-3/test_organize_abs_structure_an0/abs/Camilla Läckberg/Patrik Hedström/01 - Isprinsessan/02 - Isprinsessan.mp3
2026-09-27 09:37:33,721 INFO    ags.organize: taggar skrivna: ['album', 'artist', 'series', 'series_number', 'title', 'track', 'year']
2026-09-27 09:37:33,721 INFO    ags.organize: copy /tmp/pytest-of-user/pytest-3/test_organize_abs_structure_an0/import/CD2/spår 1.mp3 -> /tmp/pytest-of-user/pytest-3/test_organize_abs_structure_an0/abs/Camilla Läckberg/Patrik Hedström/01 - Isprinsessan/03 - Isprinsessan.mp3
2026-09-27 09:37:33,722 INFO    ags.organize: taggar skrivna: ['album', 'artist', 'series', 'series_number', 'title', 'track', 'year']
2026-09-27 09:37:33,722 INFO    ags.organize: copy /tmp/pytest-of-user/pytest-3/test_organize_abs_structure_an0/import/CD2/spår 2.mp3 -> /tmp/pytest-of-user/pytest-3/test_organize_abs_structure_an0/abs/Camilla Läckberg/Patrik Hedström/01 - Isprinsessan/04 - Isprinsessan.mp3
2026-09-27 09:37:33,722 INFO    ags.organize: taggar skrivna: ['album', 'artist', 'series', 'series_number', 'title', 'track', 'year']
2026-09-27 09:37:33,724 INFO    ags.organize: skrev faktablad /tmp/pytest-of-user/pytest-3/test_organize_abs_structure_an0/abs/Camilla Läckberg/Patrik Hedström/01 - Isprinsessan/Isprinsessan.md
2026-09-27 09:37:33,727 INFO    ags.organize: move /tmp/pytest-of-user/pytest-3/test_organize_move_removes_sou0/a.mp3 -> /tmp/pytest-of-user/pytest-3/test_organize_move_removes_sou0/out/A/T/T.mp3
2026-09-27 09:37:33,727 INFO    ags.organize: taggar skrivna: ['artist', 'title']
2026-09-27 09:37:33,728 INFO    ags.organize: skrev faktablad /tmp/pytest-of-user/pytest-3/test_organize_move_removes_sou0/out/A/T/T.md
2026-09-27 09:37:34,225 DEBUG   ags: loggning initierad -> /home/user/audiobook-goodreads-sync/logs/ags.log
2026-09-27 09:37:34,235 INFO    ags.engine: match 'Track 01' -> 'The Green Mile — Stephen King' (0.86, behöver koll)
2026-09-27 09:37:34,235 INFO    ags.engine: matchning 'Track 01' -> behöver koll (källa=goodreads, poäng=0.86) sökfråga rensad till 'The Green Mile Stephen King'
2026-09-27 09:37:34,254 INFO    ags.organize: copy /tmp/pytest-of-user/pytest-3/test_organize_writes_track_num0/input/disc1_1.mp3 -> /tmp/pytest-of-user/pytest-3/test_organize_writes_track_num0/out/Förf/Serie/01 - Titel/01 - Titel.mp3
2026-09-27 09:37:34,255 INFO    ags.organize: taggar skrivna: ['artist', 'series', 'series_number', 'title', 'track']
2026-09-27 09:37:34,255 INFO    ags.organize: copy /tmp/pytest-of-user/pytest-3/test_organize_writes_track_num0/input/disc1_2.mp3 -> /tmp/pytest-of-user/pytest-3/test_organize_writes_track_num0/out/Förf/Serie/01 - Titel/02 - Titel.mp3
2026-09-27 09:37:34,255 INFO    ags.organize: taggar skrivna: ['artist', 'series', 'series_number', 'title', 'track']
2026-09-27 09:37:34,255 INFO    ags.organize: copy /tmp/pytest-of-user/pytest-3/test_organize_writes_track_num0/input/disc2_1.mp3 -> /tmp/pytest-of-user/pytest-3/test_organize_writes_track_num0/out/Förf/Serie/01 - Titel/03 - Titel.mp3
2026-09-27 09:37:34,256 INFO    ags.organize: taggar skrivna: ['artist', 'series', 'series_number', 'title', 'track']
2026-09-27 09:37:34,256 INFO    ags.organize: copy /tmp/pytest-of-user/pytest-3/test_organize_writes_track_num0/input/disc2_2.mp3 -> /tmp/pytest-of-user/pytest-3/test_organize_writes_track_num0/out/Förf/Serie/01 - Titel/04 - Titel.mp3
2026-09-27 09:37:34,256 INFO    ags.organize: taggar skrivna: ['artist', 'series', 'series_number', 'title', 'track']
2026-09-27 09:37:34,258 INFO    ags.organize: skrev faktablad /tmp/pytest-of-user/pytest-3/test_organize_writes_track_num0/out/Förf/Serie/01 - Titel/Titel.md
2026-09-27 09:37:34,261 INFO    ags.organize: rensade tom källmapp /tmp/pytest-of-user/pytest-3/test_move_is_verified_and_save0/källa/Fjällbacka 01 - Isprinsessan
2026-09-27 09:37:34,261 INFO    ags.organize: rensade tom källmapp /tmp/pytest-of-user/pytest-3/test_move_is_verified_and_save0/källa
2026-09-27 09:37:34,261 INFO    ags.organize: move /tmp/pytest-of-user/pytest-3/test_move_is_verified_and_save0/källa/Fjällbacka 01 - Isprinsessan/01 - Isprinsessan.mp3 -> /tmp/pytest-of-user/pytest-3/test_move_is_verified_and_save0/out/Camilla Läckberg/Fjällbacka/01 - Isprinsessan/Isprinsessan.mp3
2026-09-27 09:37:34,262 INFO    ags.organize: taggar skrivna: ['artist', 'series', 'series_number', 'title']
2026-09-27 09:37:34,262 INFO    ags.organize: skrev faktablad /tmp/pytest-of-user/pytest-3/test_move_is_verified_and_save0/out/Camilla Läckberg/Fjällbacka/01 - Isprinsessan/Isprinsessan.md
2026-09-27 09:37:34,264 INFO    ags.organize: copy /tmp/pytest-of-user/pytest-3/test_copy_keeps_source0/a.mp3 -> /tmp/pytest-of-user/pytest-3/test_copy_keeps_source0/out/A/T/T.mp3
2026-09-27 09:37:34,264 INFO    ags.organize: taggar skrivna: ['artist', 'title']
2026-09-27 09:37:34,265 INFO    ags.organize: skrev faktablad /tmp/pytest-of-user/pytest-3/test_copy_keeps_source0/out/A/T/T.md
2026-09-27 09:37:34,266 INFO    ags.organize: copy /tmp/pytest-of-user/pytest-3/test_move_overwrites_with_back0/src/b.mp3 -> /tmp/pytest-of-user/pytest-3/test_move_overwrites_with_back0/out/A/B/B.mp3
2026-09-27 09:37:34,267 INFO    ags.organize: taggar skrivna: ['artist', 'title']
2026-09-27 09:37:34,267 INFO    ags.organize: skrev faktablad /tmp/pytest-of-user/pytest-3/test_move_overwrites_with_back0/out/A/B/B.md
2026-09-27 09:37:34,267 INFO    ags.organize: tog bort gammal backup /tmp/pytest-of-user/pytest-3/test_move_overwrites_with_back0/out/A/B/B.mp3.över
2026-09-27 09:37:34,267 INFO    ags.organize: rensade tom källmapp /tmp/pytest-of-user/pytest-3/test_move_overwrites_with_back0/src2
2026-09-27 09:37:34,267 INFO    ags.organize: move /tmp/pytest-of-user/pytest-3/test_move_overwrites_with_back0/src2/b.mp3 -> /tmp/pytest-of-user/pytest-3/test_move_overwrites_with_back0/out/A/B/B.mp3
2026-09-27 09:37:34,268 INFO    ags.organize: taggar skrivna: ['artist', 'title']
2026-09-27 09:37:34,268 INFO    ags.organize: skrev faktablad /tmp/pytest-of-user/pytest-3/test_move_overwrites_with_back0/out/A/B/B.md
2026-09-27 09:37:34,270 ERROR   ags.organize: för lite utrymme: behöver 2097152, har 1048576
2026-09-27 09:37:34,758 INFO    ags.engine: match "Harry Potter and the Philosopher's Stone" -> "Harry Potter and the Philosopher's Stone — J.K. Rowling [Harry Potter #1]" (1.00, matchad)
2026-09-27 09:37:34,758 INFO    ags.engine: matchning "Harry Potter and the Philosopher's Stone" -> matchad (källa=goodreads, poäng=1.00) sökfråga rensad till 'x J.K. Rowling'
2026-09-27 09:56:53,496 DEBUG   ags: loggning initierad -> /home/user/audiobook-goodreads-sync/logs/ags.log
2026-09-27 09:56:53,496 DEBUG   ags.cli: CLI start, argv=['match', "Harry Potter and the Philosopher's Stone", '-a', 'J.K. Rowling']
2026-09-27 09:56:53,499 WARNING ags.ags.deps: beroenden saknas: tesseract (OCR-skärmbildsläget (fliken 'Skärmbild / text'))
2026-09-27 09:56:53,506 INFO    ags.ags.cleanup: cacherensning i /home/user/audiobook-goodreads-sync: 2 objekt bort (ags/__pycache__, tests/__pycache__)
2026-09-27 09:56:53,551 DEBUG   ags: loggning initierad -> /home/user/audiobook-goodreads-sync/logs/ags.log
2026-09-27 09:56:53,559 INFO    ags.engine.match: inga träffar för 'Isprinsessan Camilla Läckberg' från goodreads/bridge — provar reservkällor
2026-09-27 09:56:53,559 INFO    ags.engine.match: reservkälla gav 1 träffar för 'Isprinsessan Camilla Läckberg' (källa=openlibrary)
2026-09-27 09:56:53,588 INFO    ags.organize: copy /tmp/pytest-of-user/pytest-4/test_organize_abs_structure_an0/import/CD1/spår 1.mp3 -> /tmp/pytest-of-user/pytest-4/test_organize_abs_structure_an0/abs/Camilla Läckberg/Patrik Hedström/01 - Isprinsessan/01 - Isprinsessan.mp3
2026-09-27 09:56:53,589 INFO    ags.organize: taggar skrivna: ['album', 'artist', 'series', 'series_number', 'title', 'track', 'year']
2026-09-27 09:56:53,590 INFO    ags.organize: copy /tmp/pytest-of-user/pytest-4/test_organize_abs_structure_an0/import/CD1/spår 2.mp3 -> /tmp/pytest-of-user/pytest-4/test_organize_abs_structure_an0/abs/Camilla Läckberg/Patrik Hedström/01 - Isprinsessan/02 - Isprinsessan.mp3
2026-09-27 09:56:53,590 INFO    ags.organize: taggar skrivna: ['album', 'artist', 'series', 'series_number', 'title', 'track', 'year']
2026-09-27 09:56:53,590 INFO    ags.organize: copy /tmp/pytest-of-user/pytest-4/test_organize_abs_structure_an0/import/CD2/spår 1.mp3 -> /tmp/pytest-of-user/pytest-4/test_organize_abs_structure_an0/abs/Camilla Läckberg/Patrik Hedström/01 - Isprinsessan/03 - Isprinsessan.mp3
2026-09-27 09:56:53,591 INFO    ags.organize: taggar skrivna: ['album', 'artist', 'series', 'series_number', 'title', 'track', 'year']
2026-09-27 09:56:53,591 INFO    ags.organize: copy /tmp/pytest-of-user/pytest-4/test_organize_abs_structure_an0/import/CD2/spår 2.mp3 -> /tmp/pytest-of-user/pytest-4/test_organize_abs_structure_an0/abs/Camilla Läckberg/Patrik Hedström/01 - Isprinsessan/04 - Isprinsessan.mp3
2026-09-27 09:56:53,592 INFO    ags.organize: taggar skrivna: ['album', 'artist', 'series', 'series_number', 'title', 'track', 'year']
2026-09-27 09:56:53,594 INFO    ags.organize: skrev faktablad /tmp/pytest-of-user/pytest-4/test_organize_abs_structure_an0/abs/Camilla Läckberg/Patrik Hedström/01 - Isprinsessan/Isprinsessan.md
2026-09-27 09:56:53,597 INFO    ags.organize: move /tmp/pytest-of-user/pytest-4/test_organize_move_removes_sou0/a.mp3 -> /tmp/pytest-of-user/pytest-4/test_organize_move_removes_sou0/out/A/T/T.mp3
2026-09-27 09:56:53,597 INFO    ags.organize: taggar skrivna: ['artist', 'title']
2026-09-27 09:56:53,598 INFO    ags.organize: skrev faktablad /tmp/pytest-of-user/pytest-4/test_organize_move_removes_sou0/out/A/T/T.md
2026-09-27 09:56:54,069 DEBUG   ags: loggning initierad -> /home/user/audiobook-goodreads-sync/logs/ags.log
2026-09-27 09:56:54,079 INFO    ags.engine: match 'Track 01' -> 'The Green Mile — Stephen King' (0.86, behöver koll)
2026-09-27 09:56:54,079 INFO    ags.engine: matchning 'Track 01' -> behöver koll (källa=goodreads, poäng=0.86) sökfråga rensad till 'The Green Mile Stephen King'
2026-09-27 09:56:54,097 INFO    ags.organize: copy /tmp/pytest-of-user/pytest-4/test_organize_writes_track_num0/input/disc1_1.mp3 -> /tmp/pytest-of-user/pytest-4/test_organize_writes_track_num0/out/Förf/Serie/01 - Titel/01 - Titel.mp3
2026-09-27 09:56:54,098 INFO    ags.organize: taggar skrivna: ['artist', 'series', 'series_number', 'title', 'track']
2026-09-27 09:56:54,098 INFO    ags.organize: copy /tmp/pytest-of-user/pytest-4/test_organize_writes_track_num0/input/disc1_2.mp3 -> /tmp/pytest-of-user/pytest-4/test_organize_writes_track_num0/out/Förf/Serie/01 - Titel/02 - Titel.mp3
2026-09-27 09:56:54,098 INFO    ags.organize: taggar skrivna: ['artist', 'series', 'series_number', 'title', 'track']
2026-09-27 09:56:54,098 INFO    ags.organize: copy /tmp/pytest-of-user/pytest-4/test_organize_writes_track_num0/input/disc2_1.mp3 -> /tmp/pytest-of-user/pytest-4/test_organize_writes_track_num0/out/Förf/Serie/01 - Titel/03 - Titel.mp3
2026-09-27 09:56:54,098 INFO    ags.organize: taggar skrivna: ['artist', 'series', 'series_number', 'title', 'track']
2026-09-27 09:56:54,099 INFO    ags.organize: copy /tmp/pytest-of-user/pytest-4/test_organize_writes_track_num0/input/disc2_2.mp3 -> /tmp/pytest-of-user/pytest-4/test_organize_writes_track_num0/out/Förf/Serie/01 - Titel/04 - Titel.mp3
2026-09-27 09:56:54,099 INFO    ags.organize: taggar skrivna: ['artist', 'series', 'series_number', 'title', 'track']
2026-09-27 09:56:54,101 INFO    ags.organize: skrev faktablad /tmp/pytest-of-user/pytest-4/test_organize_writes_track_num0/out/Förf/Serie/01 - Titel/Titel.md
2026-09-27 09:56:54,104 INFO    ags.organize: rensade tom källmapp /tmp/pytest-of-user/pytest-4/test_move_is_verified_and_save0/källa/Fjällbacka 01 - Isprinsessan
2026-09-27 09:56:54,104 INFO    ags.organize: rensade tom källmapp /tmp/pytest-of-user/pytest-4/test_move_is_verified_and_save0/källa
2026-09-27 09:56:54,104 INFO    ags.organize: move /tmp/pytest-of-user/pytest-4/test_move_is_verified_and_save0/källa/Fjällbacka 01 - Isprinsessan/01 - Isprinsessan.mp3 -> /tmp/pytest-of-user/pytest-4/test_move_is_verified_and_save0/out/Camilla Läckberg/Fjällbacka/01 - Isprinsessan/Isprinsessan.mp3
2026-09-27 09:56:54,104 INFO    ags.organize: taggar skrivna: ['artist', 'series', 'series_number', 'title']
2026-09-27 09:56:54,105 INFO    ags.organize: skrev faktablad /tmp/pytest-of-user/pytest-4/test_move_is_verified_and_save0/out/Camilla Läckberg/Fjällbacka/01 - Isprinsessan/Isprinsessan.md
2026-09-27 09:56:54,106 INFO    ags.organize: copy /tmp/pytest-of-user/pytest-4/test_copy_keeps_source0/a.mp3 -> /tmp/pytest-of-user/pytest-4/test_copy_keeps_source0/out/A/T/T.mp3
2026-09-27 09:56:54,107 INFO    ags.organize: taggar skrivna: ['artist', 'title']
2026-09-27 09:56:54,107 INFO    ags.organize: skrev faktablad /tmp/pytest-of-user/pytest-4/test_copy_keeps_source0/out/A/T/T.md
2026-09-27 09:56:54,109 INFO    ags.organize: copy /tmp/pytest-of-user/pytest-4/test_move_overwrites_with_back0/src/b.mp3 -> /tmp/pytest-of-user/pytest-4/test_move_overwrites_with_back0/out/A/B/B.mp3
2026-09-27 09:56:54,109 INFO    ags.organize: taggar skrivna: ['artist', 'title']
2026-09-27 09:56:54,109 INFO    ags.organize: skrev faktablad /tmp/pytest-of-user/pytest-4/test_move_overwrites_with_back0/out/A/B/B.md
2026-09-27 09:56:54,110 INFO    ags.organize: tog bort gammal backup /tmp/pytest-of-user/pytest-4/test_move_overwrites_with_back0/out/A/B/B.mp3.över
2026-09-27 09:56:54,110 INFO    ags.organize: rensade tom källmapp /tmp/pytest-of-user/pytest-4/test_move_overwrites_with_back0/src2
2026-09-27 09:56:54,110 INFO    ags.organize: move /tmp/pytest-of-user/pytest-4/test_move_overwrites_with_back0/src2/b.mp3 -> /tmp/pytest-of-user/pytest-4/test_move_overwrites_with_back0/out/A/B/B.mp3
2026-09-27 09:56:54,110 INFO    ags.organize: taggar skrivna: ['artist', 'title']
2026-09-27 09:56:54,110 INFO    ags.organize: skrev faktablad /tmp/pytest-of-user/pytest-4/test_move_overwrites_with_back0/out/A/B/B.md
2026-09-27 09:56:54,113 ERROR   ags.organize: för lite utrymme: behöver 2097152, har 1048576
2026-09-27 09:56:54,605 INFO    ags.engine: match "Harry Potter and the Philosopher's Stone" -> "Harry Potter and the Philosopher's Stone — J.K. Rowling [Harry Potter #1]" (1.00, matchad)
2026-09-27 09:56:54,605 INFO    ags.engine: matchning "Harry Potter and the Philosopher's Stone" -> matchad (källa=goodreads, poäng=1.00) sökfråga rensad till 'x J.K. Rowling'
2026-09-27 09:56:54,977 DEBUG   ags: loggning initierad -> /home/user/audiobook-goodreads-sync/logs/ags.log
2026-09-27 15:37:42,143 DEBUG   ags: loggning initierad -> /home/user/audiobook-goodreads-sync/logs/ags.log
2026-09-27 15:37:42,144 DEBUG   ags.cli: CLI start, argv=['match', "Harry Potter and the Philosopher's Stone", '-a', 'J.K. Rowling']
2026-09-27 15:37:42,147 WARNING ags.ags.deps: beroenden saknas: mutagen (läsa/skriva taggar i mp3/m4b/flac/ogg), tesseract (OCR-skärmbildsläget (fliken 'Skärmbild / text'))
2026-09-27 15:37:42,156 INFO    ags.ags.cleanup: cacherensning i /home/user/audiobook-goodreads-sync: 2 objekt bort (ags/__pycache__, tests/__pycache__)
2026-09-27 15:37:42,360 DEBUG   ags: loggning initierad -> /home/user/audiobook-goodreads-sync/logs/ags.log
2026-09-27 15:37:42,377 INFO    ags.engine.match: inga träffar för 'Isprinsessan Camilla Läckberg' från goodreads/bridge — provar reservkällor
2026-09-27 15:37:42,378 INFO    ags.engine.match: reservkälla gav 1 träffar för 'Isprinsessan Camilla Läckberg' (källa=openlibrary)
2026-09-27 15:37:42,383 INFO    ags.organize: copy /tmp/pytest-of-user/pytest-0/test_organize_abs_structure_an0/import/CD1/spår 1.mp3 -> /tmp/pytest-of-user/pytest-0/test_organize_abs_structure_an0/abs/Camilla Läckberg/Patrik Hedström/01 - Isprinsessan/01 - Isprinsessan.mp3
2026-09-27 15:37:42,383 INFO    ags.organize: copy /tmp/pytest-of-user/pytest-0/test_organize_abs_structure_an0/import/CD1/spår 2.mp3 -> /tmp/pytest-of-user/pytest-0/test_organize_abs_structure_an0/abs/Camilla Läckberg/Patrik Hedström/01 - Isprinsessan/02 - Isprinsessan.mp3
2026-09-27 15:37:42,384 INFO    ags.organize: copy /tmp/pytest-of-user/pytest-0/test_organize_abs_structure_an0/import/CD2/spår 1.mp3 -> /tmp/pytest-of-user/pytest-0/test_organize_abs_structure_an0/abs/Camilla Läckberg/Patrik Hedström/01 - Isprinsessan/03 - Isprinsessan.mp3
2026-09-27 15:37:42,384 INFO    ags.organize: copy /tmp/pytest-of-user/pytest-0/test_organize_abs_structure_an0/import/CD2/spår 2.mp3 -> /tmp/pytest-of-user/pytest-0/test_organize_abs_structure_an0/abs/Camilla Läckberg/Patrik Hedström/01 - Isprinsessan/04 - Isprinsessan.mp3
2026-09-27 15:37:42,449 INFO    ags.organize: move /tmp/pytest-of-user/pytest-0/test_organize_move_removes_sou0/a.mp3 -> /tmp/pytest-of-user/pytest-0/test_organize_move_removes_sou0/out/A/T/T.mp3
2026-09-27 15:37:43,364 DEBUG   ags: loggning initierad -> /home/user/audiobook-goodreads-sync/logs/ags.log
2026-09-27 15:37:43,377 INFO    ags.engine: match 'Track 01' -> 'The Green Mile — Stephen King' (0.86, behöver koll)
2026-09-27 15:37:43,377 INFO    ags.engine: matchning 'Track 01' -> behöver koll (källa=goodreads, poäng=0.86) sökfråga rensad till 'The Green Mile Stephen King'
2026-09-27 15:37:43,437 INFO    ags.organize: copy /tmp/pytest-of-user/pytest-0/test_organize_writes_track_num0/input/disc1_1.mp3 -> /tmp/pytest-of-user/pytest-0/test_organize_writes_track_num0/out/Förf/Serie/01 - Titel/01 - Titel.mp3
2026-09-27 15:37:43,438 INFO    ags.organize: copy /tmp/pytest-of-user/pytest-0/test_organize_writes_track_num0/input/disc1_2.mp3 -> /tmp/pytest-of-user/pytest-0/test_organize_writes_track_num0/out/Förf/Serie/01 - Titel/02 - Titel.mp3
2026-09-27 15:37:43,438 INFO    ags.organize: copy /tmp/pytest-of-user/pytest-0/test_organize_writes_track_num0/input/disc2_1.mp3 -> /tmp/pytest-of-user/pytest-0/test_organize_writes_track_num0/out/Förf/Serie/01 - Titel/03 - Titel.mp3
2026-09-27 15:37:43,438 INFO    ags.organize: copy /tmp/pytest-of-user/pytest-0/test_organize_writes_track_num0/input/disc2_2.mp3 -> /tmp/pytest-of-user/pytest-0/test_organize_writes_track_num0/out/Förf/Serie/01 - Titel/04 - Titel.mp3
2026-09-27 15:37:43,533 INFO    ags.organize: rensade tom källmapp /tmp/pytest-of-user/pytest-0/test_move_is_verified_and_save0/källa/Fjällbacka 01 - Isprinsessan
2026-09-27 15:37:43,533 INFO    ags.organize: rensade tom källmapp /tmp/pytest-of-user/pytest-0/test_move_is_verified_and_save0/källa
2026-09-27 15:37:43,533 INFO    ags.organize: move /tmp/pytest-of-user/pytest-0/test_move_is_verified_and_save0/källa/Fjällbacka 01 - Isprinsessan/01 - Isprinsessan.mp3 -> /tmp/pytest-of-user/pytest-0/test_move_is_verified_and_save0/out/Camilla Läckberg/Fjällbacka/01 - Isprinsessan/Isprinsessan.mp3
2026-09-27 15:37:43,580 INFO    ags.organize: copy /tmp/pytest-of-user/pytest-0/test_copy_keeps_source0/a.mp3 -> /tmp/pytest-of-user/pytest-0/test_copy_keeps_source0/out/A/T/T.mp3
2026-09-27 15:37:43,631 INFO    ags.organize: copy /tmp/pytest-of-user/pytest-0/test_move_overwrites_with_back0/src/b.mp3 -> /tmp/pytest-of-user/pytest-0/test_move_overwrites_with_back0/out/A/B/B.mp3
2026-09-27 15:37:43,632 INFO    ags.organize: tog bort gammal backup /tmp/pytest-of-user/pytest-0/test_move_overwrites_with_back0/out/A/B/B.mp3.över
2026-09-27 15:37:43,632 INFO    ags.organize: rensade tom källmapp /tmp/pytest-of-user/pytest-0/test_move_overwrites_with_back0/src2
2026-09-27 15:37:43,632 INFO    ags.organize: move /tmp/pytest-of-user/pytest-0/test_move_overwrites_with_back0/src2/b.mp3 -> /tmp/pytest-of-user/pytest-0/test_move_overwrites_with_back0/out/A/B/B.mp3
2026-09-27 15:37:43,693 ERROR   ags.organize: för lite utrymme: behöver 2097152, har 1048576
2026-09-27 15:37:44,500 INFO    ags.engine: match "Harry Potter and the Philosopher's Stone" -> "Harry Potter and the Philosopher's Stone — J.K. Rowling [Harry Potter #1]" (1.00, matchad)
2026-09-27 15:37:44,500 INFO    ags.engine: matchning "Harry Potter and the Philosopher's Stone" -> matchad (källa=goodreads, poäng=1.00) sökfråga rensad till 'x J.K. Rowling'
2026-09-27 15:37:50,857 DEBUG   ags: loggning initierad -> /home/user/audiobook-goodreads-sync/logs/ags.log
2026-09-27 15:37:50,857 DEBUG   ags.cli: CLI start, argv=['match', "Harry Potter and the Philosopher's Stone", '-a', 'J.K. Rowling']
2026-09-27 15:37:50,861 WARNING ags.ags.deps: beroenden saknas: tesseract (OCR-skärmbildsläget (fliken 'Skärmbild / text'))
2026-09-27 15:37:50,873 INFO    ags.ags.cleanup: cacherensning i /home/user/audiobook-goodreads-sync: 3 objekt bort (.pytest_cache, ags/__pycache__, tests/__pycache__)
2026-09-27 15:37:50,942 DEBUG   ags: loggning initierad -> /home/user/audiobook-goodreads-sync/logs/ags.log
2026-09-27 15:37:50,952 INFO    ags.engine.match: inga träffar för 'Isprinsessan Camilla Läckberg' från goodreads/bridge — provar reservkällor
2026-09-27 15:37:50,952 INFO    ags.engine.match: reservkälla gav 1 träffar för 'Isprinsessan Camilla Läckberg' (källa=openlibrary)
2026-09-27 15:37:50,991 INFO    ags.organize: copy /tmp/pytest-of-user/pytest-1/test_organize_abs_structure_an0/import/CD1/spår 1.mp3 -> /tmp/pytest-of-user/pytest-1/test_organize_abs_structure_an0/abs/Camilla Läckberg/Patrik Hedström/01 - Isprinsessan/01 - Isprinsessan.mp3
2026-09-27 15:37:50,997 INFO    ags.organize: taggar skrivna: ['album', 'artist', 'series', 'series_number', 'title', 'track', 'year']
2026-09-27 15:37:50,998 INFO    ags.organize: copy /tmp/pytest-of-user/pytest-1/test_organize_abs_structure_an0/import/CD1/spår 2.mp3 -> /tmp/pytest-of-user/pytest-1/test_organize_abs_structure_an0/abs/Camilla Läckberg/Patrik Hedström/01 - Isprinsessan/02 - Isprinsessan.mp3
2026-09-27 15:37:50,999 INFO    ags.organize: taggar skrivna: ['album', 'artist', 'series', 'series_number', 'title', 'track', 'year']
2026-09-27 15:37:50,999 INFO    ags.organize: copy /tmp/pytest-of-user/pytest-1/test_organize_abs_structure_an0/import/CD2/spår 1.mp3 -> /tmp/pytest-of-user/pytest-1/test_organize_abs_structure_an0/abs/Camilla Läckberg/Patrik Hedström/01 - Isprinsessan/03 - Isprinsessan.mp3
2026-09-27 15:37:51,000 INFO    ags.organize: taggar skrivna: ['album', 'artist', 'series', 'series_number', 'title', 'track', 'year']
2026-09-27 15:37:51,000 INFO    ags.organize: copy /tmp/pytest-of-user/pytest-1/test_organize_abs_structure_an0/import/CD2/spår 2.mp3 -> /tmp/pytest-of-user/pytest-1/test_organize_abs_structure_an0/abs/Camilla Läckberg/Patrik Hedström/01 - Isprinsessan/04 - Isprinsessan.mp3
2026-09-27 15:37:51,001 INFO    ags.organize: taggar skrivna: ['album', 'artist', 'series', 'series_number', 'title', 'track', 'year']
2026-09-27 15:37:51,006 INFO    ags.organize: skrev faktablad /tmp/pytest-of-user/pytest-1/test_organize_abs_structure_an0/abs/Camilla Läckberg/Patrik Hedström/01 - Isprinsessan/Isprinsessan.md
2026-09-27 15:37:51,010 INFO    ags.organize: move /tmp/pytest-of-user/pytest-1/test_organize_move_removes_sou0/a.mp3 -> /tmp/pytest-of-user/pytest-1/test_organize_move_removes_sou0/out/A/T/T.mp3
2026-09-27 15:37:51,011 INFO    ags.organize: taggar skrivna: ['artist', 'title']
2026-09-27 15:37:51,011 INFO    ags.organize: skrev faktablad /tmp/pytest-of-user/pytest-1/test_organize_move_removes_sou0/out/A/T/T.md
2026-09-27 15:37:51,610 DEBUG   ags: loggning initierad -> /home/user/audiobook-goodreads-sync/logs/ags.log
2026-09-27 15:37:51,620 INFO    ags.engine: match 'Track 01' -> 'The Green Mile — Stephen King' (0.86, behöver koll)
2026-09-27 15:37:51,620 INFO    ags.engine: matchning 'Track 01' -> behöver koll (källa=goodreads, poäng=0.86) sökfråga rensad till 'The Green Mile Stephen King'
2026-09-27 15:37:51,639 INFO    ags.organize: copy /tmp/pytest-of-user/pytest-1/test_organize_writes_track_num0/input/disc1_1.mp3 -> /tmp/pytest-of-user/pytest-1/test_organize_writes_track_num0/out/Förf/Serie/01 - Titel/01 - Titel.mp3
2026-09-27 15:37:51,639 INFO    ags.organize: taggar skrivna: ['artist', 'series', 'series_number', 'title', 'track']
2026-09-27 15:37:51,639 INFO    ags.organize: copy /tmp/pytest-of-user/pytest-1/test_organize_writes_track_num0/input/disc1_2.mp3 -> /tmp/pytest-of-user/pytest-1/test_organize_writes_track_num0/out/Förf/Serie/01 - Titel/02 - Titel.mp3
2026-09-27 15:37:51,640 INFO    ags.organize: taggar skrivna: ['artist', 'series', 'series_number', 'title', 'track']
2026-09-27 15:37:51,640 INFO    ags.organize: copy /tmp/pytest-of-user/pytest-1/test_organize_writes_track_num0/input/disc2_1.mp3 -> /tmp/pytest-of-user/pytest-1/test_organize_writes_track_num0/out/Förf/Serie/01 - Titel/03 - Titel.mp3
2026-09-27 15:37:51,640 INFO    ags.organize: taggar skrivna: ['artist', 'series', 'series_number', 'title', 'track']
2026-09-27 15:37:51,640 INFO    ags.organize: copy /tmp/pytest-of-user/pytest-1/test_organize_writes_track_num0/input/disc2_2.mp3 -> /tmp/pytest-of-user/pytest-1/test_organize_writes_track_num0/out/Förf/Serie/01 - Titel/04 - Titel.mp3
2026-09-27 15:37:51,641 INFO    ags.organize: taggar skrivna: ['artist', 'series', 'series_number', 'title', 'track']
2026-09-27 15:37:51,643 INFO    ags.organize: skrev faktablad /tmp/pytest-of-user/pytest-1/test_organize_writes_track_num0/out/Förf/Serie/01 - Titel/Titel.md
2026-09-27 15:37:51,647 INFO    ags.organize: rensade tom källmapp /tmp/pytest-of-user/pytest-1/test_move_is_verified_and_save0/källa/Fjällbacka 01 - Isprinsessan
2026-09-27 15:37:51,647 INFO    ags.organize: rensade tom källmapp /tmp/pytest-of-user/pytest-1/test_move_is_verified_and_save0/källa
2026-09-27 15:37:51,647 INFO    ags.organize: move /tmp/pytest-of-user/pytest-1/test_move_is_verified_and_save0/källa/Fjällbacka 01 - Isprinsessan/01 - Isprinsessan.mp3 -> /tmp/pytest-of-user/pytest-1/test_move_is_verified_and_save0/out/Camilla Läckberg/Fjällbacka/01 - Isprinsessan/Isprinsessan.mp3
2026-09-27 15:37:51,647 INFO    ags.organize: taggar skrivna: ['artist', 'series', 'series_number', 'title']
2026-09-27 15:37:51,648 INFO    ags.organize: skrev faktablad /tmp/pytest-of-user/pytest-1/test_move_is_verified_and_save0/out/Camilla Läckberg/Fjällbacka/01 - Isprinsessan/Isprinsessan.md
2026-09-27 15:37:51,649 INFO    ags.organize: copy /tmp/pytest-of-user/pytest-1/test_copy_keeps_source0/a.mp3 -> /tmp/pytest-of-user/pytest-1/test_copy_keeps_source0/out/A/T/T.mp3
2026-09-27 15:37:51,650 INFO    ags.organize: taggar skrivna: ['artist', 'title']
2026-09-27 15:37:51,650 INFO    ags.organize: skrev faktablad /tmp/pytest-of-user/pytest-1/test_copy_keeps_source0/out/A/T/T.md
2026-09-27 15:37:51,651 INFO    ags.organize: copy /tmp/pytest-of-user/pytest-1/test_move_overwrites_with_back0/src/b.mp3 -> /tmp/pytest-of-user/pytest-1/test_move_overwrites_with_back0/out/A/B/B.mp3
2026-09-27 15:37:51,652 INFO    ags.organize: taggar skrivna: ['artist', 'title']
2026-09-27 15:37:51,652 INFO    ags.organize: skrev faktablad /tmp/pytest-of-user/pytest-1/test_move_overwrites_with_back0/out/A/B/B.md
2026-09-27 15:37:51,653 INFO    ags.organize: tog bort gammal backup /tmp/pytest-of-user/pytest-1/test_move_overwrites_with_back0/out/A/B/B.mp3.över
2026-09-27 15:37:51,653 INFO    ags.organize: rensade tom källmapp /tmp/pytest-of-user/pytest-1/test_move_overwrites_with_back0/src2
2026-09-27 15:37:51,653 INFO    ags.organize: move /tmp/pytest-of-user/pytest-1/test_move_overwrites_with_back0/src2/b.mp3 -> /tmp/pytest-of-user/pytest-1/test_move_overwrites_with_back0/out/A/B/B.mp3
2026-09-27 15:37:51,653 INFO    ags.organize: taggar skrivna: ['artist', 'title']
2026-09-27 15:37:51,653 INFO    ags.organize: skrev faktablad /tmp/pytest-of-user/pytest-1/test_move_overwrites_with_back0/out/A/B/B.md
2026-09-27 15:37:51,656 ERROR   ags.organize: för lite utrymme: behöver 2097152, har 1048576
2026-09-27 15:37:52,328 INFO    ags.engine: match "Harry Potter and the Philosopher's Stone" -> "Harry Potter and the Philosopher's Stone — J.K. Rowling [Harry Potter #1]" (1.00, matchad)
2026-09-27 15:37:52,328 INFO    ags.engine: matchning "Harry Potter and the Philosopher's Stone" -> matchad (källa=goodreads, poäng=1.00) sökfråga rensad till 'x J.K. Rowling'
2026-09-27 15:54:24,624 DEBUG   ags: loggning initierad -> /home/user/audiobook-goodreads-sync/logs/ags.log
2026-09-27 15:54:24,624 DEBUG   ags.cli: CLI start, argv=['match', "Harry Potter and the Philosopher's Stone", '-a', 'J.K. Rowling']
2026-09-27 15:54:24,626 WARNING ags.ags.deps: beroenden saknas: tesseract (OCR-skärmbildsläget (fliken 'Skärmbild / text'))
2026-09-27 15:54:24,634 INFO    ags.ags.cleanup: cacherensning i /home/user/audiobook-goodreads-sync: 3 objekt bort (.pytest_cache, ags/__pycache__, tests/__pycache__)
2026-09-27 15:54:24,702 DEBUG   ags: loggning initierad -> /home/user/audiobook-goodreads-sync/logs/ags.log
2026-09-27 15:54:24,713 INFO    ags.engine.match: inga träffar för 'Isprinsessan Camilla Läckberg' från goodreads/bridge — provar reservkällor
2026-09-27 15:54:24,713 INFO    ags.engine.match: reservkälla gav 1 träffar för 'Isprinsessan Camilla Läckberg' (källa=openlibrary)
2026-09-27 15:54:24,756 INFO    ags.organize: copy /tmp/pytest-of-user/pytest-2/test_organize_abs_structure_an0/import/CD1/spår 1.mp3 -> /tmp/pytest-of-user/pytest-2/test_organize_abs_structure_an0/abs/Camilla Läckberg/Patrik Hedström/01 - Isprinsessan/01 - Isprinsessan.mp3
2026-09-27 15:54:24,758 INFO    ags.organize: taggar skrivna: ['album', 'artist', 'series', 'series_number', 'title', 'track', 'year']
2026-09-27 15:54:24,759 INFO    ags.organize: copy /tmp/pytest-of-user/pytest-2/test_organize_abs_structure_an0/import/CD1/spår 2.mp3 -> /tmp/pytest-of-user/pytest-2/test_organize_abs_structure_an0/abs/Camilla Läckberg/Patrik Hedström/01 - Isprinsessan/02 - Isprinsessan.mp3
2026-09-27 15:54:24,760 INFO    ags.organize: taggar skrivna: ['album', 'artist', 'series', 'series_number', 'title', 'track', 'year']
2026-09-27 15:54:24,760 INFO    ags.organize: copy /tmp/pytest-of-user/pytest-2/test_organize_abs_structure_an0/import/CD2/spår 1.mp3 -> /tmp/pytest-of-user/pytest-2/test_organize_abs_structure_an0/abs/Camilla Läckberg/Patrik Hedström/01 - Isprinsessan/03 - Isprinsessan.mp3
2026-09-27 15:54:24,761 INFO    ags.organize: taggar skrivna: ['album', 'artist', 'series', 'series_number', 'title', 'track', 'year']
2026-09-27 15:54:24,761 INFO    ags.organize: copy /tmp/pytest-of-user/pytest-2/test_organize_abs_structure_an0/import/CD2/spår 2.mp3 -> /tmp/pytest-of-user/pytest-2/test_organize_abs_structure_an0/abs/Camilla Läckberg/Patrik Hedström/01 - Isprinsessan/04 - Isprinsessan.mp3
2026-09-27 15:54:24,762 INFO    ags.organize: taggar skrivna: ['album', 'artist', 'series', 'series_number', 'title', 'track', 'year']
2026-09-27 15:54:24,767 INFO    ags.organize: skrev faktablad /tmp/pytest-of-user/pytest-2/test_organize_abs_structure_an0/abs/Camilla Läckberg/Patrik Hedström/01 - Isprinsessan/Isprinsessan.md
2026-09-27 15:54:24,771 INFO    ags.organize: move /tmp/pytest-of-user/pytest-2/test_organize_move_removes_sou0/a.mp3 -> /tmp/pytest-of-user/pytest-2/test_organize_move_removes_sou0/out/A/T/T.mp3
2026-09-27 15:54:24,772 INFO    ags.organize: taggar skrivna: ['artist', 'title']
2026-09-27 15:54:24,772 INFO    ags.organize: skrev faktablad /tmp/pytest-of-user/pytest-2/test_organize_move_removes_sou0/out/A/T/T.md
2026-09-27 15:54:25,376 DEBUG   ags: loggning initierad -> /home/user/audiobook-goodreads-sync/logs/ags.log
2026-09-27 15:54:25,399 INFO    ags.engine: match 'Track 01' -> 'The Green Mile — Stephen King' (0.86, behöver koll)
2026-09-27 15:54:25,399 INFO    ags.engine: matchning 'Track 01' -> behöver koll (källa=goodreads, poäng=0.86) sökfråga rensad till 'The Green Mile Stephen King'
2026-09-27 15:54:25,440 INFO    ags.organize: copy /tmp/pytest-of-user/pytest-2/test_organize_writes_track_num0/input/disc1_1.mp3 -> /tmp/pytest-of-user/pytest-2/test_organize_writes_track_num0/out/Förf/Serie/01 - Titel/01 - Titel.mp3
2026-09-27 15:54:25,441 INFO    ags.organize: taggar skrivna: ['artist', 'series', 'series_number', 'title', 'track']
2026-09-27 15:54:25,442 INFO    ags.organize: copy /tmp/pytest-of-user/pytest-2/test_organize_writes_track_num0/input/disc1_2.mp3 -> /tmp/pytest-of-user/pytest-2/test_organize_writes_track_num0/out/Förf/Serie/01 - Titel/02 - Titel.mp3
2026-09-27 15:54:25,442 INFO    ags.organize: taggar skrivna: ['artist', 'series', 'series_number', 'title', 'track']
2026-09-27 15:54:25,443 INFO    ags.organize: copy /tmp/pytest-of-user/pytest-2/test_organize_writes_track_num0/input/disc2_1.mp3 -> /tmp/pytest-of-user/pytest-2/test_organize_writes_track_num0/out/Förf/Serie/01 - Titel/03 - Titel.mp3
2026-09-27 15:54:25,443 INFO    ags.organize: taggar skrivna: ['artist', 'series', 'series_number', 'title', 'track']
2026-09-27 15:54:25,443 INFO    ags.organize: copy /tmp/pytest-of-user/pytest-2/test_organize_writes_track_num0/input/disc2_2.mp3 -> /tmp/pytest-of-user/pytest-2/test_organize_writes_track_num0/out/Förf/Serie/01 - Titel/04 - Titel.mp3
2026-09-27 15:54:25,444 INFO    ags.organize: taggar skrivna: ['artist', 'series', 'series_number', 'title', 'track']
2026-09-27 15:54:25,448 INFO    ags.organize: skrev faktablad /tmp/pytest-of-user/pytest-2/test_organize_writes_track_num0/out/Förf/Serie/01 - Titel/Titel.md
2026-09-27 15:54:25,454 INFO    ags.organize: rensade tom källmapp /tmp/pytest-of-user/pytest-2/test_move_is_verified_and_save0/källa/Fjällbacka 01 - Isprinsessan
2026-09-27 15:54:25,454 INFO    ags.organize: rensade tom källmapp /tmp/pytest-of-user/pytest-2/test_move_is_verified_and_save0/källa
2026-09-27 15:54:25,454 INFO    ags.organize: move /tmp/pytest-of-user/pytest-2/test_move_is_verified_and_save0/källa/Fjällbacka 01 - Isprinsessan/01 - Isprinsessan.mp3 -> /tmp/pytest-of-user/pytest-2/test_move_is_verified_and_save0/out/Camilla Läckberg/Fjällbacka/01 - Isprinsessan/Isprinsessan.mp3
2026-09-27 15:54:25,455 INFO    ags.organize: taggar skrivna: ['artist', 'series', 'series_number', 'title']
2026-09-27 15:54:25,456 INFO    ags.organize: skrev faktablad /tmp/pytest-of-user/pytest-2/test_move_is_verified_and_save0/out/Camilla Läckberg/Fjällbacka/01 - Isprinsessan/Isprinsessan.md
2026-09-27 15:54:25,458 INFO    ags.organize: copy /tmp/pytest-of-user/pytest-2/test_copy_keeps_source0/a.mp3 -> /tmp/pytest-of-user/pytest-2/test_copy_keeps_source0/out/A/T/T.mp3
2026-09-27 15:54:25,459 INFO    ags.organize: taggar skrivna: ['artist', 'title']
2026-09-27 15:54:25,459 INFO    ags.organize: skrev faktablad /tmp/pytest-of-user/pytest-2/test_copy_keeps_source0/out/A/T/T.md
2026-09-27 15:54:25,461 INFO    ags.organize: copy /tmp/pytest-of-user/pytest-2/test_move_overwrites_with_back0/src/b.mp3 -> /tmp/pytest-of-user/pytest-2/test_move_overwrites_with_back0/out/A/B/B.mp3
2026-09-27 15:54:25,461 INFO    ags.organize: taggar skrivna: ['artist', 'title']
2026-09-27 15:54:25,462 INFO    ags.organize: skrev faktablad /tmp/pytest-of-user/pytest-2/test_move_overwrites_with_back0/out/A/B/B.md
2026-09-27 15:54:25,463 INFO    ags.organize: tog bort gammal backup /tmp/pytest-of-user/pytest-2/test_move_overwrites_with_back0/out/A/B/B.mp3.över
2026-09-27 15:54:25,463 INFO    ags.organize: rensade tom källmapp /tmp/pytest-of-user/pytest-2/test_move_overwrites_with_back0/src2
2026-09-27 15:54:25,463 INFO    ags.organize: move /tmp/pytest-of-user/pytest-2/test_move_overwrites_with_back0/src2/b.mp3 -> /tmp/pytest-of-user/pytest-2/test_move_overwrites_with_back0/out/A/B/B.mp3
2026-09-27 15:54:25,463 INFO    ags.organize: taggar skrivna: ['artist', 'title']
2026-09-27 15:54:25,464 INFO    ags.organize: skrev faktablad /tmp/pytest-of-user/pytest-2/test_move_overwrites_with_back0/out/A/B/B.md
2026-09-27 15:54:25,467 ERROR   ags.organize: för lite utrymme: behöver 2097152, har 1048576
2026-09-27 15:54:26,301 INFO    ags.engine: match "Harry Potter and the Philosopher's Stone" -> "Harry Potter and the Philosopher's Stone — J.K. Rowling [Harry Potter #1]" (1.00, matchad)
2026-09-27 15:54:26,302 INFO    ags.engine: matchning "Harry Potter and the Philosopher's Stone" -> matchad (källa=goodreads, poäng=1.00) sökfråga rensad till 'x J.K. Rowling'
2026-09-27 15:54:26,940 DEBUG   ags: loggning initierad -> /home/user/audiobook-goodreads-sync/logs/ags.log
2026-09-27 16:22:45,910 DEBUG   ags: loggning initierad -> /home/user/audiobook-goodreads-sync/logs/ags.log
2026-09-27 16:22:45,910 DEBUG   ags.cli: CLI start, argv=['match', "Harry Potter and the Philosopher's Stone", '-a', 'J.K. Rowling']
2026-09-27 16:22:45,913 WARNING ags.ags.deps: beroenden saknas: tesseract (OCR-skärmbildsläget (fliken 'Skärmbild / text'))
2026-09-27 16:22:45,920 INFO    ags.ags.cleanup: cacherensning i /home/user/audiobook-goodreads-sync: 3 objekt bort (.pytest_cache, ags/__pycache__, tests/__pycache__)
2026-09-27 16:22:45,968 DEBUG   ags: loggning initierad -> /home/user/audiobook-goodreads-sync/logs/ags.log
2026-09-27 16:22:45,977 INFO    ags.engine.match: inga träffar för 'Isprinsessan Camilla Läckberg' från goodreads/bridge — provar reservkällor
2026-09-27 16:22:45,977 INFO    ags.engine.match: reservkälla gav 1 träffar för 'Isprinsessan Camilla Läckberg' (källa=openlibrary)
2026-09-27 16:22:46,006 INFO    ags.organize: copy /tmp/pytest-of-user/pytest-3/test_organize_abs_structure_an0/import/CD1/spår 1.mp3 -> /tmp/pytest-of-user/pytest-3/test_organize_abs_structure_an0/abs/Camilla Läckberg/Patrik Hedström/01 - Isprinsessan/01 - Isprinsessan.mp3
2026-09-27 16:22:46,007 INFO    ags.organize: taggar skrivna: ['album', 'artist', 'series', 'series_number', 'title', 'track', 'year']
2026-09-27 16:22:46,007 INFO    ags.organize: copy /tmp/pytest-of-user/pytest-3/test_organize_abs_structure_an0/import/CD1/spår 2.mp3 -> /tmp/pytest-of-user/pytest-3/test_organize_abs_structure_an0/abs/Camilla Läckberg/Patrik Hedström/01 - Isprinsessan/02 - Isprinsessan.mp3
2026-09-27 16:22:46,008 INFO    ags.organize: taggar skrivna: ['album', 'artist', 'series', 'series_number', 'title', 'track', 'year']
2026-09-27 16:22:46,008 INFO    ags.organize: copy /tmp/pytest-of-user/pytest-3/test_organize_abs_structure_an0/import/CD2/spår 1.mp3 -> /tmp/pytest-of-user/pytest-3/test_organize_abs_structure_an0/abs/Camilla Läckberg/Patrik Hedström/01 - Isprinsessan/03 - Isprinsessan.mp3
2026-09-27 16:22:46,009 INFO    ags.organize: taggar skrivna: ['album', 'artist', 'series', 'series_number', 'title', 'track', 'year']
2026-09-27 16:22:46,009 INFO    ags.organize: copy /tmp/pytest-of-user/pytest-3/test_organize_abs_structure_an0/import/CD2/spår 2.mp3 -> /tmp/pytest-of-user/pytest-3/test_organize_abs_structure_an0/abs/Camilla Läckberg/Patrik Hedström/01 - Isprinsessan/04 - Isprinsessan.mp3
2026-09-27 16:22:46,010 INFO    ags.organize: taggar skrivna: ['album', 'artist', 'series', 'series_number', 'title', 'track', 'year']
2026-09-27 16:22:46,013 INFO    ags.organize: skrev faktablad /tmp/pytest-of-user/pytest-3/test_organize_abs_structure_an0/abs/Camilla Läckberg/Patrik Hedström/01 - Isprinsessan/Isprinsessan.md
2026-09-27 16:22:46,017 INFO    ags.organize: move /tmp/pytest-of-user/pytest-3/test_organize_move_removes_sou0/a.mp3 -> /tmp/pytest-of-user/pytest-3/test_organize_move_removes_sou0/out/A/T/T.mp3
2026-09-27 16:22:46,017 INFO    ags.organize: taggar skrivna: ['artist', 'title']
2026-09-27 16:22:46,017 INFO    ags.organize: skrev faktablad /tmp/pytest-of-user/pytest-3/test_organize_move_removes_sou0/out/A/T/T.md
2026-09-27 16:22:46,475 DEBUG   ags: loggning initierad -> /home/user/audiobook-goodreads-sync/logs/ags.log
2026-09-27 16:22:46,486 INFO    ags.engine: match 'Track 01' -> 'The Green Mile — Stephen King' (0.86, behöver koll)
2026-09-27 16:22:46,486 INFO    ags.engine: matchning 'Track 01' -> behöver koll (källa=goodreads, poäng=0.86) sökfråga rensad till 'The Green Mile Stephen King'
2026-09-27 16:22:46,505 INFO    ags.organize: copy /tmp/pytest-of-user/pytest-3/test_organize_writes_track_num0/input/disc1_1.mp3 -> /tmp/pytest-of-user/pytest-3/test_organize_writes_track_num0/out/Förf/Serie/01 - Titel/01 - Titel.mp3
2026-09-27 16:22:46,506 INFO    ags.organize: taggar skrivna: ['artist', 'series', 'series_number', 'title', 'track']
2026-09-27 16:22:46,506 INFO    ags.organize: copy /tmp/pytest-of-user/pytest-3/test_organize_writes_track_num0/input/disc1_2.mp3 -> /tmp/pytest-of-user/pytest-3/test_organize_writes_track_num0/out/Förf/Serie/01 - Titel/02 - Titel.mp3
2026-09-27 16:22:46,506 INFO    ags.organize: taggar skrivna: ['artist', 'series', 'series_number', 'title', 'track']
2026-09-27 16:22:46,507 INFO    ags.organize: copy /tmp/pytest-of-user/pytest-3/test_organize_writes_track_num0/input/disc2_1.mp3 -> /tmp/pytest-of-user/pytest-3/test_organize_writes_track_num0/out/Förf/Serie/01 - Titel/03 - Titel.mp3
2026-09-27 16:22:46,507 INFO    ags.organize: taggar skrivna: ['artist', 'series', 'series_number', 'title', 'track']
2026-09-27 16:22:46,507 INFO    ags.organize: copy /tmp/pytest-of-user/pytest-3/test_organize_writes_track_num0/input/disc2_2.mp3 -> /tmp/pytest-of-user/pytest-3/test_organize_writes_track_num0/out/Förf/Serie/01 - Titel/04 - Titel.mp3
2026-09-27 16:22:46,508 INFO    ags.organize: taggar skrivna: ['artist', 'series', 'series_number', 'title', 'track']
2026-09-27 16:22:46,510 INFO    ags.organize: skrev faktablad /tmp/pytest-of-user/pytest-3/test_organize_writes_track_num0/out/Förf/Serie/01 - Titel/Titel.md
2026-09-27 16:22:46,514 INFO    ags.organize: rensade tom källmapp /tmp/pytest-of-user/pytest-3/test_move_is_verified_and_save0/källa/Fjällbacka 01 - Isprinsessan
2026-09-27 16:22:46,514 INFO    ags.organize: rensade tom källmapp /tmp/pytest-of-user/pytest-3/test_move_is_verified_and_save0/källa
2026-09-27 16:22:46,514 INFO    ags.organize: move /tmp/pytest-of-user/pytest-3/test_move_is_verified_and_save0/källa/Fjällbacka 01 - Isprinsessan/01 - Isprinsessan.mp3 -> /tmp/pytest-of-user/pytest-3/test_move_is_verified_and_save0/out/Camilla Läckberg/Fjällbacka/01 - Isprinsessan/Isprinsessan.mp3
2026-09-27 16:22:46,514 INFO    ags.organize: taggar skrivna: ['artist', 'series', 'series_number', 'title']
2026-09-27 16:22:46,515 INFO    ags.organize: skrev faktablad /tmp/pytest-of-user/pytest-3/test_move_is_verified_and_save0/out/Camilla Läckberg/Fjällbacka/01 - Isprinsessan/Isprinsessan.md
2026-09-27 16:22:46,517 INFO    ags.organize: copy /tmp/pytest-of-user/pytest-3/test_copy_keeps_source0/a.mp3 -> /tmp/pytest-of-user/pytest-3/test_copy_keeps_source0/out/A/T/T.mp3
2026-09-27 16:22:46,517 INFO    ags.organize: taggar skrivna: ['artist', 'title']
2026-09-27 16:22:46,517 INFO    ags.organize: skrev faktablad /tmp/pytest-of-user/pytest-3/test_copy_keeps_source0/out/A/T/T.md
2026-09-27 16:22:46,519 INFO    ags.organize: copy /tmp/pytest-of-user/pytest-3/test_move_overwrites_with_back0/src/b.mp3 -> /tmp/pytest-of-user/pytest-3/test_move_overwrites_with_back0/out/A/B/B.mp3
2026-09-27 16:22:46,519 INFO    ags.organize: taggar skrivna: ['artist', 'title']
2026-09-27 16:22:46,520 INFO    ags.organize: skrev faktablad /tmp/pytest-of-user/pytest-3/test_move_overwrites_with_back0/out/A/B/B.md
2026-09-27 16:22:46,520 INFO    ags.organize: tog bort gammal backup /tmp/pytest-of-user/pytest-3/test_move_overwrites_with_back0/out/A/B/B.mp3.över
2026-09-27 16:22:46,520 INFO    ags.organize: rensade tom källmapp /tmp/pytest-of-user/pytest-3/test_move_overwrites_with_back0/src2
2026-09-27 16:22:46,520 INFO    ags.organize: move /tmp/pytest-of-user/pytest-3/test_move_overwrites_with_back0/src2/b.mp3 -> /tmp/pytest-of-user/pytest-3/test_move_overwrites_with_back0/out/A/B/B.mp3
2026-09-27 16:22:46,520 INFO    ags.organize: taggar skrivna: ['artist', 'title']
2026-09-27 16:22:46,521 INFO    ags.organize: skrev faktablad /tmp/pytest-of-user/pytest-3/test_move_overwrites_with_back0/out/A/B/B.md
2026-09-27 16:22:46,524 ERROR   ags.organize: för lite utrymme: behöver 2097152, har 1048576
2026-09-27 16:22:47,236 INFO    ags.engine: match "Harry Potter and the Philosopher's Stone" -> "Harry Potter and the Philosopher's Stone — J.K. Rowling [Harry Potter #1]" (1.00, matchad)
2026-09-27 16:22:47,236 INFO    ags.engine: matchning "Harry Potter and the Philosopher's Stone" -> matchad (källa=goodreads, poäng=1.00) sökfråga rensad till 'x J.K. Rowling'
2026-09-27 16:40:10,248 DEBUG   ags: loggning initierad -> /home/user/audiobook-goodreads-sync/logs/ags.log
2026-09-27 16:40:10,248 DEBUG   ags.cli: CLI start, argv=['match', "Harry Potter and the Philosopher's Stone", '-a', 'J.K. Rowling']
2026-09-27 16:40:10,250 WARNING ags.ags.deps: beroenden saknas: tesseract (OCR-skärmbildsläget (fliken 'Skärmbild / text'))
2026-09-27 16:40:10,259 INFO    ags.ags.cleanup: cacherensning i /home/user/audiobook-goodreads-sync: 3 objekt bort (.pytest_cache, ags/__pycache__, tests/__pycache__)
2026-09-27 16:40:10,309 DEBUG   ags: loggning initierad -> /home/user/audiobook-goodreads-sync/logs/ags.log
2026-09-27 16:40:10,318 INFO    ags.engine.match: inga träffar för 'Isprinsessan Camilla Läckberg' från goodreads/bridge — provar reservkällor
2026-09-27 16:40:10,318 INFO    ags.engine.match: reservkälla gav 1 träffar för 'Isprinsessan Camilla Läckberg' (källa=openlibrary)
2026-09-27 16:40:10,349 INFO    ags.organize: copy /tmp/pytest-of-user/pytest-4/test_organize_abs_structure_an0/import/CD1/spår 1.mp3 -> /tmp/pytest-of-user/pytest-4/test_organize_abs_structure_an0/abs/Camilla Läckberg/Patrik Hedström/01 - Isprinsessan/01 - Isprinsessan.mp3
2026-09-27 16:40:10,350 INFO    ags.organize: taggar skrivna: ['album', 'artist', 'series', 'series_number', 'title', 'track', 'year']
2026-09-27 16:40:10,350 INFO    ags.organize: copy /tmp/pytest-of-user/pytest-4/test_organize_abs_structure_an0/import/CD1/spår 2.mp3 -> /tmp/pytest-of-user/pytest-4/test_organize_abs_structure_an0/abs/Camilla Läckberg/Patrik Hedström/01 - Isprinsessan/02 - Isprinsessan.mp3
2026-09-27 16:40:10,351 INFO    ags.organize: taggar skrivna: ['album', 'artist', 'series', 'series_number', 'title', 'track', 'year']
2026-09-27 16:40:10,351 INFO    ags.organize: copy /tmp/pytest-of-user/pytest-4/test_organize_abs_structure_an0/import/CD2/spår 1.mp3 -> /tmp/pytest-of-user/pytest-4/test_organize_abs_structure_an0/abs/Camilla Läckberg/Patrik Hedström/01 - Isprinsessan/03 - Isprinsessan.mp3
2026-09-27 16:40:10,351 INFO    ags.organize: taggar skrivna: ['album', 'artist', 'series', 'series_number', 'title', 'track', 'year']
2026-09-27 16:40:10,352 INFO    ags.organize: copy /tmp/pytest-of-user/pytest-4/test_organize_abs_structure_an0/import/CD2/spår 2.mp3 -> /tmp/pytest-of-user/pytest-4/test_organize_abs_structure_an0/abs/Camilla Läckberg/Patrik Hedström/01 - Isprinsessan/04 - Isprinsessan.mp3
2026-09-27 16:40:10,352 INFO    ags.organize: taggar skrivna: ['album', 'artist', 'series', 'series_number', 'title', 'track', 'year']
2026-09-27 16:40:10,355 INFO    ags.organize: skrev faktablad /tmp/pytest-of-user/pytest-4/test_organize_abs_structure_an0/abs/Camilla Läckberg/Patrik Hedström/01 - Isprinsessan/Isprinsessan.md
2026-09-27 16:40:10,358 INFO    ags.organize: move /tmp/pytest-of-user/pytest-4/test_organize_move_removes_sou0/a.mp3 -> /tmp/pytest-of-user/pytest-4/test_organize_move_removes_sou0/out/A/T/T.mp3
2026-09-27 16:40:10,358 INFO    ags.organize: taggar skrivna: ['artist', 'title']
2026-09-27 16:40:10,359 INFO    ags.organize: skrev faktablad /tmp/pytest-of-user/pytest-4/test_organize_move_removes_sou0/out/A/T/T.md
2026-09-27 16:40:10,883 DEBUG   ags: loggning initierad -> /home/user/audiobook-goodreads-sync/logs/ags.log
2026-09-27 16:40:10,897 INFO    ags.engine: match 'Track 01' -> 'The Green Mile — Stephen King' (0.86, behöver koll)
2026-09-27 16:40:10,898 INFO    ags.engine: matchning 'Track 01' -> behöver koll (källa=goodreads, poäng=0.86) sökfråga rensad till 'The Green Mile Stephen King'
2026-09-27 16:40:10,921 INFO    ags.organize: copy /tmp/pytest-of-user/pytest-4/test_organize_writes_track_num0/input/disc1_1.mp3 -> /tmp/pytest-of-user/pytest-4/test_organize_writes_track_num0/out/Förf/Serie/01 - Titel/01 - Titel.mp3
2026-09-27 16:40:10,921 INFO    ags.organize: taggar skrivna: ['artist', 'series', 'series_number', 'title', 'track']
2026-09-27 16:40:10,921 INFO    ags.organize: copy /tmp/pytest-of-user/pytest-4/test_organize_writes_track_num0/input/disc1_2.mp3 -> /tmp/pytest-of-user/pytest-4/test_organize_writes_track_num0/out/Förf/Serie/01 - Titel/02 - Titel.mp3
2026-09-27 16:40:10,922 INFO    ags.organize: taggar skrivna: ['artist', 'series', 'series_number', 'title', 'track']
2026-09-27 16:40:10,922 INFO    ags.organize: copy /tmp/pytest-of-user/pytest-4/test_organize_writes_track_num0/input/disc2_1.mp3 -> /tmp/pytest-of-user/pytest-4/test_organize_writes_track_num0/out/Förf/Serie/01 - Titel/03 - Titel.mp3
2026-09-27 16:40:10,923 INFO    ags.organize: taggar skrivna: ['artist', 'series', 'series_number', 'title', 'track']
2026-09-27 16:40:10,923 INFO    ags.organize: copy /tmp/pytest-of-user/pytest-4/test_organize_writes_track_num0/input/disc2_2.mp3 -> /tmp/pytest-of-user/pytest-4/test_organize_writes_track_num0/out/Förf/Serie/01 - Titel/04 - Titel.mp3
2026-09-27 16:40:10,923 INFO    ags.organize: taggar skrivna: ['artist', 'series', 'series_number', 'title', 'track']
2026-09-27 16:40:10,926 INFO    ags.organize: skrev faktablad /tmp/pytest-of-user/pytest-4/test_organize_writes_track_num0/out/Förf/Serie/01 - Titel/Titel.md
2026-09-27 16:40:10,931 INFO    ags.organize: rensade tom källmapp /tmp/pytest-of-user/pytest-4/test_move_is_verified_and_save0/källa/Fjällbacka 01 - Isprinsessan
2026-09-27 16:40:10,931 INFO    ags.organize: rensade tom källmapp /tmp/pytest-of-user/pytest-4/test_move_is_verified_and_save0/källa
2026-09-27 16:40:10,931 INFO    ags.organize: move /tmp/pytest-of-user/pytest-4/test_move_is_verified_and_save0/källa/Fjällbacka 01 - Isprinsessan/01 - Isprinsessan.mp3 -> /tmp/pytest-of-user/pytest-4/test_move_is_verified_and_save0/out/Camilla Läckberg/Fjällbacka/01 - Isprinsessan/Isprinsessan.mp3
2026-09-27 16:40:10,932 INFO    ags.organize: taggar skrivna: ['artist', 'series', 'series_number', 'title']
2026-09-27 16:40:10,933 INFO    ags.organize: skrev faktablad /tmp/pytest-of-user/pytest-4/test_move_is_verified_and_save0/out/Camilla Läckberg/Fjällbacka/01 - Isprinsessan/Isprinsessan.md
2026-09-27 16:40:10,934 INFO    ags.organize: copy /tmp/pytest-of-user/pytest-4/test_copy_keeps_source0/a.mp3 -> /tmp/pytest-of-user/pytest-4/test_copy_keeps_source0/out/A/T/T.mp3
2026-09-27 16:40:10,935 INFO    ags.organize: taggar skrivna: ['artist', 'title']
2026-09-27 16:40:10,935 INFO    ags.organize: skrev faktablad /tmp/pytest-of-user/pytest-4/test_copy_keeps_source0/out/A/T/T.md
2026-09-27 16:40:10,937 INFO    ags.organize: copy /tmp/pytest-of-user/pytest-4/test_move_overwrites_with_back0/src/b.mp3 -> /tmp/pytest-of-user/pytest-4/test_move_overwrites_with_back0/out/A/B/B.mp3
2026-09-27 16:40:10,937 INFO    ags.organize: taggar skrivna: ['artist', 'title']
2026-09-27 16:40:10,938 INFO    ags.organize: skrev faktablad /tmp/pytest-of-user/pytest-4/test_move_overwrites_with_back0/out/A/B/B.md
2026-09-27 16:40:10,938 INFO    ags.organize: tog bort gammal backup /tmp/pytest-of-user/pytest-4/test_move_overwrites_with_back0/out/A/B/B.mp3.över
2026-09-27 16:40:10,938 INFO    ags.organize: rensade tom källmapp /tmp/pytest-of-user/pytest-4/test_move_overwrites_with_back0/src2
2026-09-27 16:40:10,938 INFO    ags.organize: move /tmp/pytest-of-user/pytest-4/test_move_overwrites_with_back0/src2/b.mp3 -> /tmp/pytest-of-user/pytest-4/test_move_overwrites_with_back0/out/A/B/B.mp3
2026-09-27 16:40:10,939 INFO    ags.organize: taggar skrivna: ['artist', 'title']
2026-09-27 16:40:10,939 INFO    ags.organize: skrev faktablad /tmp/pytest-of-user/pytest-4/test_move_overwrites_with_back0/out/A/B/B.md
2026-09-27 16:40:10,942 ERROR   ags.organize: för lite utrymme: behöver 2097152, har 1048576
2026-09-27 16:40:11,608 INFO    ags.engine: match "Harry Potter and the Philosopher's Stone" -> "Harry Potter and the Philosopher's Stone — J.K. Rowling [Harry Potter #1]" (1.00, matchad)
2026-09-27 16:40:11,608 INFO    ags.engine: matchning "Harry Potter and the Philosopher's Stone" -> matchad (källa=goodreads, poäng=1.00) sökfråga rensad till 'x J.K. Rowling'
2026-09-27 16:56:20,126 DEBUG   ags: loggning initierad -> /home/user/audiobook-goodreads-sync/logs/ags.log
2026-09-27 16:56:20,126 DEBUG   ags.cli: CLI start, argv=['match', "Harry Potter and the Philosopher's Stone", '-a', 'J.K. Rowling']
2026-09-27 16:56:20,129 WARNING ags.ags.deps: beroenden saknas: tesseract (OCR-skärmbildsläget (fliken 'Skärmbild / text'))
2026-09-27 16:56:20,136 INFO    ags.ags.cleanup: cacherensning i /home/user/audiobook-goodreads-sync: 3 objekt bort (.pytest_cache, ags/__pycache__, tests/__pycache__)
2026-09-27 16:56:20,188 DEBUG   ags: loggning initierad -> /home/user/audiobook-goodreads-sync/logs/ags.log
2026-09-27 16:56:20,196 INFO    ags.engine.match: inga träffar för 'Isprinsessan Camilla Läckberg' från goodreads/bridge — provar reservkällor
2026-09-27 16:56:20,196 INFO    ags.engine.match: reservkälla gav 1 träffar för 'Isprinsessan Camilla Läckberg' (källa=openlibrary)
2026-09-27 16:56:20,225 INFO    ags.organize: copy /tmp/pytest-of-user/pytest-5/test_organize_abs_structure_an0/import/CD1/spår 1.mp3 -> /tmp/pytest-of-user/pytest-5/test_organize_abs_structure_an0/abs/Camilla Läckberg/Patrik Hedström/01 - Isprinsessan/01 - Isprinsessan.mp3
2026-09-27 16:56:20,227 INFO    ags.organize: taggar skrivna: ['album', 'artist', 'series', 'series_number', 'title', 'track', 'year']
2026-09-27 16:56:20,227 INFO    ags.organize: copy /tmp/pytest-of-user/pytest-5/test_organize_abs_structure_an0/import/CD1/spår 2.mp3 -> /tmp/pytest-of-user/pytest-5/test_organize_abs_structure_an0/abs/Camilla Läckberg/Patrik Hedström/01 - Isprinsessan/02 - Isprinsessan.mp3
2026-09-27 16:56:20,227 INFO    ags.organize: taggar skrivna: ['album', 'artist', 'series', 'series_number', 'title', 'track', 'year']
2026-09-27 16:56:20,228 INFO    ags.organize: copy /tmp/pytest-of-user/pytest-5/test_organize_abs_structure_an0/import/CD2/spår 1.mp3 -> /tmp/pytest-of-user/pytest-5/test_organize_abs_structure_an0/abs/Camilla Läckberg/Patrik Hedström/01 - Isprinsessan/03 - Isprinsessan.mp3
2026-09-27 16:56:20,228 INFO    ags.organize: taggar skrivna: ['album', 'artist', 'series', 'series_number', 'title', 'track', 'year']
2026-09-27 16:56:20,228 INFO    ags.organize: copy /tmp/pytest-of-user/pytest-5/test_organize_abs_structure_an0/import/CD2/spår 2.mp3 -> /tmp/pytest-of-user/pytest-5/test_organize_abs_structure_an0/abs/Camilla Läckberg/Patrik Hedström/01 - Isprinsessan/04 - Isprinsessan.mp3
2026-09-27 16:56:20,229 INFO    ags.organize: taggar skrivna: ['album', 'artist', 'series', 'series_number', 'title', 'track', 'year']
2026-09-27 16:56:20,232 INFO    ags.organize: skrev faktablad /tmp/pytest-of-user/pytest-5/test_organize_abs_structure_an0/abs/Camilla Läckberg/Patrik Hedström/01 - Isprinsessan/Isprinsessan.md
2026-09-27 16:56:20,234 INFO    ags.organize: move /tmp/pytest-of-user/pytest-5/test_organize_move_removes_sou0/a.mp3 -> /tmp/pytest-of-user/pytest-5/test_organize_move_removes_sou0/out/A/T/T.mp3
2026-09-27 16:56:20,235 INFO    ags.organize: taggar skrivna: ['artist', 'title']
2026-09-27 16:56:20,235 INFO    ags.organize: skrev faktablad /tmp/pytest-of-user/pytest-5/test_organize_move_removes_sou0/out/A/T/T.md
2026-09-27 16:56:20,726 DEBUG   ags: loggning initierad -> /home/user/audiobook-goodreads-sync/logs/ags.log
2026-09-27 16:56:20,737 INFO    ags.engine: match 'Track 01' -> 'The Green Mile — Stephen King' (0.86, behöver koll)
2026-09-27 16:56:20,738 INFO    ags.engine: matchning 'Track 01' -> behöver koll (källa=goodreads, poäng=0.86) sökfråga rensad till 'The Green Mile Stephen King'
2026-09-27 16:56:20,758 INFO    ags.organize: copy /tmp/pytest-of-user/pytest-5/test_organize_writes_track_num0/input/disc1_1.mp3 -> /tmp/pytest-of-user/pytest-5/test_organize_writes_track_num0/out/Förf/Serie/01 - Titel/01 - Titel.mp3
2026-09-27 16:56:20,759 INFO    ags.organize: taggar skrivna: ['artist', 'series', 'series_number', 'title', 'track']
2026-09-27 16:56:20,759 INFO    ags.organize: copy /tmp/pytest-of-user/pytest-5/test_organize_writes_track_num0/input/disc1_2.mp3 -> /tmp/pytest-of-user/pytest-5/test_organize_writes_track_num0/out/Förf/Serie/01 - Titel/02 - Titel.mp3
2026-09-27 16:56:20,759 INFO    ags.organize: taggar skrivna: ['artist', 'series', 'series_number', 'title', 'track']
2026-09-27 16:56:20,759 INFO    ags.organize: copy /tmp/pytest-of-user/pytest-5/test_organize_writes_track_num0/input/disc2_1.mp3 -> /tmp/pytest-of-user/pytest-5/test_organize_writes_track_num0/out/Förf/Serie/01 - Titel/03 - Titel.mp3
2026-09-27 16:56:20,760 INFO    ags.organize: taggar skrivna: ['artist', 'series', 'series_number', 'title', 'track']
2026-09-27 16:56:20,760 INFO    ags.organize: copy /tmp/pytest-of-user/pytest-5/test_organize_writes_track_num0/input/disc2_2.mp3 -> /tmp/pytest-of-user/pytest-5/test_organize_writes_track_num0/out/Förf/Serie/01 - Titel/04 - Titel.mp3
2026-09-27 16:56:20,761 INFO    ags.organize: taggar skrivna: ['artist', 'series', 'series_number', 'title', 'track']
2026-09-27 16:56:20,764 INFO    ags.organize: skrev faktablad /tmp/pytest-of-user/pytest-5/test_organize_writes_track_num0/out/Förf/Serie/01 - Titel/Titel.md
2026-09-27 16:56:20,768 INFO    ags.organize: rensade tom källmapp /tmp/pytest-of-user/pytest-5/test_move_is_verified_and_save0/källa/Fjällbacka 01 - Isprinsessan
2026-09-27 16:56:20,768 INFO    ags.organize: rensade tom källmapp /tmp/pytest-of-user/pytest-5/test_move_is_verified_and_save0/källa
2026-09-27 16:56:20,768 INFO    ags.organize: move /tmp/pytest-of-user/pytest-5/test_move_is_verified_and_save0/källa/Fjällbacka 01 - Isprinsessan/01 - Isprinsessan.mp3 -> /tmp/pytest-of-user/pytest-5/test_move_is_verified_and_save0/out/Camilla Läckberg/Fjällbacka/01 - Isprinsessan/Isprinsessan.mp3
2026-09-27 16:56:20,768 INFO    ags.organize: taggar skrivna: ['artist', 'series', 'series_number', 'title']
2026-09-27 16:56:20,769 INFO    ags.organize: skrev faktablad /tmp/pytest-of-user/pytest-5/test_move_is_verified_and_save0/out/Camilla Läckberg/Fjällbacka/01 - Isprinsessan/Isprinsessan.md
2026-09-27 16:56:20,770 INFO    ags.organize: copy /tmp/pytest-of-user/pytest-5/test_copy_keeps_source0/a.mp3 -> /tmp/pytest-of-user/pytest-5/test_copy_keeps_source0/out/A/T/T.mp3
2026-09-27 16:56:20,771 INFO    ags.organize: taggar skrivna: ['artist', 'title']
2026-09-27 16:56:20,771 INFO    ags.organize: skrev faktablad /tmp/pytest-of-user/pytest-5/test_copy_keeps_source0/out/A/T/T.md
2026-09-27 16:56:20,773 INFO    ags.organize: copy /tmp/pytest-of-user/pytest-5/test_move_overwrites_with_back0/src/b.mp3 -> /tmp/pytest-of-user/pytest-5/test_move_overwrites_with_back0/out/A/B/B.mp3
2026-09-27 16:56:20,773 INFO    ags.organize: taggar skrivna: ['artist', 'title']
2026-09-27 16:56:20,773 INFO    ags.organize: skrev faktablad /tmp/pytest-of-user/pytest-5/test_move_overwrites_with_back0/out/A/B/B.md
2026-09-27 16:56:20,774 INFO    ags.organize: tog bort gammal backup /tmp/pytest-of-user/pytest-5/test_move_overwrites_with_back0/out/A/B/B.mp3.över
2026-09-27 16:56:20,774 INFO    ags.organize: rensade tom källmapp /tmp/pytest-of-user/pytest-5/test_move_overwrites_with_back0/src2
2026-09-27 16:56:20,774 INFO    ags.organize: move /tmp/pytest-of-user/pytest-5/test_move_overwrites_with_back0/src2/b.mp3 -> /tmp/pytest-of-user/pytest-5/test_move_overwrites_with_back0/out/A/B/B.mp3
2026-09-27 16:56:20,774 INFO    ags.organize: taggar skrivna: ['artist', 'title']
2026-09-27 16:56:20,774 INFO    ags.organize: skrev faktablad /tmp/pytest-of-user/pytest-5/test_move_overwrites_with_back0/out/A/B/B.md
2026-09-27 16:56:20,777 ERROR   ags.organize: för lite utrymme: behöver 2097152, har 1048576
2026-09-27 16:56:21,404 INFO    ags.engine: match "Harry Potter and the Philosopher's Stone" -> "Harry Potter and the Philosopher's Stone — J.K. Rowling [Harry Potter #1]" (1.00, matchad)
2026-09-27 16:56:21,405 INFO    ags.engine: matchning "Harry Potter and the Philosopher's Stone" -> matchad (källa=goodreads, poäng=1.00) sökfråga rensad till 'x J.K. Rowling'
2026-09-27 16:56:21,828 DEBUG   ags: loggning initierad -> /home/user/audiobook-goodreads-sync/logs/ags.log
2026-09-27 16:56:24,970 DEBUG   ags: loggning initierad -> /home/user/audiobook-goodreads-sync/logs/ags.log
2026-09-27 16:56:24,970 DEBUG   ags.cli: CLI start, argv=['cleanup']
2026-09-27 16:56:24,975 WARNING ags.ags.deps: beroenden saknas: tesseract (OCR-skärmbildsläget (fliken 'Skärmbild / text'))
2026-09-27 16:56:24,978 INFO    ags.ags.cleanup: cacherensning i /home/user/audiobook-goodreads-sync: 2 objekt bort (.pytest_cache, ags/__pycache__)
2026-09-27 16:56:24,978 INFO    ags.ags.cleanup: cacherensning i /home/user/audiobook-goodreads-sync: 0 objekt bort (inget att rensa)
2026-09-27 17:01:04,201 DEBUG   ags: loggning initierad -> /home/user/audiobook-goodreads-sync/logs/ags.log
2026-09-27 17:01:04,201 DEBUG   ags.cli: CLI start, argv=['match', "Harry Potter and the Philosopher's Stone", '-a', 'J.K. Rowling']
2026-09-27 17:01:04,203 WARNING ags.ags.deps: beroenden saknas: tesseract (OCR-skärmbildsläget (fliken 'Skärmbild / text'))
2026-09-27 17:01:04,211 INFO    ags.ags.cleanup: cacherensning i /home/user/audiobook-goodreads-sync: 2 objekt bort (ags/__pycache__, tests/__pycache__)
2026-09-27 17:01:04,264 DEBUG   ags: loggning initierad -> /home/user/audiobook-goodreads-sync/logs/ags.log
2026-09-27 17:01:04,275 INFO    ags.engine.match: inga träffar för 'Isprinsessan Camilla Läckberg' från goodreads/bridge — provar reservkällor
2026-09-27 17:01:04,275 INFO    ags.engine.match: reservkälla gav 1 träffar för 'Isprinsessan Camilla Läckberg' (källa=openlibrary)
2026-09-27 17:01:04,307 INFO    ags.organize: copy /tmp/pytest-of-user/pytest-6/test_organize_abs_structure_an0/import/CD1/spår 1.mp3 -> /tmp/pytest-of-user/pytest-6/test_organize_abs_structure_an0/abs/Camilla Läckberg/Patrik Hedström/01 - Isprinsessan/01 - Isprinsessan.mp3
2026-09-27 17:01:04,308 INFO    ags.organize: taggar skrivna: ['album', 'artist', 'series', 'series_number', 'title', 'track', 'year']
2026-09-27 17:01:04,309 INFO    ags.organize: copy /tmp/pytest-of-user/pytest-6/test_organize_abs_structure_an0/import/CD1/spår 2.mp3 -> /tmp/pytest-of-user/pytest-6/test_organize_abs_structure_an0/abs/Camilla Läckberg/Patrik Hedström/01 - Isprinsessan/02 - Isprinsessan.mp3
2026-09-27 17:01:04,309 INFO    ags.organize: taggar skrivna: ['album', 'artist', 'series', 'series_number', 'title', 'track', 'year']
2026-09-27 17:01:04,309 INFO    ags.organize: copy /tmp/pytest-of-user/pytest-6/test_organize_abs_structure_an0/import/CD2/spår 1.mp3 -> /tmp/pytest-of-user/pytest-6/test_organize_abs_structure_an0/abs/Camilla Läckberg/Patrik Hedström/01 - Isprinsessan/03 - Isprinsessan.mp3
2026-09-27 17:01:04,310 INFO    ags.organize: taggar skrivna: ['album', 'artist', 'series', 'series_number', 'title', 'track', 'year']
2026-09-27 17:01:04,310 INFO    ags.organize: copy /tmp/pytest-of-user/pytest-6/test_organize_abs_structure_an0/import/CD2/spår 2.mp3 -> /tmp/pytest-of-user/pytest-6/test_organize_abs_structure_an0/abs/Camilla Läckberg/Patrik Hedström/01 - Isprinsessan/04 - Isprinsessan.mp3
2026-09-27 17:01:04,311 INFO    ags.organize: taggar skrivna: ['album', 'artist', 'series', 'series_number', 'title', 'track', 'year']
2026-09-27 17:01:04,314 INFO    ags.organize: skrev faktablad /tmp/pytest-of-user/pytest-6/test_organize_abs_structure_an0/abs/Camilla Läckberg/Patrik Hedström/01 - Isprinsessan/Isprinsessan.md
2026-09-27 17:01:04,316 INFO    ags.organize: move /tmp/pytest-of-user/pytest-6/test_organize_move_removes_sou0/a.mp3 -> /tmp/pytest-of-user/pytest-6/test_organize_move_removes_sou0/out/A/T/T.mp3
2026-09-27 17:01:04,317 INFO    ags.organize: taggar skrivna: ['artist', 'title']
2026-09-27 17:01:04,317 INFO    ags.organize: skrev faktablad /tmp/pytest-of-user/pytest-6/test_organize_move_removes_sou0/out/A/T/T.md
2026-09-27 17:01:04,856 DEBUG   ags: loggning initierad -> /home/user/audiobook-goodreads-sync/logs/ags.log
2026-09-27 17:01:04,869 INFO    ags.engine: match 'Track 01' -> 'The Green Mile — Stephen King' (0.86, behöver koll)
2026-09-27 17:01:04,869 INFO    ags.engine: matchning 'Track 01' -> behöver koll (källa=goodreads, poäng=0.86) sökfråga rensad till 'The Green Mile Stephen King'
2026-09-27 17:01:04,889 INFO    ags.organize: copy /tmp/pytest-of-user/pytest-6/test_organize_writes_track_num0/input/disc1_1.mp3 -> /tmp/pytest-of-user/pytest-6/test_organize_writes_track_num0/out/Förf/Serie/01 - Titel/01 - Titel.mp3
2026-09-27 17:01:04,890 INFO    ags.organize: taggar skrivna: ['artist', 'series', 'series_number', 'title', 'track']
2026-09-27 17:01:04,890 INFO    ags.organize: copy /tmp/pytest-of-user/pytest-6/test_organize_writes_track_num0/input/disc1_2.mp3 -> /tmp/pytest-of-user/pytest-6/test_organize_writes_track_num0/out/Förf/Serie/01 - Titel/02 - Titel.mp3
2026-09-27 17:01:04,891 INFO    ags.organize: taggar skrivna: ['artist', 'series', 'series_number', 'title', 'track']
2026-09-27 17:01:04,891 INFO    ags.organize: copy /tmp/pytest-of-user/pytest-6/test_organize_writes_track_num0/input/disc2_1.mp3 -> /tmp/pytest-of-user/pytest-6/test_organize_writes_track_num0/out/Förf/Serie/01 - Titel/03 - Titel.mp3
2026-09-27 17:01:04,891 INFO    ags.organize: taggar skrivna: ['artist', 'series', 'series_number', 'title', 'track']
2026-09-27 17:01:04,891 INFO    ags.organize: copy /tmp/pytest-of-user/pytest-6/test_organize_writes_track_num0/input/disc2_2.mp3 -> /tmp/pytest-of-user/pytest-6/test_organize_writes_track_num0/out/Förf/Serie/01 - Titel/04 - Titel.mp3
2026-09-27 17:01:04,892 INFO    ags.organize: taggar skrivna: ['artist', 'series', 'series_number', 'title', 'track']
2026-09-27 17:01:04,894 INFO    ags.organize: skrev faktablad /tmp/pytest-of-user/pytest-6/test_organize_writes_track_num0/out/Förf/Serie/01 - Titel/Titel.md
2026-09-27 17:01:04,898 INFO    ags.organize: rensade tom källmapp /tmp/pytest-of-user/pytest-6/test_move_is_verified_and_save0/källa/Fjällbacka 01 - Isprinsessan
2026-09-27 17:01:04,898 INFO    ags.organize: rensade tom källmapp /tmp/pytest-of-user/pytest-6/test_move_is_verified_and_save0/källa
2026-09-27 17:01:04,898 INFO    ags.organize: move /tmp/pytest-of-user/pytest-6/test_move_is_verified_and_save0/källa/Fjällbacka 01 - Isprinsessan/01 - Isprinsessan.mp3 -> /tmp/pytest-of-user/pytest-6/test_move_is_verified_and_save0/out/Camilla Läckberg/Fjällbacka/01 - Isprinsessan/Isprinsessan.mp3
2026-09-27 17:01:04,899 INFO    ags.organize: taggar skrivna: ['artist', 'series', 'series_number', 'title']
2026-09-27 17:01:04,899 INFO    ags.organize: skrev faktablad /tmp/pytest-of-user/pytest-6/test_move_is_verified_and_save0/out/Camilla Läckberg/Fjällbacka/01 - Isprinsessan/Isprinsessan.md
2026-09-27 17:01:04,901 INFO    ags.organize: copy /tmp/pytest-of-user/pytest-6/test_copy_keeps_source0/a.mp3 -> /tmp/pytest-of-user/pytest-6/test_copy_keeps_source0/out/A/T/T.mp3
2026-09-27 17:01:04,901 INFO    ags.organize: taggar skrivna: ['artist', 'title']
2026-09-27 17:01:04,902 INFO    ags.organize: skrev faktablad /tmp/pytest-of-user/pytest-6/test_copy_keeps_source0/out/A/T/T.md
2026-09-27 17:01:04,903 INFO    ags.organize: copy /tmp/pytest-of-user/pytest-6/test_move_overwrites_with_back0/src/b.mp3 -> /tmp/pytest-of-user/pytest-6/test_move_overwrites_with_back0/out/A/B/B.mp3
2026-09-27 17:01:04,904 INFO    ags.organize: taggar skrivna: ['artist', 'title']
2026-09-27 17:01:04,904 INFO    ags.organize: skrev faktablad /tmp/pytest-of-user/pytest-6/test_move_overwrites_with_back0/out/A/B/B.md
2026-09-27 17:01:04,904 INFO    ags.organize: tog bort gammal backup /tmp/pytest-of-user/pytest-6/test_move_overwrites_with_back0/out/A/B/B.mp3.över
2026-09-27 17:01:04,905 INFO    ags.organize: rensade tom källmapp /tmp/pytest-of-user/pytest-6/test_move_overwrites_with_back0/src2
2026-09-27 17:01:04,905 INFO    ags.organize: move /tmp/pytest-of-user/pytest-6/test_move_overwrites_with_back0/src2/b.mp3 -> /tmp/pytest-of-user/pytest-6/test_move_overwrites_with_back0/out/A/B/B.mp3
2026-09-27 17:01:04,905 INFO    ags.organize: taggar skrivna: ['artist', 'title']
2026-09-27 17:01:04,905 INFO    ags.organize: skrev faktablad /tmp/pytest-of-user/pytest-6/test_move_overwrites_with_back0/out/A/B/B.md
2026-09-27 17:01:04,908 ERROR   ags.organize: för lite utrymme: behöver 2097152, har 1048576
2026-09-27 17:01:05,581 INFO    ags.engine: match "Harry Potter and the Philosopher's Stone" -> "Harry Potter and the Philosopher's Stone — J.K. Rowling [Harry Potter #1]" (1.00, matchad)
2026-09-27 17:01:05,582 INFO    ags.engine: matchning "Harry Potter and the Philosopher's Stone" -> matchad (källa=goodreads, poäng=1.00) sökfråga rensad till 'x J.K. Rowling'
2026-09-27 17:01:06,134 DEBUG   ags: loggning initierad -> /home/user/audiobook-goodreads-sync/logs/ags.log
2026-09-27 19:03:01,541 DEBUG   ags: loggning initierad -> C:\Users\monon\Downloads\workspace-01a0e205-0da8-7a1b-a518-40776e5da1f5\audiobook-goodreads-sync\logs\ags.log
2026-09-27 19:03:01,542 DEBUG   ags: loggning initierad -> C:\Users\monon\Downloads\workspace-01a0e205-0da8-7a1b-a518-40776e5da1f5\audiobook-goodreads-sync\logs\ags.log
2026-09-27 19:03:01,542 INFO    ags.gui: GUI startad (logg: C:\Users\monon\Downloads\workspace-01a0e205-0da8-7a1b-a518-40776e5da1f5\audiobook-goodreads-sync\logs\ags.log)
2026-09-27 19:03:02,409 DEBUG   ags.gui: laddar inställningar
2026-09-27 19:03:02,410 DEBUG   ags.ags.settings: inställningar lästa från C:\Users\monon\.audiobook-goodreads\settings.json
2026-09-27 19:03:02,433 DEBUG   ags.gui: historikfliken uppdateras
2026-09-27 19:03:02,916 DEBUG   ags.gui: logg: tail
2026-09-27 19:03:03,306 INFO    ags.gui: knapp: Kontrollera tillägg (manual=False)
2026-09-27 19:03:03,334 WARNING ags.ags.deps: beroenden saknas: tesseract (OCR-skärmbildsläget (fliken 'Skärmbild / text'))
2026-09-27 19:03:05,596 DEBUG   ags.gui: logg: tail
2026-09-27 19:03:08,125 DEBUG   ags.gui: logg: tail
2026-09-27 19:03:10,649 DEBUG   ags.gui: logg: tail
2026-09-27 19:03:13,176 DEBUG   ags.gui: logg: tail
2026-09-27 19:03:15,706 DEBUG   ags.gui: logg: tail
2026-09-27 19:03:18,243 DEBUG   ags.gui: logg: tail
2026-09-27 19:03:18,309 INFO    ags.ags.settings: inställningar sparade till C:\Users\monon\.audiobook-goodreads\settings.json
2026-09-27 19:03:18,309 INFO    ags.gui: inställningar sparade (silent=True): import='C:/Users/monon/Documents/lazylibrarian' output='C:/Users/monon/Documents/Ljudböcker' flytta=True serie=True skip_done=True
2026-09-27 19:03:18,324 INFO    ags.gui: språk ändrat till en
2026-09-27 19:03:20,775 DEBUG   ags.gui: logg: tail
2026-09-27 19:03:22,863 INFO    ags.gui: hjälp: öppna PayPal donation
2026-09-27 19:03:23,302 DEBUG   ags.gui: logg: tail
2026-09-27 19:03:25,828 DEBUG   ags.gui: logg: tail
2026-09-27 19:03:28,361 DEBUG   ags.gui: logg: tail
2026-09-27 19:03:30,879 DEBUG   ags.gui: logg: tail
2026-09-27 19:03:33,408 DEBUG   ags.gui: logg: tail
2026-09-27 19:03:34,956 INFO    ags.gui: hjälp: öppna Ko-fi donation
2026-09-27 19:03:35,924 DEBUG   ags.gui: logg: tail
2026-09-27 19:03:38,458 DEBUG   ags.gui: logg: tail
2026-09-27 19:03:40,992 DEBUG   ags.gui: logg: tail
2026-09-27 19:03:43,525 DEBUG   ags.gui: logg: tail
2026-09-27 19:03:46,111 DEBUG   ags.gui: logg: tail
2026-09-27 19:03:48,634 DEBUG   ags.gui: logg: tail
2026-09-27 19:03:51,161 DEBUG   ags.gui: logg: tail
2026-09-27 19:03:53,691 DEBUG   ags.gui: logg: tail
2026-09-27 19:03:56,215 DEBUG   ags.gui: logg: tail
2026-09-27 19:03:58,733 DEBUG   ags.gui: logg: tail
2026-09-27 19:04:01,260 DEBUG   ags.gui: logg: tail
2026-09-27 19:04:03,794 DEBUG   ags.gui: logg: tail
2026-09-27 19:04:06,325 DEBUG   ags.gui: logg: tail
2026-09-27 19:04:08,853 DEBUG   ags.gui: logg: tail
2026-09-27 19:04:11,388 DEBUG   ags.gui: logg: tail
2026-09-27 19:04:13,922 DEBUG   ags.gui: logg: tail
2026-09-27 19:04:16,444 DEBUG   ags.gui: logg: tail
2026-09-27 19:04:18,970 DEBUG   ags.gui: logg: tail
2026-09-27 19:04:21,494 DEBUG   ags.gui: logg: tail
2026-09-27 19:04:24,023 DEBUG   ags.gui: logg: tail
2026-09-27 19:04:26,537 DEBUG   ags.gui: logg: tail
2026-09-27 19:04:29,071 DEBUG   ags.gui: logg: tail
2026-09-27 19:04:31,605 DEBUG   ags.gui: logg: tail
2026-09-27 19:04:34,125 DEBUG   ags.gui: logg: tail
2026-09-27 19:04:36,639 DEBUG   ags.gui: logg: tail
2026-09-27 19:04:39,164 DEBUG   ags.gui: logg: tail
2026-09-27 19:04:41,714 DEBUG   ags.gui: logg: tail
2026-09-27 19:04:44,227 DEBUG   ags.gui: logg: tail
2026-09-27 19:04:46,742 DEBUG   ags.gui: logg: tail
2026-09-27 19:04:52,831 INFO    ags.gui: SKANNING startad: 'C:/Users/monon/Documents/lazylibrarian'
2026-09-27 19:04:52,833 INFO    ags.ags.settings: inställningar sparade till C:\Users\monon\.audiobook-goodreads\settings.json
2026-09-27 19:04:52,834 INFO    ags.gui: inställningar sparade (silent=True): import='C:/Users/monon/Documents/lazylibrarian' output='C:/Users/monon/Documents/Ljudböcker' flytta=True serie=True skip_done=True
2026-09-27 19:04:52,834 INFO    ags.gui: jobb startar: Skannar
2026-09-27 19:04:52,834 DEBUG   ags.gui: jobbtråd kör: Skannar
2026-09-27 19:04:52,835 INFO    ags.gui: ui-status: Skannar C:/Users/monon/Documents/lazylibrarian …
2026-09-27 19:04:52,836 DEBUG   ags.gui: logg: tail
2026-09-27 19:04:55,352 DEBUG   ags.gui: logg: tail
2026-09-27 19:04:57,872 DEBUG   ags.gui: logg: tail
2026-09-27 19:04:58,726 INFO    ags.gui: ui-status: 1881 ljudfiler hittade
2026-09-27 19:04:58,865 INFO    ags.gui: ui-status: Söker: lazylibrarian
2026-09-27 19:04:58,866 INFO    ags.gui: ui-status: hämtar https://www.goodreads.com/search?page=1&q=lazylibrarian+Neil+Gaiman
2026-09-27 19:05:00,245 INFO    ags.goodreads: GET https://www.goodreads.com/search?page=1&q=lazylibrarian+Neil+Gaiman -> 200 (159145 byte)
2026-09-27 19:05:00,369 INFO    ags.gui: ui-status: hämtar https://www.goodreads.com/search?page=1&q=lazylibrarian+1
2026-09-27 19:05:00,385 DEBUG   ags.gui: logg: tail
2026-09-27 19:05:00,683 INFO    ags.goodreads: GET https://www.goodreads.com/search?page=1&q=lazylibrarian+1 -> 200 (158960 byte)
2026-09-27 19:05:00,718 INFO    ags.engine.match: goodreads gav 0 träffar för 'lazylibrarian Neil Gaiman' — provar originaltitlar via Wikipedia
2026-09-27 19:05:01,600 INFO    ags.engine.match: inga träffar för 'lazylibrarian Neil Gaiman' från goodreads/bridge — provar reservkällor
2026-09-27 19:05:01,601 DEBUG   ags.ags.nordic: GET https://www.storytel.com/api/search.action?request_locale=sv&q=lazylibrarian%20Neil%20Gaiman
2026-09-27 19:05:01,618 INFO    ags.gui: ui-status: Provar reservkällor (Storytel/BookBeat/Open Library) …
2026-09-27 19:05:02,351 DEBUG   ags.ags.nordic:   <- 200, 29 bytes
2026-09-27 19:05:02,353 INFO    ags.ags.nordic: Storytel: 0 träffar för 'lazylibrarian Neil Gaiman'
2026-09-27 19:05:02,353 DEBUG   ags.ags.nordic: GET https://search-api.bookbeat.com/api/appsearch/suggest?includeErotic=false&market=sweden&query=lazylibrarian%20Neil%20Gaiman&v=18
2026-09-27 19:05:02,914 DEBUG   ags.gui: logg: tail
2026-09-27 19:05:03,171 DEBUG   ags.ags.nordic:   <- 200, 38 bytes
2026-09-27 19:05:03,173 INFO    ags.ags.nordic: BookBeat: 0 träffar för 'lazylibrarian Neil Gaiman'
2026-09-27 19:05:05,251 WARNING ags.goodreads: WAF-blockad: https://www.goodreads.com/search?page=1&q=Neverwhere+Neil+Gaiman (HTTP 202, challenge) | aws-waf-token: ej satt. Orsak: Goodreads bot-skydd (AWS WAF) kräver giltig token eller webbläsarupplåsning — se fliken Logg / 'Goodreads blockerad?'.
2026-09-27 19:05:05,251 WARNING ags.engine.match: goodreads blockerad för 'Neverwhere Neil Gaiman': Goodreads blockerade förfrågan (HTTP 202, challenge).
2026-09-27 19:05:05,258 INFO    ags.gui: ui-status: Söker: Neverwhere
2026-09-27 19:05:05,258 INFO    ags.gui: ui-status: hämtar https://www.goodreads.com/search?page=1&q=Neverwhere+Neil+Gaiman
2026-09-27 19:05:05,259 INFO    ags.gui: ui-status: Goodreads blockerad — låser upp via din webbläsare …
2026-09-27 19:05:05,383 INFO    ags.gui: ui-status: Startar Brave headless för att lösa Goodreads WAF-utmaning …
2026-09-27 19:05:05,430 DEBUG   ags.gui: logg: tail
2026-09-27 19:05:07,961 DEBUG   ags.gui: logg: tail
2026-09-27 19:05:09,218 INFO    ags.gui: ui-status: Cookie uppläst via DevTools (354 tecken).
2026-09-27 19:05:09,343 INFO    ags.gui: ui-status: Hämtade aws-waf-token via Brave (354 tecken).
2026-09-27 19:05:09,347 INFO    ags.ags.settings: inställningar sparade till C:\Users\monon\.audiobook-goodreads\settings.json
2026-09-27 19:05:09,347 INFO    ags.gui: inställningar sparade (silent=True): import='C:/Users/monon/Documents/lazylibrarian' output='C:/Users/monon/Documents/Ljudböcker' flytta=True serie=True skip_done=True
2026-09-27 19:05:09,348 INFO    ags.gui: ui-status: hämtar https://www.goodreads.com/search?page=1&q=Neverwhere+Neil+Gaiman
2026-09-27 19:05:10,510 DEBUG   ags.gui: logg: tail
2026-09-27 19:05:10,652 INFO    ags.goodreads: GET https://www.goodreads.com/search?page=1&q=Neverwhere+Neil+Gaiman -> 200 (443520 byte)
2026-09-27 19:05:10,759 INFO    ags.engine.match: goodreads gav 0 träffar för 'Neverwhere Neil Gaiman' — provar originaltitlar via Wikipedia
2026-09-27 19:05:10,784 INFO    ags.gui: ui-status: sökfråga rensad till 'Neverwhere Neil Gaiman' | Goodreads blockerad (AWS WAF)
2026-09-27 19:05:11,097 INFO    ags.engine.match: originaltitel-kandidat: 'Neverwhere'
2026-09-27 19:05:11,168 INFO    ags.gui: ui-status: Provar originaltitel: Neverwhere
2026-09-27 19:05:11,191 INFO    ags.engine.match: inga träffar för 'Neverwhere Neil Gaiman' från goodreads/bridge — provar reservkällor
2026-09-27 19:05:11,191 DEBUG   ags.ags.nordic: GET https://www.storytel.com/api/search.action?request_locale=sv&q=Neverwhere%20Neil%20Gaiman
2026-09-27 19:05:11,299 INFO    ags.gui: ui-status: Provar reservkällor (Storytel/BookBeat/Open Library) …
2026-09-27 19:05:12,105 DEBUG   ags.ags.nordic:   <- 200, 55308 bytes
2026-09-27 19:05:12,111 INFO    ags.ags.nordic: Storytel: 6 träffar för 'Neverwhere Neil Gaiman'
2026-09-27 19:05:12,111 INFO    ags.engine.match: reservkälla gav 6 träffar för 'Neverwhere Neil Gaiman' (källa=storytel)
2026-09-27 19:05:12,130 INFO    ags.engine: match 'Neverwhere' -> 'Neverwhere — Neil Gaiman' (0.92, matchad)
2026-09-27 19:05:12,131 INFO    ags.engine: matchning 'Neverwhere' -> matchad (källa=storytel, poäng=0.92) sökfråga rensad till 'Neverwhere Neil Gaiman' | Goodreads blockerad (AWS WAF) | träffar från Storytel (Goodreads ej tillgänglig)
2026-09-27 19:05:12,177 INFO    ags.gui: ui-status: Söker: [M4B] Andy Weir - Project Hail Mary
2026-09-27 19:05:12,179 INFO    ags.gui: ui-status: hämtar https://www.goodreads.com/search?page=1&q=%5BM4B%5D+Andy+Weir+-+Project+Hail+Mary+Documents
2026-09-27 19:05:12,593 INFO    ags.goodreads: GET https://www.goodreads.com/search?page=1&q=%5BM4B%5D+Andy+Weir+-+Project+Hail+Mary+Documents -> 200 (159367 byte)
2026-09-27 19:05:13,043 DEBUG   ags.gui: logg: tail
2026-09-27 19:05:13,730 INFO    ags.gui: ui-status: hämtar https://www.goodreads.com/search?page=1&q=%5BM4B%5D+Andy+Weir+Documents
2026-09-27 19:05:14,062 INFO    ags.goodreads: GET https://www.goodreads.com/search?page=1&q=%5BM4B%5D+Andy+Weir+Documents -> 200 (159155 byte)
2026-09-27 19:05:14,124 INFO    ags.engine.match: goodreads gav 0 träffar för '[M4B] Andy Weir - Project Hail Mary Documents' — provar originaltitlar via Wikipedia
2026-09-27 19:05:14,471 INFO    ags.engine.match: inga träffar för '[M4B] Andy Weir - Project Hail Mary Documents' från goodreads/bridge — provar reservkällor
2026-09-27 19:05:14,472 DEBUG   ags.ags.nordic: GET https://www.storytel.com/api/search.action?request_locale=sv&q=%5BM4B%5D%20Andy%20Weir%20-%20Project%20Hail%20Mary%20Documents
2026-09-27 19:05:14,494 INFO    ags.gui: ui-status: Provar reservkällor (Storytel/BookBeat/Open Library) …
2026-09-27 19:05:15,346 DEBUG   ags.ags.nordic:   <- 200, 29 bytes
2026-09-27 19:05:15,348 INFO    ags.ags.nordic: Storytel: 0 träffar för '[M4B] Andy Weir - Project Hail Mary Documents'
2026-09-27 19:05:15,348 DEBUG   ags.ags.nordic: GET https://search-api.bookbeat.com/api/appsearch/suggest?includeErotic=false&market=sweden&query=%5BM4B%5D%20Andy%20Weir%20-%20Project%20Hail%20Mary%20Documents&v=18
2026-09-27 19:05:15,580 DEBUG   ags.gui: logg: tail
2026-09-27 19:05:16,135 DEBUG   ags.ags.nordic:   <- 200, 38 bytes
2026-09-27 19:05:16,138 INFO    ags.ags.nordic: BookBeat: 0 träffar för '[M4B] Andy Weir - Project Hail Mary Documents'
2026-09-27 19:05:16,658 INFO    ags.gui: ui-status: Söker: Project Hail Mary
2026-09-27 19:05:16,659 INFO    ags.gui: ui-status: hämtar https://www.goodreads.com/search?page=1&q=Project+Hail+Mary+Documents
2026-09-27 19:05:17,008 INFO    ags.goodreads: GET https://www.goodreads.com/search?page=1&q=Project+Hail+Mary+Documents -> 200 (159175 byte)
2026-09-27 19:05:17,041 INFO    ags.engine.match: goodreads gav 0 träffar för 'Project Hail Mary Documents' — provar originaltitlar via Wikipedia
2026-09-27 19:05:17,395 INFO    ags.engine.match: originaltitel-kandidat: 'Project Hail Mary (film)'
2026-09-27 19:05:17,425 INFO    ags.gui: ui-status: Provar originaltitel: Project Hail Mary (film)
2026-09-27 19:05:18,110 DEBUG   ags.gui: logg: tail
2026-09-27 19:05:18,188 INFO    ags.gui: ui-status: hämtar https://www.goodreads.com/search?page=1&q=Project+Hail+Mary+%28film%29+Documents
2026-09-27 19:05:18,763 INFO    ags.goodreads: GET https://www.goodreads.com/search?page=1&q=Project+Hail+Mary+%28film%29+Documents -> 200 (159204 byte)
2026-09-27 19:05:18,802 INFO    ags.engine.match: inga träffar för 'Project Hail Mary Documents' från goodreads/bridge — provar reservkällor
2026-09-27 19:05:18,802 DEBUG   ags.ags.nordic: GET https://www.storytel.com/api/search.action?request_locale=sv&q=Project%20Hail%20Mary%20Documents
2026-09-27 19:05:18,807 INFO    ags.gui: ui-status: Provar reservkällor (Storytel/BookBeat/Open Library) …
2026-09-27 19:05:19,591 DEBUG   ags.ags.nordic:   <- 200, 3624 bytes
2026-09-27 19:05:19,593 INFO    ags.ags.nordic: Storytel: 1 träffar för 'Project Hail Mary Documents'
2026-09-27 19:05:19,594 DEBUG   ags.ags.nordic: GET https://search-api.bookbeat.com/api/appsearch/suggest?includeErotic=false&market=sweden&query=Project%20Hail%20Mary%20Documents&v=18
2026-09-27 19:05:20,372 DEBUG   ags.ags.nordic:   <- 200, 38 bytes
2026-09-27 19:05:20,375 INFO    ags.ags.nordic: BookBeat: 0 träffar för 'Project Hail Mary Documents'
2026-09-27 19:05:20,640 DEBUG   ags.gui: logg: tail
2026-09-27 19:05:20,786 INFO    ags.engine.match: reservkälla gav 4 träffar för 'Project Hail Mary Documents' (källa=storytel)
2026-09-27 19:05:20,800 INFO    ags.engine: match 'Project Hail Mary' -> 'A Heritage of Open Air Square Temple Discovered In Russia — ' (0.15, ej matchad)
2026-09-27 19:05:20,800 INFO    ags.engine: matchning 'Project Hail Mary' -> ej matchad (källa=storytel, poäng=0.15) sökfråga rensad till 'Project Hail Mary Documents' | träffar från Storytel (Goodreads ej tillgänglig)
2026-09-27 19:05:20,821 INFO    ags.gui: ui-status: Söker: Alex Scarrow - A Thousand Suns 1
2026-09-27 19:05:20,821 INFO    ags.gui: ui-status: hämtar https://www.goodreads.com/search?page=1&q=Alex+Scarrow+-+A+Thousand+Suns+1+Alex+Scarrow
2026-09-27 19:05:21,404 INFO    ags.goodreads: GET https://www.goodreads.com/search?page=1&q=Alex+Scarrow+-+A+Thousand+Suns+1+Alex+Scarrow -> 200 (195838 byte)
2026-09-27 19:05:22,329 INFO    ags.gui: ui-status: hämtar https://www.goodreads.com/search?page=1&q=Alex+Scarrow+-+Alex+Scarrow
2026-09-27 19:05:23,171 DEBUG   ags.gui: logg: tail
2026-09-27 19:05:23,188 INFO    ags.goodreads: GET https://www.goodreads.com/search?page=1&q=Alex+Scarrow+-+Alex+Scarrow -> 200 (623191 byte)
2026-09-27 19:05:23,862 INFO    ags.gui: ui-status: hämtar https://www.goodreads.com/search?page=1&q=Alex+Scarrow+1
2026-09-27 19:05:24,700 INFO    ags.goodreads: GET https://www.goodreads.com/search?page=1&q=Alex+Scarrow+1 -> 200 (603894 byte)
2026-09-27 19:05:24,825 INFO    ags.engine.match: goodreads gav 0 träffar för 'Alex Scarrow - A Thousand Suns 1 Alex Scarrow' — provar originaltitlar via Wikipedia
2026-09-27 19:05:25,000 INFO    ags.engine.match: inga träffar för 'Alex Scarrow - A Thousand Suns 1 Alex Scarrow' från goodreads/bridge — provar reservkällor
2026-09-27 19:05:25,000 DEBUG   ags.ags.nordic: GET https://www.storytel.com/api/search.action?request_locale=sv&q=Alex%20Scarrow%20-%20A%20Thousand%20Suns%201%20Alex%20Scarrow
2026-09-27 19:05:25,014 INFO    ags.gui: ui-status: Provar reservkällor (Storytel/BookBeat/Open Library) …
2026-09-27 19:05:25,719 DEBUG   ags.gui: logg: tail
2026-09-27 19:05:25,769 DEBUG   ags.ags.nordic:   <- 200, 29 bytes
2026-09-27 19:05:25,771 INFO    ags.ags.nordic: Storytel: 0 träffar för 'Alex Scarrow - A Thousand Suns 1 Alex Scarrow'
2026-09-27 19:05:25,771 DEBUG   ags.ags.nordic: GET https://search-api.bookbeat.com/api/appsearch/suggest?includeErotic=false&market=sweden&query=Alex%20Scarrow%20-%20A%20Thousand%20Suns%201%20Alex%20Scarrow&v=18
2026-09-27 19:05:26,605 DEBUG   ags.ags.nordic:   <- 200, 39 bytes
2026-09-27 19:05:26,608 INFO    ags.ags.nordic: BookBeat: 0 träffar för 'Alex Scarrow - A Thousand Suns 1 Alex Scarrow'
2026-09-27 19:05:27,053 INFO    ags.gui: ui-status: Söker: Alex Scarrow - A Thousand Suns
2026-09-27 19:05:27,053 INFO    ags.gui: ui-status: hämtar https://www.goodreads.com/search?page=1&q=Alex+Scarrow+-+A+Thousand+Suns+Alex+Scarrow
2026-09-27 19:05:28,243 DEBUG   ags.gui: logg: tail
2026-09-27 19:05:29,729 INFO    ags.goodreads: GET https://www.goodreads.com/search?page=1&q=Alex+Scarrow+-+A+Thousand+Suns+Alex+Scarrow -> 200 (228084 byte)
2026-09-27 19:05:30,014 INFO    ags.engine.match: goodreads gav 0 träffar för 'Alex Scarrow - A Thousand Suns Alex Scarrow' — provar originaltitlar via Wikipedia
2026-09-27 19:05:30,187 INFO    ags.engine.match: inga träffar för 'Alex Scarrow - A Thousand Suns Alex Scarrow' från goodreads/bridge — provar reservkällor
2026-09-27 19:05:30,188 DEBUG   ags.ags.nordic: GET https://www.storytel.com/api/search.action?request_locale=sv&q=Alex%20Scarrow%20-%20A%20Thousand%20Suns%20Alex%20Scarrow
2026-09-27 19:05:30,199 INFO    ags.gui: ui-status: Provar reservkällor (Storytel/BookBeat/Open Library) …
2026-09-27 19:05:30,775 DEBUG   ags.gui: logg: tail
2026-09-27 19:05:30,942 DEBUG   ags.ags.nordic:   <- 200, 29 bytes
2026-09-27 19:05:30,945 INFO    ags.ags.nordic: Storytel: 0 träffar för 'Alex Scarrow - A Thousand Suns Alex Scarrow'
2026-09-27 19:05:30,945 DEBUG   ags.ags.nordic: GET https://search-api.bookbeat.com/api/appsearch/suggest?includeErotic=false&market=sweden&query=Alex%20Scarrow%20-%20A%20Thousand%20Suns%20Alex%20Scarrow&v=18
2026-09-27 19:05:31,758 DEBUG   ags.ags.nordic:   <- 200, 39 bytes
2026-09-27 19:05:31,762 INFO    ags.ags.nordic: BookBeat: 0 träffar för 'Alex Scarrow - A Thousand Suns Alex Scarrow'
2026-09-27 19:05:32,229 INFO    ags.gui: ui-status: Söker: A Thousand Suns  01/13
2026-09-27 19:05:32,229 INFO    ags.gui: ui-status: hämtar https://www.goodreads.com/search?page=1&q=A+Thousand+Suns+01%2F13+Alex+Scarrow
2026-09-27 19:05:32,530 INFO    ags.goodreads: GET https://www.goodreads.com/search?page=1&q=A+Thousand+Suns+01%2F13+Alex+Scarrow -> 200 (159249 byte)
2026-09-27 19:05:33,293 DEBUG   ags.gui: logg: tail
2026-09-27 19:05:33,643 INFO    ags.gui: ui-status: hämtar https://www.goodreads.com/book/show/212639082-a-thousand-suns-by-scarrow-alex-2010-paperback
2026-09-27 19:05:34,449 INFO    ags.goodreads: GET https://www.goodreads.com/book/show/212639082-a-thousand-suns-by-scarrow-alex-2010-paperback -> 200 (126786 byte)
2026-09-27 19:05:35,157 INFO    ags.gui: ui-status: hämtar https://www.goodreads.com/book/show/1224934.A_Thousand_Suns
2026-09-27 19:05:35,824 DEBUG   ags.gui: logg: tail
2026-09-27 19:05:36,369 INFO    ags.goodreads: GET https://www.goodreads.com/book/show/1224934.A_Thousand_Suns -> 200 (518116 byte)
2026-09-27 19:05:36,712 INFO    ags.gui: ui-status: hämtar https://www.goodreads.com/search?page=1&q=A+Thousand+1
2026-09-27 19:05:37,786 INFO    ags.goodreads: GET https://www.goodreads.com/search?page=1&q=A+Thousand+1 -> 200 (615733 byte)
2026-09-27 19:05:37,928 INFO    ags.engine: match 'A Thousand Suns  (13 filer)' -> 'A Thousand Suns — Alex Scarrow' (0.88, matchad, minus 0.06)
2026-09-27 19:05:37,929 INFO    ags.engine: matchning 'A Thousand Suns  (13 filer)' -> matchad (källa=goodreads, poäng=0.88) sökfråga rensad till 'A Thousand Suns 01/13 Alex Scarrow'
2026-09-27 19:05:37,993 INFO    ags.gui: ui-status: Söker: Dark Worlds of H. P. Lovecraft
2026-09-27 19:05:38,252 INFO    ags.gui: ui-status: hämtar https://www.goodreads.com/search?page=1&q=Dark+Worlds+of+H.+P.+Lovecraft+H.+P.+Lovecraft
2026-09-27 19:05:38,340 DEBUG   ags.gui: logg: tail
2026-09-27 19:05:39,516 INFO    ags.goodreads: GET https://www.goodreads.com/search?page=1&q=Dark+Worlds+of+H.+P.+Lovecraft+H.+P.+Lovecraft -> 200 (481172 byte)
2026-09-27 19:05:39,644 INFO    ags.gui: ui-status: hämtar https://www.goodreads.com/search?page=1&q=Dark+Worlds+H.+P.+Lovecraft
2026-09-27 19:05:40,874 DEBUG   ags.gui: logg: tail
2026-09-27 19:05:41,266 INFO    ags.goodreads: GET https://www.goodreads.com/search?page=1&q=Dark+Worlds+H.+P.+Lovecraft -> 200 (465222 byte)
2026-09-27 19:05:41,415 INFO    ags.gui: ui-status: hämtar https://www.goodreads.com/search?page=1&q=Dark+Worlds+14
2026-09-27 19:05:42,360 INFO    ags.goodreads: GET https://www.goodreads.com/search?page=1&q=Dark+Worlds+14 -> 200 (497031 byte)
2026-09-27 19:05:42,467 INFO    ags.engine.match: goodreads gav 0 träffar för 'Dark Worlds of H. P. Lovecraft H. P. Lovecraft' — provar originaltitlar via Wikipedia
2026-09-27 19:05:42,660 INFO    ags.engine.match: inga träffar för 'Dark Worlds of H. P. Lovecraft H. P. Lovecraft' från goodreads/bridge — provar reservkällor
2026-09-27 19:05:42,660 DEBUG   ags.ags.nordic: GET https://www.storytel.com/api/search.action?request_locale=sv&q=Dark%20Worlds%20of%20H.%20P.%20Lovecraft%20H.%20P.%20Lovecraft
2026-09-27 19:05:42,671 INFO    ags.gui: ui-status: Provar reservkällor (Storytel/BookBeat/Open Library) …
2026-09-27 19:05:43,423 DEBUG   ags.gui: logg: tail
2026-09-27 19:05:43,492 DEBUG   ags.ags.nordic:   <- 200, 61449 bytes
2026-09-27 19:05:43,499 INFO    ags.ags.nordic: Storytel: 6 träffar för 'Dark Worlds of H. P. Lovecraft H. P. Lovecraft'
2026-09-27 19:05:43,499 INFO    ags.engine.match: reservkälla gav 6 träffar för 'Dark Worlds of H. P. Lovecraft H. P. Lovecraft' (källa=storytel)
2026-09-27 19:05:43,557 INFO    ags.engine: match 'The Dark Worlds of H. P. Lovecraft (Volume 5)  (3 filer)' -> 'The Complete Works of H. P. Lovecraft: Cosmic Horror, Cthulhu Mythos & the Foundations of Modern Dark Fiction — H. P. Lovecraft' (0.61, ej matchad)
2026-09-27 19:05:43,557 INFO    ags.engine: matchning 'The Dark Worlds of H. P. Lovecraft (Volume 5)  (3 filer)' -> behöver koll (källa=storytel, poäng=0.61) sökfråga rensad till 'Dark Worlds of H. P. Lovecraft H. P. Lovecraft' | träffar från Storytel (Goodreads ej tillgänglig) | Två nära träffar (0.61 vs 0.28)
2026-09-27 19:05:43,584 INFO    ags.gui: ui-status: Söker: Dark Worlds of H. P. Lovecraft
2026-09-27 19:05:43,840 INFO    ags.gui: ui-status: hämtar https://www.goodreads.com/search?page=1&q=Dark+Worlds+11
2026-09-27 19:05:45,021 INFO    ags.goodreads: GET https://www.goodreads.com/search?page=1&q=Dark+Worlds+11 -> 200 (477018 byte)
2026-09-27 19:05:45,122 INFO    ags.engine.match: goodreads gav 0 träffar för 'Dark Worlds of H. P. Lovecraft H. P. Lovecraft' — provar originaltitlar via Wikipedia
2026-09-27 19:05:45,123 INFO    ags.engine.match: inga träffar för 'Dark Worlds of H. P. Lovecraft H. P. Lovecraft' från goodreads/bridge — provar reservkällor
2026-09-27 19:05:45,123 DEBUG   ags.ags.nordic: GET https://www.storytel.com/api/search.action?request_locale=sv&q=Dark%20Worlds%20of%20H.%20P.%20Lovecraft%20H.%20P.%20Lovecraft
2026-09-27 19:05:45,243 INFO    ags.gui: ui-status: Provar reservkällor (Storytel/BookBeat/Open Library) …
2026-09-27 19:05:45,907 DEBUG   ags.ags.nordic:   <- 200, 61449 bytes
2026-09-27 19:05:45,913 INFO    ags.ags.nordic: Storytel: 6 träffar för 'Dark Worlds of H. P. Lovecraft H. P. Lovecraft'
2026-09-27 19:05:45,913 INFO    ags.engine.match: reservkälla gav 6 träffar för 'Dark Worlds of H. P. Lovecraft H. P. Lovecraft' (källa=storytel)
2026-09-27 19:05:45,949 INFO    ags.engine: match 'The Dark Worlds of H. P. Lovecraft (Volume 4)  (3 filer)' -> 'The Complete Works of H. P. Lovecraft: Cosmic Horror, Cthulhu Mythos & the Foundations of Modern Dark Fiction — H. P. Lovecraft' (0.59, ej matchad)
2026-09-27 19:05:45,950 INFO    ags.engine: matchning 'The Dark Worlds of H. P. Lovecraft (Volume 4)  (3 filer)' -> behöver koll (källa=storytel, poäng=0.59) sökfråga rensad till 'Dark Worlds of H. P. Lovecraft H. P. Lovecraft' | träffar från Storytel (Goodreads ej tillgänglig) | Två nära träffar (0.59 vs 0.28)
2026-09-27 19:05:45,965 DEBUG   ags.gui: logg: tail
2026-09-27 19:05:46,027 INFO    ags.gui: ui-status: Söker: Dark Worlds of H. P. Lovecraft
2026-09-27 19:05:46,151 INFO    ags.gui: ui-status: hämtar https://www.goodreads.com/search?page=1&q=Dark+Worlds+7
2026-09-27 19:05:47,198 INFO    ags.goodreads: GET https://www.goodreads.com/search?page=1&q=Dark+Worlds+7 -> 200 (558048 byte)
2026-09-27 19:05:47,313 INFO    ags.engine.match: goodreads gav 0 träffar för 'Dark Worlds of H. P. Lovecraft H. P. Lovecraft' — provar originaltitlar via Wikipedia
2026-09-27 19:05:47,313 INFO    ags.engine.match: inga träffar för 'Dark Worlds of H. P. Lovecraft H. P. Lovecraft' från goodreads/bridge — provar reservkällor
2026-09-27 19:05:47,313 DEBUG   ags.ags.nordic: GET https://www.storytel.com/api/search.action?request_locale=sv&q=Dark%20Worlds%20of%20H.%20P.%20Lovecraft%20H.%20P.%20Lovecraft
2026-09-27 19:05:47,417 INFO    ags.gui: ui-status: Provar reservkällor (Storytel/BookBeat/Open Library) …
2026-09-27 19:05:48,113 DEBUG   ags.ags.nordic:   <- 200, 61449 bytes
2026-09-27 19:05:48,118 INFO    ags.ags.nordic: Storytel: 6 träffar för 'Dark Worlds of H. P. Lovecraft H. P. Lovecraft'
2026-09-27 19:05:48,118 INFO    ags.engine.match: reservkälla gav 6 träffar för 'Dark Worlds of H. P. Lovecraft H. P. Lovecraft' (källa=storytel)
2026-09-27 19:05:48,157 INFO    ags.engine: match 'The Dark Worlds of H. P. Lovecraft (Volume 3)  (4 filer)' -> 'The Complete Works of H. P. Lovecraft: Cosmic Horror, Cthulhu Mythos & the Foundations of Modern Dark Fiction — H. P. Lovecraft' (0.58, ej matchad)
2026-09-27 19:05:48,157 INFO    ags.engine: matchning 'The Dark Worlds of H. P. Lovecraft (Volume 3)  (4 filer)' -> behöver koll (källa=storytel, poäng=0.58) sökfråga rensad till 'Dark Worlds of H. P. Lovecraft H. P. Lovecraft' | träffar från Storytel (Goodreads ej tillgänglig) | Två nära träffar (0.58 vs 0.29)
2026-09-27 19:05:48,206 INFO    ags.gui: ui-status: Söker: 03)
2026-09-27 19:05:48,206 INFO    ags.gui: ui-status: hämtar https://www.goodreads.com/search?page=1&q=03%29+H.+P.+Lovecraft
2026-09-27 19:05:48,495 DEBUG   ags.gui: logg: tail
2026-09-27 19:05:49,076 INFO    ags.goodreads: GET https://www.goodreads.com/search?page=1&q=03%29+H.+P.+Lovecraft -> 200 (524056 byte)
2026-09-27 19:05:49,744 INFO    ags.gui: ui-status: hämtar https://www.goodreads.com/search?page=1&q=03%29+1
2026-09-27 19:05:51,029 DEBUG   ags.gui: logg: tail
2026-09-27 19:05:53,554 DEBUG   ags.gui: logg: tail
2026-09-27 19:05:55,794 INFO    ags.goodreads: GET https://www.goodreads.com/search?page=1&q=03%29+1 -> 200 (555953 byte)
2026-09-27 19:05:55,920 INFO    ags.engine.match: goodreads gav 0 träffar för '03) H. P. Lovecraft' — provar originaltitlar via Wikipedia
2026-09-27 19:05:56,041 INFO    ags.engine.match: inga träffar för '03) H. P. Lovecraft' från goodreads/bridge — provar reservkällor
2026-09-27 19:05:56,041 DEBUG   ags.ags.nordic: GET https://www.storytel.com/api/search.action?request_locale=sv&q=03%29%20H.%20P.%20Lovecraft
2026-09-27 19:05:56,094 DEBUG   ags.gui: logg: tail
2026-09-27 19:05:56,108 INFO    ags.gui: ui-status: Provar reservkällor (Storytel/BookBeat/Open Library) …
2026-09-27 19:05:56,810 DEBUG   ags.ags.nordic:   <- 200, 10130 bytes
2026-09-27 19:05:56,814 INFO    ags.ags.nordic: Storytel: 3 träffar för '03) H. P. Lovecraft'
2026-09-27 19:05:56,814 DEBUG   ags.ags.nordic: GET https://search-api.bookbeat.com/api/appsearch/suggest?includeErotic=false&market=sweden&query=03%29%20H.%20P.%20Lovecraft&v=18
2026-09-27 19:05:57,603 DEBUG   ags.ags.nordic:   <- 200, 38 bytes
2026-09-27 19:05:57,606 INFO    ags.ags.nordic: BookBeat: 0 träffar för '03) H. P. Lovecraft'
2026-09-27 19:05:57,995 INFO    ags.engine.match: reservkälla gav 6 träffar för '03) H. P. Lovecraft' (källa=storytel)
2026-09-27 19:05:58,042 INFO    ags.engine: match 'The Dark Worlds of H. P. Lovecraft (Volume 2)  (3 filer)' -> 'Los Cuadernos Lovecraft nº 03 Las ratas de las paredes — H.P. Lovecraft, Joan Josep Mussarra Roca' (0.72, behöver koll, minus 0.06)
2026-09-27 19:05:58,043 INFO    ags.engine: matchning 'The Dark Worlds of H. P. Lovecraft (Volume 2)  (3 filer)' -> behöver koll (källa=storytel, poäng=0.72) sökfråga rensad till '03) H. P. Lovecraft' | träffar från Storytel (Goodreads ej tillgänglig) | Två nära träffar (0.72 vs 0.72)
2026-09-27 19:05:58,058 INFO    ags.gui: ui-status: Söker: lazylibrarian
2026-09-27 19:05:58,058 INFO    ags.gui: ui-status: hämtar https://www.goodreads.com/search?page=1&q=lazylibrarian+David+Verburg%2C+Amber+Dekkers
2026-09-27 19:05:58,461 INFO    ags.goodreads: GET https://www.goodreads.com/search?page=1&q=lazylibrarian+David+Verburg%2C+Amber+Dekkers -> 200 (159327 byte)
2026-09-27 19:05:58,499 INFO    ags.engine.match: goodreads gav 0 träffar för 'lazylibrarian David Verburg, Amber Dekkers' — provar originaltitlar via Wikipedia
2026-09-27 19:05:58,499 INFO    ags.engine.match: inga träffar för 'lazylibrarian David Verburg, Amber Dekkers' från goodreads/bridge — provar reservkällor
2026-09-27 19:05:58,499 DEBUG   ags.ags.nordic: GET https://www.storytel.com/api/search.action?request_locale=sv&q=lazylibrarian%20David%20Verburg%2C%20Amber%20Dekkers
2026-09-27 19:05:58,558 INFO    ags.gui: ui-status: Provar reservkällor (Storytel/BookBeat/Open Library) …
2026-09-27 19:05:58,620 DEBUG   ags.gui: logg: tail
2026-09-27 19:05:59,255 DEBUG   ags.ags.nordic:   <- 200, 29 bytes
2026-09-27 19:05:59,258 INFO    ags.ags.nordic: Storytel: 0 träffar för 'lazylibrarian David Verburg, Amber Dekkers'
2026-09-27 19:05:59,258 DEBUG   ags.ags.nordic: GET https://search-api.bookbeat.com/api/appsearch/suggest?includeErotic=false&market=sweden&query=lazylibrarian%20David%20Verburg%2C%20Amber%20Dekkers&v=18
2026-09-27 19:06:00,083 DEBUG   ags.ags.nordic:   <- 200, 39 bytes
2026-09-27 19:06:00,086 INFO    ags.ags.nordic: BookBeat: 0 träffar för 'lazylibrarian David Verburg, Amber Dekkers'
2026-09-27 19:06:01,141 DEBUG   ags.gui: logg: tail
2026-09-27 19:06:02,068 INFO    ags.gui: ui-status: Söker: A Practical Guide to Evil I
2026-09-27 19:06:02,615 INFO    ags.engine: match 'A Practical Guide to Evil I' -> 'A Practical Guide to Evil I — ErraticErrata, David Verburg, Amber Dekkers [A Practical Guide to Evil #I]' (0.91, matchad)
2026-09-27 19:06:02,615 INFO    ags.engine: matchning 'A Practical Guide to Evil I' -> matchad (källa=goodreads, poäng=0.91) sökfråga rensad till 'A Practical Guide to Evil I David Verburg, Amber Dekkers'
2026-09-27 19:06:02,744 INFO    ags.gui: ui-status: Söker: Dean Koontz - The Big Dark Sky
2026-09-27 19:06:02,745 INFO    ags.gui: ui-status: hämtar https://www.goodreads.com/search?page=1&q=Dean+Koontz+-+The+Big+Dark+Sky+Documents
2026-09-27 19:06:03,044 INFO    ags.goodreads: GET https://www.goodreads.com/search?page=1&q=Dean+Koontz+-+The+Big+Dark+Sky+Documents -> 200 (159309 byte)
2026-09-27 19:06:03,672 DEBUG   ags.gui: logg: tail
2026-09-27 19:06:04,141 INFO    ags.gui: ui-status: hämtar https://www.goodreads.com/search?page=1&q=Dean+Koontz+-+Documents
2026-09-27 19:06:04,535 INFO    ags.goodreads: GET https://www.goodreads.com/search?page=1&q=Dean+Koontz+-+Documents -> 200 (159076 byte)
2026-09-27 19:06:05,685 INFO    ags.gui: ui-status: hämtar https://www.goodreads.com/search?page=1&q=Dean+Koontz+1
2026-09-27 19:06:06,202 DEBUG   ags.gui: logg: tail
2026-09-27 19:06:06,683 INFO    ags.goodreads: GET https://www.goodreads.com/search?page=1&q=Dean+Koontz+1 -> 200 (580897 byte)
2026-09-27 19:06:06,806 INFO    ags.engine.match: goodreads gav 0 träffar för 'Dean Koontz - The Big Dark Sky Documents' — provar originaltitlar via Wikipedia
2026-09-27 19:06:07,018 INFO    ags.engine.match: inga träffar för 'Dean Koontz - The Big Dark Sky Documents' från goodreads/bridge — provar reservkällor
2026-09-27 19:06:07,018 DEBUG   ags.ags.nordic: GET https://www.storytel.com/api/search.action?request_locale=sv&q=Dean%20Koontz%20-%20The%20Big%20Dark%20Sky%20Documents
2026-09-27 19:06:07,077 INFO    ags.gui: ui-status: Provar reservkällor (Storytel/BookBeat/Open Library) …
2026-09-27 19:06:07,786 DEBUG   ags.ags.nordic:   <- 200, 29 bytes
2026-09-27 19:06:07,789 INFO    ags.ags.nordic: Storytel: 0 träffar för 'Dean Koontz - The Big Dark Sky Documents'
2026-09-27 19:06:07,789 DEBUG   ags.ags.nordic: GET https://search-api.bookbeat.com/api/appsearch/suggest?includeErotic=false&market=sweden&query=Dean%20Koontz%20-%20The%20Big%20Dark%20Sky%20Documents&v=18
2026-09-27 19:06:08,634 DEBUG   ags.ags.nordic:   <- 200, 39 bytes
2026-09-27 19:06:08,637 INFO    ags.ags.nordic: BookBeat: 0 träffar för 'Dean Koontz - The Big Dark Sky Documents'
2026-09-27 19:06:08,728 DEBUG   ags.gui: logg: tail
2026-09-27 19:06:09,226 INFO    ags.gui: ui-status: Söker: The Big Dark Sky
2026-09-27 19:06:09,227 INFO    ags.gui: ui-status: hämtar https://www.goodreads.com/search?page=1&q=The+Big+Dark+Sky+Documents
2026-09-27 19:06:09,629 INFO    ags.goodreads: GET https://www.goodreads.com/search?page=1&q=The+Big+Dark+Sky+Documents -> 200 (159163 byte)
2026-09-27 19:06:10,777 INFO    ags.gui: ui-status: hämtar https://www.goodreads.com/search?page=1&q=The+Big+Dark+Documents
2026-09-27 19:06:11,230 INFO    ags.goodreads: GET https://www.goodreads.com/search?page=1&q=The+Big+Dark+Documents -> 200 (159105 byte)
2026-09-27 19:06:11,259 DEBUG   ags.gui: logg: tail
2026-09-27 19:06:12,291 INFO    ags.gui: ui-status: hämtar https://www.goodreads.com/search?page=1&q=The+Big+1
2026-09-27 19:06:13,794 DEBUG   ags.gui: logg: tail
2026-09-27 19:06:16,337 DEBUG   ags.gui: logg: tail
2026-09-27 19:06:18,878 DEBUG   ags.gui: logg: tail
2026-09-27 19:06:19,465 INFO    ags.goodreads: GET https://www.goodreads.com/search?page=1&q=The+Big+1 -> 200 (608302 byte)
2026-09-27 19:06:19,599 INFO    ags.engine.match: goodreads gav 0 träffar för 'The Big Dark Sky Documents' — provar originaltitlar via Wikipedia
2026-09-27 19:06:19,780 INFO    ags.engine.match: inga träffar för 'The Big Dark Sky Documents' från goodreads/bridge — provar reservkällor
2026-09-27 19:06:19,780 DEBUG   ags.ags.nordic: GET https://www.storytel.com/api/search.action?request_locale=sv&q=The%20Big%20Dark%20Sky%20Documents
2026-09-27 19:06:19,807 INFO    ags.gui: ui-status: Provar reservkällor (Storytel/BookBeat/Open Library) …
2026-09-27 19:06:20,561 DEBUG   ags.ags.nordic:   <- 200, 29 bytes
2026-09-27 19:06:20,563 INFO    ags.ags.nordic: Storytel: 0 träffar för 'The Big Dark Sky Documents'
2026-09-27 19:06:20,563 DEBUG   ags.ags.nordic: GET https://search-api.bookbeat.com/api/appsearch/suggest?includeErotic=false&market=sweden&query=The%20Big%20Dark%20Sky%20Documents&v=18
2026-09-27 19:06:21,353 DEBUG   ags.ags.nordic:   <- 200, 38 bytes
2026-09-27 19:06:21,356 INFO    ags.ags.nordic: BookBeat: 0 träffar för 'The Big Dark Sky Documents'
2026-09-27 19:06:21,417 DEBUG   ags.gui: logg: tail
2026-09-27 19:06:21,703 INFO    ags.engine.match: reservkälla gav 6 träffar för 'The Big Dark Sky Documents' (källa=openlibrary)
2026-09-27 19:06:21,714 INFO    ags.engine: match 'The Big Dark Sky  (89 filer)' -> 'The Human Planet — ' (0.23, ej matchad)
2026-09-27 19:06:21,715 INFO    ags.engine: matchning 'The Big Dark Sky  (89 filer)' -> ej matchad (källa=openlibrary, poäng=0.23) sökfråga rensad till 'The Big Dark Sky Documents' | träffar från Open Library (Goodreads ej tillgänglig)
2026-09-27 19:06:21,838 INFO    ags.gui: ui-status: Söker: The Hitchhiker's Guide to the Galaxy 1
2026-09-27 19:06:21,838 INFO    ags.gui: ui-status: hämtar https://www.goodreads.com/search?page=1&q=The+Hitchhiker%27s+Guide+to+the+Galaxy+1+Douglas+Adams
2026-09-27 19:06:22,591 INFO    ags.goodreads: GET https://www.goodreads.com/search?page=1&q=The+Hitchhiker%27s+Guide+to+the+Galaxy+1+Douglas+Adams -> 200 (468804 byte)
2026-09-27 19:06:23,369 INFO    ags.gui: ui-status: hämtar https://www.goodreads.com/book/show/11.The_Hitchhiker_s_Guide_to_the_Galaxy
2026-09-27 19:06:23,956 DEBUG   ags.gui: logg: tail
2026-09-27 19:06:24,547 INFO    ags.goodreads: GET https://www.goodreads.com/book/show/11.The_Hitchhiker_s_Guide_to_the_Galaxy -> 200 (640509 byte)
2026-09-27 19:06:24,822 INFO    ags.engine: match "The Hitchhiker's Guide to the Galaxy  (66 filer)" -> "The Hitchhiker's Guide to the Galaxy — Douglas Adams [Hitchhiker's Guide to the Galaxy #1]" (1.00, matchad)
2026-09-27 19:06:24,823 INFO    ags.engine: matchning "The Hitchhiker's Guide to the Galaxy  (66 filer)" -> behöver koll (källa=goodreads, poäng=1.00) sökfråga rensad till 'The Hitchhiker's Guide to the Galaxy 1 Douglas Adams' | Två nära träffar (1.00 vs 1.00)
2026-09-27 19:06:24,912 INFO    ags.gui: ui-status: Söker: Frankenstein 0
2026-09-27 19:06:24,913 INFO    ags.gui: ui-status: hämtar https://www.goodreads.com/search?page=1&q=Frankenstein+0+Mary+Shelley
2026-09-27 19:06:25,460 INFO    ags.goodreads: GET https://www.goodreads.com/search?page=1&q=Frankenstein+0+Mary+Shelley -> 200 (220417 byte)
2026-09-27 19:06:26,440 INFO    ags.gui: ui-status: hämtar https://www.goodreads.com/search?page=1&q=Frankenstein+0+0
2026-09-27 19:06:26,487 DEBUG   ags.gui: logg: tail
2026-09-27 19:06:26,896 INFO    ags.goodreads: GET https://www.goodreads.com/search?page=1&q=Frankenstein+0+0 -> 200 (395120 byte)
2026-09-27 19:06:26,977 INFO    ags.engine.match: goodreads gav 0 träffar för 'Frankenstein 0 Mary Shelley' — provar originaltitlar via Wikipedia
2026-09-27 19:06:27,169 INFO    ags.engine.match: inga träffar för 'Frankenstein 0 Mary Shelley' från goodreads/bridge — provar reservkällor
2026-09-27 19:06:27,169 DEBUG   ags.ags.nordic: GET https://www.storytel.com/api/search.action?request_locale=sv&q=Frankenstein%200%20Mary%20Shelley
2026-09-27 19:06:27,200 INFO    ags.gui: ui-status: Provar reservkällor (Storytel/BookBeat/Open Library) …
2026-09-27 19:06:27,940 DEBUG   ags.ags.nordic:   <- 200, 15161 bytes
2026-09-27 19:06:27,945 INFO    ags.ags.nordic: Storytel: 4 träffar för 'Frankenstein 0 Mary Shelley'
2026-09-27 19:06:27,945 DEBUG   ags.ags.nordic: GET https://search-api.bookbeat.com/api/appsearch/suggest?includeErotic=false&market=sweden&query=Frankenstein%200%20Mary%20Shelley&v=18
2026-09-27 19:06:28,761 DEBUG   ags.ags.nordic:   <- 200, 38 bytes
2026-09-27 19:06:28,764 INFO    ags.ags.nordic: BookBeat: 0 träffar för 'Frankenstein 0 Mary Shelley'
2026-09-27 19:06:29,028 DEBUG   ags.gui: logg: tail
2026-09-27 19:06:29,030 INFO    ags.engine.match: reservkälla gav 6 träffar för 'Frankenstein 0 Mary Shelley' (källa=storytel)
2026-09-27 19:06:29,048 INFO    ags.engine: match 'Frankenstein  (35 filer)' -> 'Frankenstein - Mary Shelley — Mary Shelley' (0.80, behöver koll, minus 0.06)
2026-09-27 19:06:29,049 INFO    ags.engine: matchning 'Frankenstein  (35 filer)' -> behöver koll (källa=storytel, poäng=0.80) sökfråga rensad till 'Frankenstein 0 Mary Shelley' | träffar från Storytel (Goodreads ej tillgänglig)
2026-09-27 19:06:29,122 INFO    ags.gui: ui-status: Söker: The Dresden Files 00.5 - A Restoration of Faith 0
2026-09-27 19:06:29,123 INFO    ags.gui: ui-status: hämtar https://www.goodreads.com/search?page=1&q=The+Dresden+Files+00.5+-+A+Restoration+of+Faith+0+Jim+Butcher
2026-09-27 19:06:29,481 INFO    ags.goodreads: GET https://www.goodreads.com/search?page=1&q=The+Dresden+Files+00.5+-+A+Restoration+of+Faith+0+Jim+Butcher -> 200 (159587 byte)
2026-09-27 19:06:30,640 INFO    ags.gui: ui-status: hämtar https://www.goodreads.com/search?page=1&q=The+Dresden+Files+Jim+Butcher
2026-09-27 19:06:31,565 DEBUG   ags.gui: logg: tail
2026-09-27 19:06:31,697 INFO    ags.goodreads: GET https://www.goodreads.com/search?page=1&q=The+Dresden+Files+Jim+Butcher -> 200 (635711 byte)
2026-09-27 19:06:32,184 INFO    ags.gui: ui-status: hämtar https://www.goodreads.com/search?page=1&q=The+Dresden+0
2026-09-27 19:06:33,171 INFO    ags.goodreads: GET https://www.goodreads.com/search?page=1&q=The+Dresden+0 -> 200 (505653 byte)
2026-09-27 19:06:33,278 INFO    ags.engine.match: goodreads gav 0 träffar för 'The Dresden Files 00.5 - A Restoration of Faith 0 Jim Butcher' — provar originaltitlar via Wikipedia
2026-09-27 19:06:33,490 INFO    ags.engine.match: inga träffar för 'The Dresden Files 00.5 - A Restoration of Faith 0 Jim Butcher' från goodreads/bridge — provar reservkällor
2026-09-27 19:06:33,490 DEBUG   ags.ags.nordic: GET https://www.storytel.com/api/search.action?request_locale=sv&q=The%20Dresden%20Files%2000.5%20-%20A%20Restoration%20of%20Faith%200%20Jim%20Butcher
2026-09-27 19:06:33,565 INFO    ags.gui: ui-status: Provar reservkällor (Storytel/BookBeat/Open Library) …
2026-09-27 19:06:34,098 DEBUG   ags.gui: logg: tail
2026-09-27 19:06:34,254 DEBUG   ags.ags.nordic:   <- 200, 29 bytes
2026-09-27 19:06:34,257 INFO    ags.ags.nordic: Storytel: 0 träffar för 'The Dresden Files 00.5 - A Restoration of Faith 0 Jim Butcher'
2026-09-27 19:06:34,257 DEBUG   ags.ags.nordic: GET https://search-api.bookbeat.com/api/appsearch/suggest?includeErotic=false&market=sweden&query=The%20Dresden%20Files%2000.5%20-%20A%20Restoration%20of%20Faith%200%20Jim%20Butcher&v=18
2026-09-27 19:06:35,119 DEBUG   ags.ags.nordic:   <- 200, 39 bytes
2026-09-27 19:06:35,123 INFO    ags.ags.nordic: BookBeat: 0 träffar för 'The Dresden Files 00.5 - A Restoration of Faith 0 Jim Butcher'
2026-09-27 19:06:35,588 INFO    ags.gui: ui-status: Söker: The Dresden Files 00.5 - A Restoration of Faith
2026-09-27 19:06:35,589 INFO    ags.gui: ui-status: hämtar https://www.goodreads.com/search?page=1&q=The+Dresden+Files+00.5+-+A+Restoration+of+Faith+Jim+Butcher
2026-09-27 19:06:36,020 INFO    ags.goodreads: GET https://www.goodreads.com/search?page=1&q=The+Dresden+Files+00.5+-+A+Restoration+of+Faith+Jim+Butcher -> 200 (159608 byte)
2026-09-27 19:06:36,399 INFO    ags.engine.match: goodreads gav 0 träffar för 'The Dresden Files 00.5 - A Restoration of Faith Jim Butcher' — provar originaltitlar via Wikipedia
2026-09-27 19:06:36,589 INFO    ags.engine.match: inga träffar för 'The Dresden Files 00.5 - A Restoration of Faith Jim Butcher' från goodreads/bridge — provar reservkällor
2026-09-27 19:06:36,590 DEBUG   ags.ags.nordic: GET https://www.storytel.com/api/search.action?request_locale=sv&q=The%20Dresden%20Files%2000.5%20-%20A%20Restoration%20of%20Faith%20Jim%20Butcher
2026-09-27 19:06:36,615 DEBUG   ags.gui: logg: tail
2026-09-27 19:06:36,662 INFO    ags.gui: ui-status: Provar reservkällor (Storytel/BookBeat/Open Library) …
2026-09-27 19:06:37,383 DEBUG   ags.ags.nordic:   <- 200, 29 bytes
2026-09-27 19:06:37,386 INFO    ags.ags.nordic: Storytel: 0 träffar för 'The Dresden Files 00.5 - A Restoration of Faith Jim Butcher'
2026-09-27 19:06:37,387 DEBUG   ags.ags.nordic: GET https://search-api.bookbeat.com/api/appsearch/suggest?includeErotic=false&market=sweden&query=The%20Dresden%20Files%2000.5%20-%20A%20Restoration%20of%20Faith%20Jim%20Butcher&v=18
2026-09-27 19:06:38,241 DEBUG   ags.ags.nordic:   <- 200, 39 bytes
2026-09-27 19:06:38,244 INFO    ags.ags.nordic: BookBeat: 0 träffar för 'The Dresden Files 00.5 - A Restoration of Faith Jim Butcher'
2026-09-27 19:06:38,812 INFO    ags.gui: ui-status: Söker: Intro
2026-09-27 19:06:38,812 INFO    ags.gui: ui-status: hämtar https://www.goodreads.com/search?page=1&q=Intro+Jim+Butcher
2026-09-27 19:06:39,160 DEBUG   ags.gui: logg: tail
2026-09-27 19:06:39,200 INFO    ags.goodreads: GET https://www.goodreads.com/search?page=1&q=Intro+Jim+Butcher -> 200 (195371 byte)
2026-09-27 19:06:40,219 INFO    ags.gui: ui-status: hämtar https://www.goodreads.com/search?page=1&q=Intro+0
2026-09-27 19:06:41,039 INFO    ags.goodreads: GET https://www.goodreads.com/search?page=1&q=Intro+0 -> 200 (560533 byte)
2026-09-27 19:06:41,166 INFO    ags.engine.match: goodreads gav 0 träffar för 'Intro Jim Butcher' — provar originaltitlar via Wikipedia
2026-09-27 19:06:41,553 INFO    ags.engine.match: inga träffar för 'Intro Jim Butcher' från goodreads/bridge — provar reservkällor
2026-09-27 19:06:41,553 DEBUG   ags.ags.nordic: GET https://www.storytel.com/api/search.action?request_locale=sv&q=Intro%20Jim%20Butcher
2026-09-27 19:06:41,628 INFO    ags.gui: ui-status: Provar reservkällor (Storytel/BookBeat/Open Library) …
2026-09-27 19:06:41,701 DEBUG   ags.gui: logg: tail
2026-09-27 19:06:42,498 DEBUG   ags.ags.nordic:   <- 200, 29 bytes
2026-09-27 19:06:42,500 INFO    ags.ags.nordic: Storytel: 0 träffar för 'Intro Jim Butcher'
2026-09-27 19:06:42,500 DEBUG   ags.ags.nordic: GET https://search-api.bookbeat.com/api/appsearch/suggest?includeErotic=false&market=sweden&query=Intro%20Jim%20Butcher&v=18
2026-09-27 19:06:43,379 DEBUG   ags.ags.nordic:   <- 200, 38 bytes
2026-09-27 19:06:43,381 INFO    ags.ags.nordic: BookBeat: 0 träffar för 'Intro Jim Butcher'
2026-09-27 19:06:43,680 INFO    ags.engine.match: reservkälla gav 1 träffar för 'Intro Jim Butcher' (källa=openlibrary)
2026-09-27 19:06:43,817 INFO    ags.gui: ui-status: Söker: The Dresden Files 01.0 - Storm Front
2026-09-27 19:06:43,818 INFO    ags.gui: ui-status: hämtar https://www.goodreads.com/search?page=1&q=The+Dresden+Files+01.0+-+Storm+Front+James+Marsters
2026-09-27 19:06:44,120 INFO    ags.goodreads: GET https://www.goodreads.com/search?page=1&q=The+Dresden+Files+01.0+-+Storm+Front+James+Marsters -> 200 (159524 byte)
2026-09-27 19:06:44,227 DEBUG   ags.gui: logg: tail
2026-09-27 19:06:45,220 INFO    ags.gui: ui-status: hämtar https://www.goodreads.com/search?page=1&q=The+Dresden+Files+James+Marsters
2026-09-27 19:06:46,387 INFO    ags.goodreads: GET https://www.goodreads.com/search?page=1&q=The+Dresden+Files+James+Marsters -> 200 (638968 byte)
2026-09-27 19:06:46,747 DEBUG   ags.gui: logg: tail
2026-09-27 19:06:46,763 INFO    ags.gui: ui-status: hämtar https://www.goodreads.com/search?page=1&q=The+Dresden+1
2026-09-27 19:06:48,457 INFO    ags.goodreads: GET https://www.goodreads.com/search?page=1&q=The+Dresden+1 -> 200 (608393 byte)
2026-09-27 19:06:48,874 INFO    ags.engine.match: goodreads gav 0 träffar för 'The Dresden Files 01.0 - Storm Front James Marsters' — provar originaltitlar via Wikipedia
2026-09-27 19:06:49,060 INFO    ags.engine.match: inga träffar för 'The Dresden Files 01.0 - Storm Front James Marsters' från goodreads/bridge — provar reservkällor
2026-09-27 19:06:49,064 DEBUG   ags.ags.nordic: GET https://www.storytel.com/api/search.action?request_locale=sv&q=The%20Dresden%20Files%2001.0%20-%20Storm%20Front%20James%20Marsters
2026-09-27 19:06:49,110 INFO    ags.gui: ui-status: Provar reservkällor (Storytel/BookBeat/Open Library) …
2026-09-27 19:06:49,269 DEBUG   ags.gui: logg: tail
2026-09-27 19:06:50,918 DEBUG   ags.ags.nordic:   <- 200, 29 bytes
2026-09-27 19:06:50,921 INFO    ags.ags.nordic: Storytel: 0 träffar för 'The Dresden Files 01.0 - Storm Front James Marsters'
2026-09-27 19:06:50,921 DEBUG   ags.ags.nordic: GET https://search-api.bookbeat.com/api/appsearch/suggest?includeErotic=false&market=sweden&query=The%20Dresden%20Files%2001.0%20-%20Storm%20Front%20James%20Marsters&v=18
2026-09-27 19:06:51,816 DEBUG   ags.gui: logg: tail
2026-09-27 19:06:51,904 DEBUG   ags.ags.nordic:   <- 200, 38 bytes
2026-09-27 19:06:51,905 INFO    ags.ags.nordic: BookBeat: 0 träffar för 'The Dresden Files 01.0 - Storm Front James Marsters'
2026-09-27 19:06:52,260 INFO    ags.gui: ui-status: Söker: Storm Front
2026-09-27 19:06:52,260 INFO    ags.gui: ui-status: hämtar https://www.goodreads.com/search?page=1&q=Storm+Front+James+Marsters
2026-09-27 19:06:52,793 INFO    ags.goodreads: GET https://www.goodreads.com/search?page=1&q=Storm+Front+James+Marsters -> 200 (230747 byte)
2026-09-27 19:06:53,690 INFO    ags.gui: ui-status: hämtar https://www.goodreads.com/search?page=1&q=Storm+Front+1
2026-09-27 19:06:54,341 DEBUG   ags.gui: logg: tail
2026-09-27 19:06:54,688 INFO    ags.goodreads: GET https://www.goodreads.com/search?page=1&q=Storm+Front+1 -> 200 (608884 byte)
2026-09-27 19:06:55,039 INFO    ags.engine.match: goodreads gav 0 träffar för 'Storm Front James Marsters' — provar originaltitlar via Wikipedia
2026-09-27 19:06:55,216 INFO    ags.engine.match: inga träffar för 'Storm Front James Marsters' från goodreads/bridge — provar reservkällor
2026-09-27 19:06:55,216 DEBUG   ags.ags.nordic: GET https://www.storytel.com/api/search.action?request_locale=sv&q=Storm%20Front%20James%20Marsters
2026-09-27 19:06:55,253 INFO    ags.gui: ui-status: Provar reservkällor (Storytel/BookBeat/Open Library) …
2026-09-27 19:06:56,868 DEBUG   ags.gui: logg: tail
2026-09-27 19:06:57,301 DEBUG   ags.ags.nordic:   <- 200, 29 bytes
2026-09-27 19:06:57,304 INFO    ags.ags.nordic: Storytel: 0 träffar för 'Storm Front James Marsters'
2026-09-27 19:06:57,305 DEBUG   ags.ags.nordic: GET https://search-api.bookbeat.com/api/appsearch/suggest?includeErotic=false&market=sweden&query=Storm%20Front%20James%20Marsters&v=18
2026-09-27 19:06:58,466 DEBUG   ags.ags.nordic:   <- 200, 38 bytes
2026-09-27 19:06:58,467 INFO    ags.ags.nordic: BookBeat: 0 träffar för 'Storm Front James Marsters'
2026-09-27 19:06:58,823 INFO    ags.engine.match: reservkälla gav 2 träffar för 'Storm Front James Marsters' (källa=openlibrary)
2026-09-27 19:06:58,830 INFO    ags.engine: match 'The Dresden Files 01.0 - Storm Front  (48 filer)' -> 'Storm Front — Jim Butcher' (0.48, ej matchad, minus 0.12)
2026-09-27 19:06:58,831 INFO    ags.engine: matchning 'The Dresden Files 01.0 - Storm Front  (48 filer)' -> behöver koll (källa=openlibrary, poäng=0.48) sökfråga rensad till 'Storm Front James Marsters' | träffar från Open Library (Goodreads ej tillgänglig) | Två nära träffar (0.48 vs 0.66)
2026-09-27 19:06:58,862 INFO    ags.gui: ui-status: Söker: The Dresden Files 02.0 - Fool Moon
2026-09-27 19:06:58,863 INFO    ags.gui: ui-status: hämtar https://www.goodreads.com/search?page=1&q=The+Dresden+Files+02.0+-+Fool+Moon+James+Marsters
2026-09-27 19:06:59,311 INFO    ags.goodreads: GET https://www.goodreads.com/search?page=1&q=The+Dresden+Files+02.0+-+Fool+Moon+James+Marsters -> 200 (159358 byte)
2026-09-27 19:06:59,412 DEBUG   ags.gui: logg: tail
2026-09-27 19:06:59,771 INFO    ags.engine.match: goodreads gav 0 träffar för 'The Dresden Files 02.0 - Fool Moon James Marsters' — provar originaltitlar via Wikipedia
2026-09-27 19:06:59,946 INFO    ags.engine.match: inga träffar för 'The Dresden Files 02.0 - Fool Moon James Marsters' från goodreads/bridge — provar reservkällor
2026-09-27 19:06:59,946 DEBUG   ags.ags.nordic: GET https://www.storytel.com/api/search.action?request_locale=sv&q=The%20Dresden%20Files%2002.0%20-%20Fool%20Moon%20James%20Marsters
2026-09-27 19:07:00,016 INFO    ags.gui: ui-status: Provar reservkällor (Storytel/BookBeat/Open Library) …
2026-09-27 19:07:00,922 DEBUG   ags.ags.nordic:   <- 200, 29 bytes
2026-09-27 19:07:00,924 INFO    ags.ags.nordic: Storytel: 0 träffar för 'The Dresden Files 02.0 - Fool Moon James Marsters'
2026-09-27 19:07:00,924 DEBUG   ags.ags.nordic: GET https://search-api.bookbeat.com/api/appsearch/suggest?includeErotic=false&market=sweden&query=The%20Dresden%20Files%2002.0%20-%20Fool%20Moon%20James%20Marsters&v=18
2026-09-27 19:07:01,872 DEBUG   ags.ags.nordic:   <- 200, 38 bytes
2026-09-27 19:07:01,875 INFO    ags.ags.nordic: BookBeat: 0 träffar för 'The Dresden Files 02.0 - Fool Moon James Marsters'
2026-09-27 19:07:01,940 DEBUG   ags.gui: logg: tail
2026-09-27 19:07:02,240 INFO    ags.gui: ui-status: Söker: Fool Moon
2026-09-27 19:07:02,240 INFO    ags.gui: ui-status: hämtar https://www.goodreads.com/search?page=1&q=Fool+Moon+James+Marsters
2026-09-27 19:07:02,741 INFO    ags.goodreads: GET https://www.goodreads.com/search?page=1&q=Fool+Moon+James+Marsters -> 200 (240601 byte)
2026-09-27 19:07:03,744 INFO    ags.gui: ui-status: hämtar https://www.goodreads.com/search?page=1&q=Fool+Moon+1
2026-09-27 19:07:04,456 DEBUG   ags.gui: logg: tail
2026-09-27 19:07:05,122 INFO    ags.goodreads: GET https://www.goodreads.com/search?page=1&q=Fool+Moon+1 -> 200 (479028 byte)
2026-09-27 19:07:05,235 INFO    ags.engine.match: goodreads gav 0 träffar för 'Fool Moon James Marsters' — provar originaltitlar via Wikipedia
2026-09-27 19:07:05,409 INFO    ags.engine.match: inga träffar för 'Fool Moon James Marsters' från goodreads/bridge — provar reservkällor
2026-09-27 19:07:05,409 DEBUG   ags.ags.nordic: GET https://www.storytel.com/api/search.action?request_locale=sv&q=Fool%20Moon%20James%20Marsters
2026-09-27 19:07:05,495 INFO    ags.gui: ui-status: Provar reservkällor (Storytel/BookBeat/Open Library) …
2026-09-27 19:07:06,001 DEBUG   ags.gui: detaljvy uppdaterad
2026-09-27 19:07:06,212 DEBUG   ags.ags.nordic:   <- 200, 29 bytes
2026-09-27 19:07:06,214 INFO    ags.ags.nordic: Storytel: 0 träffar för 'Fool Moon James Marsters'
2026-09-27 19:07:06,214 DEBUG   ags.ags.nordic: GET https://search-api.bookbeat.com/api/appsearch/suggest?includeErotic=false&market=sweden&query=Fool%20Moon%20James%20Marsters&v=18
2026-09-27 19:07:06,977 DEBUG   ags.gui: logg: tail
2026-09-27 19:07:06,987 DEBUG   ags.ags.nordic:   <- 200, 38 bytes
2026-09-27 19:07:06,990 INFO    ags.ags.nordic: BookBeat: 0 träffar för 'Fool Moon James Marsters'
2026-09-27 19:07:07,262 INFO    ags.engine.match: reservkälla gav 2 träffar för 'Fool Moon James Marsters' (källa=openlibrary)
2026-09-27 19:07:07,269 INFO    ags.engine: match 'The Dresden Files 02.0 - Fool Moon  (70 filer)' -> 'Fool Moon — Jim Butcher, Mark Powers, Chase Conley, Tyler Walpole, James Marsters' (0.81, behöver koll)
2026-09-27 19:07:07,270 INFO    ags.engine: matchning 'The Dresden Files 02.0 - Fool Moon  (70 filer)' -> behöver koll (källa=openlibrary, poäng=0.81) sökfråga rensad till 'Fool Moon James Marsters' | träffar från Open Library (Goodreads ej tillgänglig)
2026-09-27 19:07:07,385 INFO    ags.gui: ui-status: Söker: The Dresden Files 02.5 - B is for Bigfoot
2026-09-27 19:07:07,385 INFO    ags.gui: ui-status: hämtar https://www.goodreads.com/search?page=1&q=The+Dresden+Files+02.5+-+B+is+for+Bigfoot+James+Marsters
2026-09-27 19:07:07,838 INFO    ags.goodreads: GET https://www.goodreads.com/search?page=1&q=The+Dresden+Files+02.5+-+B+is+for+Bigfoot+James+Marsters -> 200 (159535 byte)
2026-09-27 19:07:07,910 DEBUG   ags.gui: högerklicksmeny öppnad
2026-09-27 19:07:07,913 DEBUG   ags.gui: detaljvy uppdaterad
2026-09-27 19:07:07,991 INFO    ags.engine.match: goodreads gav 0 träffar för 'The Dresden Files 02.5 - B is for Bigfoot James Marsters' — provar originaltitlar via Wikipedia
2026-09-27 19:07:08,154 INFO    ags.engine.match: inga träffar för 'The Dresden Files 02.5 - B is for Bigfoot James Marsters' från goodreads/bridge — provar reservkällor
2026-09-27 19:07:08,154 DEBUG   ags.ags.nordic: GET https://www.storytel.com/api/search.action?request_locale=sv&q=The%20Dresden%20Files%2002.5%20-%20B%20is%20for%20Bigfoot%20James%20Marsters
2026-09-27 19:07:08,161 INFO    ags.gui: ui-status: Provar reservkällor (Storytel/BookBeat/Open Library) …
2026-09-27 19:07:08,908 DEBUG   ags.ags.nordic:   <- 200, 29 bytes
2026-09-27 19:07:08,910 INFO    ags.ags.nordic: Storytel: 0 träffar för 'The Dresden Files 02.5 - B is for Bigfoot James Marsters'
2026-09-27 19:07:08,910 DEBUG   ags.ags.nordic: GET https://search-api.bookbeat.com/api/appsearch/suggest?includeErotic=false&market=sweden&query=The%20Dresden%20Files%2002.5%20-%20B%20is%20for%20Bigfoot%20James%20Marsters&v=18
2026-09-27 19:07:09,431 INFO    ags.gui: kommando: Organisera vald bok (inkl. historikrader)
2026-09-27 19:07:09,431 INFO    ags.gui: organisering begärd: 1 förslag, ask_uncertain=True, include_done=True, move=True
2026-09-27 19:07:09,433 INFO    ags.ags.settings: inställningar sparade till C:\Users\monon\.audiobook-goodreads\settings.json
2026-09-27 19:07:09,433 INFO    ags.gui: inställningar sparade (silent=True): import='C:/Users/monon/Documents/lazylibrarian' output='C:/Users/monon/Documents/Ljudböcker' flytta=True serie=True skip_done=True
2026-09-27 19:07:09,434 WARNING ags.gui: jobb 'Organiserar' HOPPAS ÖVER: ett annat jobb pågår redan
2026-09-27 19:07:09,509 DEBUG   ags.gui: logg: tail
2026-09-27 19:07:09,731 DEBUG   ags.ags.nordic:   <- 200, 39 bytes
2026-09-27 19:07:09,733 INFO    ags.ags.nordic: BookBeat: 0 träffar för 'The Dresden Files 02.5 - B is for Bigfoot James Marsters'
2026-09-27 19:07:10,275 INFO    ags.gui: ui-status: Söker: Working for Bigfoot
2026-09-27 19:07:10,276 INFO    ags.gui: ui-status: hämtar https://www.goodreads.com/search?page=1&q=Working+for+Bigfoot+James+Marsters
2026-09-27 19:07:10,799 INFO    ags.goodreads: GET https://www.goodreads.com/search?page=1&q=Working+for+Bigfoot+James+Marsters -> 200 (196864 byte)
2026-09-27 19:07:10,850 INFO    ags.engine.match: goodreads gav 0 träffar för 'Working for Bigfoot James Marsters' — provar originaltitlar via Wikipedia
2026-09-27 19:07:11,013 INFO    ags.engine.match: inga träffar för 'Working for Bigfoot James Marsters' från goodreads/bridge — provar reservkällor
2026-09-27 19:07:11,014 DEBUG   ags.ags.nordic: GET https://www.storytel.com/api/search.action?request_locale=sv&q=Working%20for%20Bigfoot%20James%20Marsters
2026-09-27 19:07:11,015 INFO    ags.gui: ui-status: Provar reservkällor (Storytel/BookBeat/Open Library) …
2026-09-27 19:07:11,771 DEBUG   ags.ags.nordic:   <- 200, 29 bytes
2026-09-27 19:07:11,774 INFO    ags.ags.nordic: Storytel: 0 träffar för 'Working for Bigfoot James Marsters'
2026-09-27 19:07:11,775 DEBUG   ags.ags.nordic: GET https://search-api.bookbeat.com/api/appsearch/suggest?includeErotic=false&market=sweden&query=Working%20for%20Bigfoot%20James%20Marsters&v=18
2026-09-27 19:07:12,023 DEBUG   ags.gui: logg: tail
2026-09-27 19:07:12,582 DEBUG   ags.ags.nordic:   <- 200, 39 bytes
2026-09-27 19:07:12,585 INFO    ags.ags.nordic: BookBeat: 0 träffar för 'Working for Bigfoot James Marsters'
2026-09-27 19:07:13,164 WARNING ags.engine: matchning 'The Dresden Files 02.5 - B is for Bigfoot  (9 filer)' -> ej matchad. Orsak: sökfråga rensad till 'Working for Bigfoot James Marsters'
2026-09-27 19:07:13,245 INFO    ags.gui: ui-status: Söker: The Dresden Files 03.0 - Grave Peril
2026-09-27 19:07:13,245 INFO    ags.gui: ui-status: hämtar https://www.goodreads.com/search?page=1&q=The+Dresden+Files+03.0+-+Grave+Peril+James+Marsters
2026-09-27 19:07:13,612 INFO    ags.goodreads: GET https://www.goodreads.com/search?page=1&q=The+Dresden+Files+03.0+-+Grave+Peril+James+Marsters -> 200 (159524 byte)
2026-09-27 19:07:13,899 INFO    ags.engine.match: goodreads gav 0 träffar för 'The Dresden Files 03.0 - Grave Peril James Marsters' — provar originaltitlar via Wikipedia
2026-09-27 19:07:14,101 INFO    ags.engine.match: inga träffar för 'The Dresden Files 03.0 - Grave Peril James Marsters' från goodreads/bridge — provar reservkällor
2026-09-27 19:07:14,101 DEBUG   ags.ags.nordic: GET https://www.storytel.com/api/search.action?request_locale=sv&q=The%20Dresden%20Files%2003.0%20-%20Grave%20Peril%20James%20Marsters
2026-09-27 19:07:14,119 INFO    ags.gui: ui-status: Provar reservkällor (Storytel/BookBeat/Open Library) …
2026-09-27 19:07:14,542 DEBUG   ags.gui: logg: tail
2026-09-27 19:07:14,976 DEBUG   ags.ags.nordic:   <- 200, 29 bytes
2026-09-27 19:07:14,980 INFO    ags.ags.nordic: Storytel: 0 träffar för 'The Dresden Files 03.0 - Grave Peril James Marsters'
2026-09-27 19:07:14,980 DEBUG   ags.ags.nordic: GET https://search-api.bookbeat.com/api/appsearch/suggest?includeErotic=false&market=sweden&query=The%20Dresden%20Files%2003.0%20-%20Grave%20Peril%20James%20Marsters&v=18
2026-09-27 19:07:15,817 DEBUG   ags.ags.nordic:   <- 200, 38 bytes
2026-09-27 19:07:15,820 INFO    ags.ags.nordic: BookBeat: 0 träffar för 'The Dresden Files 03.0 - Grave Peril James Marsters'
2026-09-27 19:07:16,353 INFO    ags.gui: ui-status: Söker: Grave Peril
2026-09-27 19:07:16,353 INFO    ags.gui: ui-status: hämtar https://www.goodreads.com/search?page=1&q=Grave+Peril+James+Marsters
2026-09-27 19:07:16,747 INFO    ags.goodreads: GET https://www.goodreads.com/search?page=1&q=Grave+Peril+James+Marsters -> 200 (218337 byte)
2026-09-27 19:07:17,065 DEBUG   ags.gui: logg: tail
2026-09-27 19:07:17,761 INFO    ags.gui: ui-status: hämtar https://www.goodreads.com/search?page=1&q=Grave+Peril+1
2026-09-27 19:07:18,748 INFO    ags.goodreads: GET https://www.goodreads.com/search?page=1&q=Grave+Peril+1 -> 200 (331011 byte)
2026-09-27 19:07:18,818 INFO    ags.engine.match: goodreads gav 0 träffar för 'Grave Peril James Marsters' — provar originaltitlar via Wikipedia
2026-09-27 19:07:18,996 INFO    ags.engine.match: inga träffar för 'Grave Peril James Marsters' från goodreads/bridge — provar reservkällor
2026-09-27 19:07:18,997 DEBUG   ags.ags.nordic: GET https://www.storytel.com/api/search.action?request_locale=sv&q=Grave%20Peril%20James%20Marsters
2026-09-27 19:07:19,059 INFO    ags.gui: ui-status: Provar reservkällor (Storytel/BookBeat/Open Library) …
2026-09-27 19:07:19,579 DEBUG   ags.gui: logg: tail
2026-09-27 19:07:19,778 DEBUG   ags.ags.nordic:   <- 200, 29 bytes
2026-09-27 19:07:19,781 INFO    ags.ags.nordic: Storytel: 0 träffar för 'Grave Peril James Marsters'
2026-09-27 19:07:19,781 DEBUG   ags.ags.nordic: GET https://search-api.bookbeat.com/api/appsearch/suggest?includeErotic=false&market=sweden&query=Grave%20Peril%20James%20Marsters&v=18
2026-09-27 19:07:20,591 DEBUG   ags.ags.nordic:   <- 200, 38 bytes
2026-09-27 19:07:20,594 INFO    ags.ags.nordic: BookBeat: 0 träffar för 'Grave Peril James Marsters'
2026-09-27 19:07:20,957 INFO    ags.engine.match: reservkälla gav 2 träffar för 'Grave Peril James Marsters' (källa=openlibrary)
2026-09-27 19:07:20,965 INFO    ags.engine: match 'The Dresden Files 03.0 - Grave Peril  (47 filer)' -> 'Grave Peril — Jim Butcher, James Marsters' (0.81, behöver koll)
2026-09-27 19:07:20,966 INFO    ags.engine: matchning 'The Dresden Files 03.0 - Grave Peril  (47 filer)' -> behöver koll (källa=openlibrary, poäng=0.81) sökfråga rensad till 'Grave Peril James Marsters' | träffar från Open Library (Goodreads ej tillgänglig)
2026-09-27 19:07:21,061 INFO    ags.gui: ui-status: Söker: The Dresden Files 04.0 - Summer Knight
2026-09-27 19:07:21,061 INFO    ags.gui: ui-status: hämtar https://www.goodreads.com/search?page=1&q=The+Dresden+Files+04.0+-+Summer+Knight+James+Marsters
2026-09-27 19:07:21,401 INFO    ags.goodreads: GET https://www.goodreads.com/search?page=1&q=The+Dresden+Files+04.0+-+Summer+Knight+James+Marsters -> 200 (159501 byte)
2026-09-27 19:07:21,569 INFO    ags.engine.match: goodreads gav 0 träffar för 'The Dresden Files 04.0 - Summer Knight James Marsters' — provar originaltitlar via Wikipedia
2026-09-27 19:07:21,774 INFO    ags.engine.match: inga träffar för 'The Dresden Files 04.0 - Summer Knight James Marsters' från goodreads/bridge — provar reservkällor
2026-09-27 19:07:21,774 DEBUG   ags.ags.nordic: GET https://www.storytel.com/api/search.action?request_locale=sv&q=The%20Dresden%20Files%2004.0%20-%20Summer%20Knight%20James%20Marsters
2026-09-27 19:07:21,793 INFO    ags.gui: ui-status: Provar reservkällor (Storytel/BookBeat/Open Library) …
2026-09-27 19:07:22,100 DEBUG   ags.gui: logg: tail
2026-09-27 19:07:22,601 DEBUG   ags.ags.nordic:   <- 200, 29 bytes
2026-09-27 19:07:22,604 INFO    ags.ags.nordic: Storytel: 0 träffar för 'The Dresden Files 04.0 - Summer Knight James Marsters'
2026-09-27 19:07:22,604 DEBUG   ags.ags.nordic: GET https://search-api.bookbeat.com/api/appsearch/suggest?includeErotic=false&market=sweden&query=The%20Dresden%20Files%2004.0%20-%20Summer%20Knight%20James%20Marsters&v=18
2026-09-27 19:07:23,752 DEBUG   ags.ags.nordic:   <- 200, 39 bytes
2026-09-27 19:07:23,754 INFO    ags.ags.nordic: BookBeat: 0 träffar för 'The Dresden Files 04.0 - Summer Knight James Marsters'
2026-09-27 19:07:24,314 INFO    ags.gui: ui-status: Söker: Summer Knight
2026-09-27 19:07:24,315 INFO    ags.gui: ui-status: hämtar https://www.goodreads.com/search?page=1&q=Summer+Knight+James+Marsters
2026-09-27 19:07:24,627 DEBUG   ags.gui: logg: tail
2026-09-27 19:07:24,721 INFO    ags.goodreads: GET https://www.goodreads.com/search?page=1&q=Summer+Knight+James+Marsters -> 200 (218421 byte)
2026-09-27 19:07:24,758 INFO    ags.engine.match: goodreads gav 0 träffar för 'Summer Knight James Marsters' — provar originaltitlar via Wikipedia
2026-09-27 19:07:24,925 INFO    ags.engine.match: inga träffar för 'Summer Knight James Marsters' från goodreads/bridge — provar reservkällor
2026-09-27 19:07:24,925 DEBUG   ags.ags.nordic: GET https://www.storytel.com/api/search.action?request_locale=sv&q=Summer%20Knight%20James%20Marsters
2026-09-27 19:07:24,947 INFO    ags.gui: ui-status: Provar reservkällor (Storytel/BookBeat/Open Library) …
2026-09-27 19:07:25,777 DEBUG   ags.ags.nordic:   <- 200, 29 bytes
2026-09-27 19:07:25,779 INFO    ags.ags.nordic: Storytel: 0 träffar för 'Summer Knight James Marsters'
2026-09-27 19:07:25,779 DEBUG   ags.ags.nordic: GET https://search-api.bookbeat.com/api/appsearch/suggest?includeErotic=false&market=sweden&query=Summer%20Knight%20James%20Marsters&v=18
2026-09-27 19:07:26,931 DEBUG   ags.ags.nordic:   <- 200, 39 bytes
2026-09-27 19:07:26,933 INFO    ags.ags.nordic: BookBeat: 0 träffar för 'Summer Knight James Marsters'
2026-09-27 19:07:27,162 DEBUG   ags.gui: logg: tail
2026-09-27 19:07:27,218 INFO    ags.engine.match: reservkälla gav 3 träffar för 'Summer Knight James Marsters' (källa=openlibrary)
2026-09-27 19:07:27,222 INFO    ags.engine: match 'The Dresden Files 04.0 - Summer Knight' -> 'Summer Knight — Jim Butcher, James Marsters' (0.88, behöver koll)
2026-09-27 19:07:27,222 INFO    ags.engine: matchning 'The Dresden Files 04.0 - Summer Knight' -> behöver koll (källa=openlibrary, poäng=0.88) sökfråga rensad till 'Summer Knight James Marsters' | träffar från Open Library (Goodreads ej tillgänglig)
2026-09-27 19:07:27,231 INFO    ags.gui: ui-status: Söker: Death Masks 1
2026-09-27 19:07:27,231 INFO    ags.gui: ui-status: hämtar https://www.goodreads.com/search?page=1&q=Death+Masks+1+James+Marsters
2026-09-27 19:07:27,655 INFO    ags.goodreads: GET https://www.goodreads.com/search?page=1&q=Death+Masks+1+James+Marsters -> 200 (159191 byte)
2026-09-27 19:07:28,773 INFO    ags.gui: ui-status: hämtar https://www.goodreads.com/search?page=1&q=Death+Masks+1
2026-09-27 19:07:29,693 DEBUG   ags.gui: logg: tail
2026-09-27 19:07:30,355 INFO    ags.goodreads: GET https://www.goodreads.com/search?page=1&q=Death+Masks+1 -> 200 (583157 byte)
2026-09-27 19:07:30,489 INFO    ags.engine.match: goodreads gav 0 träffar för 'Death Masks 1 James Marsters' — provar originaltitlar via Wikipedia
2026-09-27 19:07:30,675 INFO    ags.engine.match: inga träffar för 'Death Masks 1 James Marsters' från goodreads/bridge — provar reservkällor
2026-09-27 19:07:30,676 DEBUG   ags.ags.nordic: GET https://www.storytel.com/api/search.action?request_locale=sv&q=Death%20Masks%201%20James%20Marsters
2026-09-27 19:07:30,796 INFO    ags.gui: ui-status: Provar reservkällor (Storytel/BookBeat/Open Library) …
2026-09-27 19:07:31,513 DEBUG   ags.ags.nordic:   <- 200, 29 bytes
2026-09-27 19:07:31,515 INFO    ags.ags.nordic: Storytel: 0 träffar för 'Death Masks 1 James Marsters'
2026-09-27 19:07:31,515 DEBUG   ags.ags.nordic: GET https://search-api.bookbeat.com/api/appsearch/suggest?includeErotic=false&market=sweden&query=Death%20Masks%201%20James%20Marsters&v=18
2026-09-27 19:07:32,241 DEBUG   ags.gui: logg: tail
2026-09-27 19:07:32,499 DEBUG   ags.ags.nordic:   <- 200, 38 bytes
2026-09-27 19:07:32,501 INFO    ags.ags.nordic: BookBeat: 0 träffar för 'Death Masks 1 James Marsters'
2026-09-27 19:07:32,935 INFO    ags.gui: ui-status: Söker: The Dresden Files 05.0 - Death Masks
2026-09-27 19:07:32,935 INFO    ags.gui: ui-status: hämtar https://www.goodreads.com/search?page=1&q=The+Dresden+Files+05.0+-+Death+Masks+James+Marsters
2026-09-27 19:07:33,312 INFO    ags.goodreads: GET https://www.goodreads.com/search?page=1&q=The+Dresden+Files+05.0+-+Death+Masks+James+Marsters -> 200 (159524 byte)
2026-09-27 19:07:33,786 INFO    ags.engine.match: goodreads gav 0 träffar för 'The Dresden Files 05.0 - Death Masks James Marsters' — provar originaltitlar via Wikipedia
2026-09-27 19:07:33,973 INFO    ags.engine.match: inga träffar för 'The Dresden Files 05.0 - Death Masks James Marsters' från goodreads/bridge — provar reservkällor
2026-09-27 19:07:33,973 DEBUG   ags.ags.nordic: GET https://www.storytel.com/api/search.action?request_locale=sv&q=The%20Dresden%20Files%2005.0%20-%20Death%20Masks%20James%20Marsters
2026-09-27 19:07:34,092 INFO    ags.gui: ui-status: Provar reservkällor (Storytel/BookBeat/Open Library) …
2026-09-27 19:07:34,770 DEBUG   ags.gui: logg: tail
2026-09-27 19:07:34,899 DEBUG   ags.ags.nordic:   <- 200, 29 bytes
2026-09-27 19:07:34,900 INFO    ags.ags.nordic: Storytel: 0 träffar för 'The Dresden Files 05.0 - Death Masks James Marsters'
2026-09-27 19:07:34,900 DEBUG   ags.ags.nordic: GET https://search-api.bookbeat.com/api/appsearch/suggest?includeErotic=false&market=sweden&query=The%20Dresden%20Files%2005.0%20-%20Death%20Masks%20James%20Marsters&v=18
2026-09-27 19:07:35,737 DEBUG   ags.ags.nordic:   <- 200, 38 bytes
2026-09-27 19:07:35,740 INFO    ags.ags.nordic: BookBeat: 0 träffar för 'The Dresden Files 05.0 - Death Masks James Marsters'
2026-09-27 19:07:36,161 INFO    ags.gui: ui-status: Söker: Death Masks 001
2026-09-27 19:07:36,162 INFO    ags.gui: ui-status: hämtar https://www.goodreads.com/search?page=1&q=Death+Masks+001+James+Marsters
2026-09-27 19:07:36,470 INFO    ags.goodreads: GET https://www.goodreads.com/search?page=1&q=Death+Masks+001+James+Marsters -> 200 (159160 byte)
2026-09-27 19:07:36,634 INFO    ags.engine.match: goodreads gav 0 träffar för 'Death Masks 001 James Marsters' — provar originaltitlar via Wikipedia
2026-09-27 19:07:36,845 INFO    ags.engine.match: inga träffar för 'Death Masks 001 James Marsters' från goodreads/bridge — provar reservkällor
2026-09-27 19:07:36,845 DEBUG   ags.ags.nordic: GET https://www.storytel.com/api/search.action?request_locale=sv&q=Death%20Masks%20001%20James%20Marsters
2026-09-27 19:07:36,929 INFO    ags.gui: ui-status: Provar reservkällor (Storytel/BookBeat/Open Library) …
2026-09-27 19:07:37,291 DEBUG   ags.gui: logg: tail
2026-09-27 19:07:37,668 DEBUG   ags.ags.nordic:   <- 200, 29 bytes
2026-09-27 19:07:37,670 INFO    ags.ags.nordic: Storytel: 0 träffar för 'Death Masks 001 James Marsters'
2026-09-27 19:07:37,670 DEBUG   ags.ags.nordic: GET https://search-api.bookbeat.com/api/appsearch/suggest?includeErotic=false&market=sweden&query=Death%20Masks%20001%20James%20Marsters&v=18
2026-09-27 19:07:38,539 DEBUG   ags.ags.nordic:   <- 200, 38 bytes
2026-09-27 19:07:38,541 INFO    ags.ags.nordic: BookBeat: 0 träffar för 'Death Masks 001 James Marsters'
2026-09-27 19:07:39,017 WARNING ags.engine: matchning 'The Dresden Files 05.0 - Death Masks  (109 filer)' -> ej matchad. Orsak: sökfråga rensad till 'Death Masks 001 James Marsters'
2026-09-27 19:07:39,062 INFO    ags.gui: ui-status: Söker: The Dresden Files 05.5 - Vignette 2
2026-09-27 19:07:39,063 INFO    ags.gui: ui-status: hämtar https://www.goodreads.com/search?page=1&q=The+Dresden+Files+05.5+-+Vignette+2+Jim+Butcher
2026-09-27 19:07:39,632 INFO    ags.goodreads: GET https://www.goodreads.com/search?page=1&q=The+Dresden+Files+05.5+-+Vignette+2+Jim+Butcher -> 200 (159381 byte)
2026-09-27 19:07:39,812 DEBUG   ags.gui: logg: tail
2026-09-27 19:07:40,613 INFO    ags.gui: ui-status: hämtar https://www.goodreads.com/search?page=1&q=The+Dresden+2
2026-09-27 19:07:41,943 INFO    ags.goodreads: GET https://www.goodreads.com/search?page=1&q=The+Dresden+2 -> 200 (631249 byte)
2026-09-27 19:07:42,136 INFO    ags.engine.match: goodreads gav 0 träffar för 'The Dresden Files 05.5 - Vignette 2 Jim Butcher' — provar originaltitlar via Wikipedia
2026-09-27 19:07:42,268 INFO    ags.engine.match: inga träffar för 'The Dresden Files 05.5 - Vignette 2 Jim Butcher' från goodreads/bridge — provar reservkällor
2026-09-27 19:07:42,268 DEBUG   ags.ags.nordic: GET https://www.storytel.com/api/search.action?request_locale=sv&q=The%20Dresden%20Files%2005.5%20-%20Vignette%202%20Jim%20Butcher
2026-09-27 19:07:42,334 DEBUG   ags.gui: logg: tail
2026-09-27 19:07:42,388 INFO    ags.gui: ui-status: Provar reservkällor (Storytel/BookBeat/Open Library) …
2026-09-27 19:07:43,244 DEBUG   ags.ags.nordic:   <- 200, 29 bytes
2026-09-27 19:07:43,246 INFO    ags.ags.nordic: Storytel: 0 träffar för 'The Dresden Files 05.5 - Vignette 2 Jim Butcher'
2026-09-27 19:07:43,246 DEBUG   ags.ags.nordic: GET https://search-api.bookbeat.com/api/appsearch/suggest?includeErotic=false&market=sweden&query=The%20Dresden%20Files%2005.5%20-%20Vignette%202%20Jim%20Butcher&v=18
2026-09-27 19:07:44,108 DEBUG   ags.ags.nordic:   <- 200, 39 bytes
2026-09-27 19:07:44,111 INFO    ags.ags.nordic: BookBeat: 0 träffar för 'The Dresden Files 05.5 - Vignette 2 Jim Butcher'
2026-09-27 19:07:44,526 INFO    ags.gui: ui-status: Söker: The Dresden Files 05.5 - Vignette
2026-09-27 19:07:44,526 INFO    ags.gui: ui-status: hämtar https://www.goodreads.com/search?page=1&q=The+Dresden+Files+05.5+-+Vignette+Jim+Butcher
2026-09-27 19:07:44,868 DEBUG   ags.gui: logg: tail
2026-09-27 19:07:44,873 INFO    ags.goodreads: GET https://www.goodreads.com/search?page=1&q=The+Dresden+Files+05.5+-+Vignette+Jim+Butcher -> 200 (159359 byte)
2026-09-27 19:07:45,397 INFO    ags.engine.match: goodreads gav 0 träffar för 'The Dresden Files 05.5 - Vignette Jim Butcher' — provar originaltitlar via Wikipedia
2026-09-27 19:07:45,517 INFO    ags.engine.match: inga träffar för 'The Dresden Files 05.5 - Vignette Jim Butcher' från goodreads/bridge — provar reservkällor
2026-09-27 19:07:45,517 DEBUG   ags.ags.nordic: GET https://www.storytel.com/api/search.action?request_locale=sv&q=The%20Dresden%20Files%2005.5%20-%20Vignette%20Jim%20Butcher
2026-09-27 19:07:45,525 INFO    ags.gui: ui-status: Provar reservkällor (Storytel/BookBeat/Open Library) …
2026-09-27 19:07:46,317 DEBUG   ags.ags.nordic:   <- 200, 29 bytes
2026-09-27 19:07:46,319 INFO    ags.ags.nordic: Storytel: 0 träffar för 'The Dresden Files 05.5 - Vignette Jim Butcher'
2026-09-27 19:07:46,319 DEBUG   ags.ags.nordic: GET https://search-api.bookbeat.com/api/appsearch/suggest?includeErotic=false&market=sweden&query=The%20Dresden%20Files%2005.5%20-%20Vignette%20Jim%20Butcher&v=18
2026-09-27 19:07:47,082 DEBUG   ags.ags.nordic:   <- 429, 53 bytes
2026-09-27 19:07:47,082 WARNING ags.ags.nordic: BookBeat-fel: 429 Client Error: Too Many Requests for url: https://search-api.bookbeat.com/api/appsearch/suggest?includeErotic=false&market=sweden&query=The%20Dresden%20Files%2005.5%20-%20Vignette%20Jim%20Butcher&v=18
2026-09-27 19:07:47,412 DEBUG   ags.gui: logg: tail
2026-09-27 19:07:47,432 INFO    ags.gui: ui-status: Söker: 02 - Vignette Intro
2026-09-27 19:07:47,433 INFO    ags.gui: ui-status: hämtar https://www.goodreads.com/search?page=1&q=Vignette+Intro+Jim+Butcher
2026-09-27 19:07:47,872 INFO    ags.goodreads: GET https://www.goodreads.com/search?page=1&q=Vignette+Intro+Jim+Butcher -> 200 (159161 byte)
2026-09-27 19:07:48,996 INFO    ags.gui: ui-status: hämtar https://www.goodreads.com/search?page=1&q=02+-+Vignette+Jim+Butcher
2026-09-27 19:07:49,325 INFO    ags.goodreads: GET https://www.goodreads.com/search?page=1&q=02+-+Vignette+Jim+Butcher -> 200 (159106 byte)
2026-09-27 19:07:49,944 DEBUG   ags.gui: logg: tail
2026-09-27 19:07:50,513 INFO    ags.gui: ui-status: hämtar https://www.goodreads.com/search?page=1&q=02+-+2
2026-09-27 19:07:51,535 INFO    ags.goodreads: GET https://www.goodreads.com/search?page=1&q=02+-+2 -> 200 (602107 byte)
2026-09-27 19:07:51,676 INFO    ags.engine.match: goodreads gav 0 träffar för 'Vignette Intro Jim Butcher' — provar originaltitlar via Wikipedia
2026-09-27 19:07:51,798 INFO    ags.engine.match: inga träffar för 'Vignette Intro Jim Butcher' från goodreads/bridge — provar reservkällor
2026-09-27 19:07:51,798 DEBUG   ags.ags.nordic: GET https://www.storytel.com/api/search.action?request_locale=sv&q=Vignette%20Intro%20Jim%20Butcher
2026-09-27 19:07:51,810 INFO    ags.gui: ui-status: Provar reservkällor (Storytel/BookBeat/Open Library) …
2026-09-27 19:07:52,462 DEBUG   ags.gui: logg: tail
2026-09-27 19:07:52,747 DEBUG   ags.ags.nordic:   <- 200, 29 bytes
2026-09-27 19:07:52,750 INFO    ags.ags.nordic: Storytel: 0 träffar för 'Vignette Intro Jim Butcher'
2026-09-27 19:07:52,751 DEBUG   ags.ags.nordic: GET https://search-api.bookbeat.com/api/appsearch/suggest?includeErotic=false&market=sweden&query=Vignette%20Intro%20Jim%20Butcher&v=18
2026-09-27 19:07:54,019 DEBUG   ags.ags.nordic:   <- 429, 53 bytes
2026-09-27 19:07:54,019 WARNING ags.ags.nordic: BookBeat-fel: 429 Client Error: Too Many Requests for url: https://search-api.bookbeat.com/api/appsearch/suggest?includeErotic=false&market=sweden&query=Vignette%20Intro%20Jim%20Butcher&v=18
2026-09-27 19:07:54,348 INFO    ags.gui: ui-status: Söker: 02 - 00 - Vignette - Intro
2026-09-27 19:07:54,349 INFO    ags.gui: ui-status: hämtar https://www.goodreads.com/search?page=1&q=00+-+Vignette+-+Intro+Jim+Butcher
2026-09-27 19:07:54,716 INFO    ags.goodreads: GET https://www.goodreads.com/search?page=1&q=00+-+Vignette+-+Intro+Jim+Butcher -> 200 (159237 byte)
2026-09-27 19:07:54,987 DEBUG   ags.gui: logg: tail
2026-09-27 19:07:55,894 INFO    ags.gui: ui-status: hämtar https://www.goodreads.com/search?page=1&q=02+-+00+Jim+Butcher
2026-09-27 19:07:56,298 INFO    ags.goodreads: GET https://www.goodreads.com/search?page=1&q=02+-+00+Jim+Butcher -> 200 (159022 byte)
2026-09-27 19:07:56,473 INFO    ags.engine.match: goodreads gav 0 träffar för '00 - Vignette - Intro Jim Butcher' — provar originaltitlar via Wikipedia
2026-09-27 19:07:56,594 INFO    ags.engine.match: inga träffar för '00 - Vignette - Intro Jim Butcher' från goodreads/bridge — provar reservkällor
2026-09-27 19:07:56,594 DEBUG   ags.ags.nordic: GET https://www.storytel.com/api/search.action?request_locale=sv&q=00%20-%20Vignette%20-%20Intro%20Jim%20Butcher
2026-09-27 19:07:56,658 INFO    ags.gui: ui-status: Provar reservkällor (Storytel/BookBeat/Open Library) …
2026-09-27 19:07:57,507 DEBUG   ags.gui: logg: tail
2026-09-27 19:07:57,608 DEBUG   ags.ags.nordic:   <- 200, 29 bytes
2026-09-27 19:07:57,610 INFO    ags.ags.nordic: Storytel: 0 träffar för '00 - Vignette - Intro Jim Butcher'
2026-09-27 19:07:57,610 DEBUG   ags.ags.nordic: GET https://search-api.bookbeat.com/api/appsearch/suggest?includeErotic=false&market=sweden&query=00%20-%20Vignette%20-%20Intro%20Jim%20Butcher&v=18
2026-09-27 19:07:58,421 DEBUG   ags.ags.nordic:   <- 429, 53 bytes
2026-09-27 19:07:58,421 WARNING ags.ags.nordic: BookBeat-fel: 429 Client Error: Too Many Requests for url: https://search-api.bookbeat.com/api/appsearch/suggest?includeErotic=false&market=sweden&query=00%20-%20Vignette%20-%20Intro%20Jim%20Butcher&v=18
2026-09-27 19:07:58,917 WARNING ags.engine: matchning 'The Dresden Files 05.5 - Vignette  (2 filer)' -> ej matchad. Orsak: sökfråga rensad till '00 - Vignette - Intro Jim Butcher'
2026-09-27 19:07:59,042 INFO    ags.gui: ui-status: Söker: The Dresden Files 06.0 - Blood Rites
2026-09-27 19:07:59,043 INFO    ags.gui: ui-status: hämtar https://www.goodreads.com/search?page=1&q=The+Dresden+Files+06.0+-+Blood+Rites+James+Marsters
2026-09-27 19:07:59,346 INFO    ags.goodreads: GET https://www.goodreads.com/search?page=1&q=The+Dresden+Files+06.0+-+Blood+Rites+James+Marsters -> 200 (159481 byte)
2026-09-27 19:07:59,624 INFO    ags.engine.match: goodreads gav 0 träffar för 'The Dresden Files 06.0 - Blood Rites James Marsters' — provar originaltitlar via Wikipedia
2026-09-27 19:07:59,747 INFO    ags.engine.match: inga träffar för 'The Dresden Files 06.0 - Blood Rites James Marsters' från goodreads/bridge — provar reservkällor
2026-09-27 19:07:59,747 DEBUG   ags.ags.nordic: GET https://www.storytel.com/api/search.action?request_locale=sv&q=The%20Dresden%20Files%2006.0%20-%20Blood%20Rites%20James%20Marsters
2026-09-27 19:07:59,810 INFO    ags.gui: ui-status: Provar reservkällor (Storytel/BookBeat/Open Library) …
2026-09-27 19:08:00,041 DEBUG   ags.gui: logg: tail
2026-09-27 19:08:00,528 DEBUG   ags.ags.nordic:   <- 200, 29 bytes
2026-09-27 19:08:00,531 INFO    ags.ags.nordic: Storytel: 0 träffar för 'The Dresden Files 06.0 - Blood Rites James Marsters'
2026-09-27 19:08:00,532 DEBUG   ags.ags.nordic: GET https://search-api.bookbeat.com/api/appsearch/suggest?includeErotic=false&market=sweden&query=The%20Dresden%20Files%2006.0%20-%20Blood%20Rites%20James%20Marsters&v=18
2026-09-27 19:08:01,323 DEBUG   ags.ags.nordic:   <- 429, 53 bytes
2026-09-27 19:08:01,323 WARNING ags.ags.nordic: BookBeat-fel: 429 Client Error: Too Many Requests for url: https://search-api.bookbeat.com/api/appsearch/suggest?includeErotic=false&market=sweden&query=The%20Dresden%20Files%2006.0%20-%20Blood%20Rites%20James%20Marsters&v=18
2026-09-27 19:08:01,711 INFO    ags.gui: ui-status: Söker: Blood Rites
2026-09-27 19:08:01,712 INFO    ags.gui: ui-status: hämtar https://www.goodreads.com/search?page=1&q=Blood+Rites+James+Marsters
2026-09-27 19:08:02,168 INFO    ags.goodreads: GET https://www.goodreads.com/search?page=1&q=Blood+Rites+James+Marsters -> 200 (198300 byte)
2026-09-27 19:08:02,564 DEBUG   ags.gui: logg: tail
2026-09-27 19:08:03,244 INFO    ags.gui: ui-status: hämtar https://www.goodreads.com/search?page=1&q=Blood+Rites+1
2026-09-27 19:08:03,899 INFO    ags.goodreads: GET https://www.goodreads.com/search?page=1&q=Blood+Rites+1 -> 200 (617740 byte)
2026-09-27 19:08:04,045 INFO    ags.engine.match: goodreads gav 0 träffar för 'Blood Rites James Marsters' — provar originaltitlar via Wikipedia
2026-09-27 19:08:04,215 INFO    ags.engine.match: inga träffar för 'Blood Rites James Marsters' från goodreads/bridge — provar reservkällor
2026-09-27 19:08:04,216 DEBUG   ags.ags.nordic: GET https://www.storytel.com/api/search.action?request_locale=sv&q=Blood%20Rites%20James%20Marsters
2026-09-27 19:08:04,266 INFO    ags.gui: ui-status: Provar reservkällor (Storytel/BookBeat/Open Library) …
2026-09-27 19:08:05,056 DEBUG   ags.ags.nordic:   <- 200, 29 bytes
2026-09-27 19:08:05,059 INFO    ags.ags.nordic: Storytel: 0 träffar för 'Blood Rites James Marsters'
2026-09-27 19:08:05,060 DEBUG   ags.ags.nordic: GET https://search-api.bookbeat.com/api/appsearch/suggest?includeErotic=false&market=sweden&query=Blood%20Rites%20James%20Marsters&v=18
2026-09-27 19:08:05,118 DEBUG   ags.gui: logg: tail
2026-09-27 19:08:05,859 DEBUG   ags.ags.nordic:   <- 429, 53 bytes
2026-09-27 19:08:05,859 WARNING ags.ags.nordic: BookBeat-fel: 429 Client Error: Too Many Requests for url: https://search-api.bookbeat.com/api/appsearch/suggest?includeErotic=false&market=sweden&query=Blood%20Rites%20James%20Marsters&v=18
2026-09-27 19:08:06,118 WARNING ags.engine: matchning 'The Dresden Files 06.0 - Blood Rites  (44 filer)' -> ej matchad. Orsak: sökfråga rensad till 'Blood Rites James Marsters'
2026-09-27 19:08:06,195 INFO    ags.gui: ui-status: Söker: The Dresden Files 07.0 - Dead Beat
2026-09-27 19:08:06,196 INFO    ags.gui: ui-status: hämtar https://www.goodreads.com/search?page=1&q=The+Dresden+Files+07.0+-+Dead+Beat+James+Marsters
2026-09-27 19:08:06,547 INFO    ags.goodreads: GET https://www.goodreads.com/search?page=1&q=The+Dresden+Files+07.0+-+Dead+Beat+James+Marsters -> 200 (159358 byte)
2026-09-27 19:08:06,715 INFO    ags.engine.match: goodreads gav 0 träffar för 'The Dresden Files 07.0 - Dead Beat James Marsters' — provar originaltitlar via Wikipedia
2026-09-27 19:08:06,930 INFO    ags.engine.match: inga träffar för 'The Dresden Files 07.0 - Dead Beat James Marsters' från goodreads/bridge — provar reservkällor
2026-09-27 19:08:06,930 DEBUG   ags.ags.nordic: GET https://www.storytel.com/api/search.action?request_locale=sv&q=The%20Dresden%20Files%2007.0%20-%20Dead%20Beat%20James%20Marsters
2026-09-27 19:08:06,960 INFO    ags.gui: ui-status: Provar reservkällor (Storytel/BookBeat/Open Library) …
2026-09-27 19:08:07,644 DEBUG   ags.gui: logg: tail
2026-09-27 19:08:07,818 DEBUG   ags.ags.nordic:   <- 200, 29 bytes
2026-09-27 19:08:07,821 INFO    ags.ags.nordic: Storytel: 0 träffar för 'The Dresden Files 07.0 - Dead Beat James Marsters'
2026-09-27 19:08:07,822 DEBUG   ags.ags.nordic: GET https://search-api.bookbeat.com/api/appsearch/suggest?includeErotic=false&market=sweden&query=The%20Dresden%20Files%2007.0%20-%20Dead%20Beat%20James%20Marsters&v=18
2026-09-27 19:08:08,594 DEBUG   ags.ags.nordic:   <- 429, 53 bytes
2026-09-27 19:08:08,594 WARNING ags.ags.nordic: BookBeat-fel: 429 Client Error: Too Many Requests for url: https://search-api.bookbeat.com/api/appsearch/suggest?includeErotic=false&market=sweden&query=The%20Dresden%20Files%2007.0%20-%20Dead%20Beat%20James%20Marsters&v=18
2026-09-27 19:08:09,006 INFO    ags.gui: ui-status: Söker: Dead Beat
2026-09-27 19:08:09,008 INFO    ags.gui: ui-status: hämtar https://www.goodreads.com/search?page=1&q=Dead+Beat+James+Marsters
2026-09-27 19:08:09,486 INFO    ags.goodreads: GET https://www.goodreads.com/search?page=1&q=Dead+Beat+James+Marsters -> 200 (198250 byte)
2026-09-27 19:08:09,527 INFO    ags.engine.match: goodreads gav 0 träffar för 'Dead Beat James Marsters' — provar originaltitlar via Wikipedia
2026-09-27 19:08:09,693 INFO    ags.engine.match: inga träffar för 'Dead Beat James Marsters' från goodreads/bridge — provar reservkällor
2026-09-27 19:08:09,693 DEBUG   ags.ags.nordic: GET https://www.storytel.com/api/search.action?request_locale=sv&q=Dead%20Beat%20James%20Marsters
2026-09-27 19:08:09,776 INFO    ags.gui: ui-status: Provar reservkällor (Storytel/BookBeat/Open Library) …
2026-09-27 19:08:10,159 DEBUG   ags.gui: logg: tail
2026-09-27 19:08:10,513 DEBUG   ags.ags.nordic:   <- 200, 29 bytes
2026-09-27 19:08:10,515 INFO    ags.ags.nordic: Storytel: 0 träffar för 'Dead Beat James Marsters'
2026-09-27 19:08:10,515 DEBUG   ags.ags.nordic: GET https://search-api.bookbeat.com/api/appsearch/suggest?includeErotic=false&market=sweden&query=Dead%20Beat%20James%20Marsters&v=18
2026-09-27 19:08:11,356 DEBUG   ags.ags.nordic:   <- 200, 38 bytes
2026-09-27 19:08:11,359 INFO    ags.ags.nordic: BookBeat: 0 träffar för 'Dead Beat James Marsters'
2026-09-27 19:08:11,661 WARNING ags.engine: matchning 'The Dresden Files 07.0 - Dead Beat  (81 filer)' -> ej matchad. Orsak: sökfråga rensad till 'Dead Beat James Marsters'
2026-09-27 19:08:11,675 INFO    ags.gui: ui-status: Söker: The Dresden Files 07.3 - Something Borrowed 3
2026-09-27 19:08:11,676 INFO    ags.gui: ui-status: hämtar https://www.goodreads.com/search?page=1&q=The+Dresden+Files+07.3+-+Something+Borrowed+3+Jim+Butcher
2026-09-27 19:08:12,095 INFO    ags.goodreads: GET https://www.goodreads.com/search?page=1&q=The+Dresden+Files+07.3+-+Something+Borrowed+3+Jim+Butcher -> 200 (159543 byte)
2026-09-27 19:08:12,675 DEBUG   ags.gui: logg: tail
2026-09-27 19:08:13,214 INFO    ags.gui: ui-status: hämtar https://www.goodreads.com/search?page=1&q=The+Dresden+3
2026-09-27 19:08:14,917 INFO    ags.goodreads: GET https://www.goodreads.com/search?page=1&q=The+Dresden+3 -> 200 (588309 byte)
2026-09-27 19:08:15,052 INFO    ags.engine.match: goodreads gav 0 träffar för 'The Dresden Files 07.3 - Something Borrowed 3 Jim Butcher' — provar originaltitlar via Wikipedia
2026-09-27 19:08:15,210 DEBUG   ags.gui: logg: tail
2026-09-27 19:08:15,229 INFO    ags.engine.match: inga träffar för 'The Dresden Files 07.3 - Something Borrowed 3 Jim Butcher' från goodreads/bridge — provar reservkällor
2026-09-27 19:08:15,229 DEBUG   ags.ags.nordic: GET https://www.storytel.com/api/search.action?request_locale=sv&q=The%20Dresden%20Files%2007.3%20-%20Something%20Borrowed%203%20Jim%20Butcher
2026-09-27 19:08:15,259 INFO    ags.gui: ui-status: Provar reservkällor (Storytel/BookBeat/Open Library) …
2026-09-27 19:08:15,970 DEBUG   ags.ags.nordic:   <- 200, 29 bytes
2026-09-27 19:08:15,973 INFO    ags.ags.nordic: Storytel: 0 träffar för 'The Dresden Files 07.3 - Something Borrowed 3 Jim Butcher'
2026-09-27 19:08:15,973 DEBUG   ags.ags.nordic: GET https://search-api.bookbeat.com/api/appsearch/suggest?includeErotic=false&market=sweden&query=The%20Dresden%20Files%2007.3%20-%20Something%20Borrowed%203%20Jim%20Butcher&v=18
2026-09-27 19:08:16,891 DEBUG   ags.ags.nordic:   <- 200, 39 bytes
2026-09-27 19:08:16,895 INFO    ags.ags.nordic: BookBeat: 0 träffar för 'The Dresden Files 07.3 - Something Borrowed 3 Jim Butcher'
2026-09-27 19:08:17,275 INFO    ags.gui: ui-status: Söker: The Dresden Files 07.3 - Something Borrowed
2026-09-27 19:08:17,276 INFO    ags.gui: ui-status: hämtar https://www.goodreads.com/search?page=1&q=The+Dresden+Files+07.3+-+Something+Borrowed+Jim+Butcher
2026-09-27 19:08:17,647 INFO    ags.goodreads: GET https://www.goodreads.com/search?page=1&q=The+Dresden+Files+07.3+-+Something+Borrowed+Jim+Butcher -> 200 (159521 byte)
2026-09-27 19:08:17,743 DEBUG   ags.gui: logg: tail
2026-09-27 19:08:17,907 INFO    ags.engine.match: goodreads gav 0 träffar för 'The Dresden Files 07.3 - Something Borrowed Jim Butcher' — provar originaltitlar via Wikipedia
2026-09-27 19:08:18,077 INFO    ags.engine.match: inga träffar för 'The Dresden Files 07.3 - Something Borrowed Jim Butcher' från goodreads/bridge — provar reservkällor
2026-09-27 19:08:18,078 DEBUG   ags.ags.nordic: GET https://www.storytel.com/api/search.action?request_locale=sv&q=The%20Dresden%20Files%2007.3%20-%20Something%20Borrowed%20Jim%20Butcher
2026-09-27 19:08:18,160 INFO    ags.gui: ui-status: Provar reservkällor (Storytel/BookBeat/Open Library) …
2026-09-27 19:08:18,841 DEBUG   ags.ags.nordic:   <- 200, 29 bytes
2026-09-27 19:08:18,844 INFO    ags.ags.nordic: Storytel: 0 träffar för 'The Dresden Files 07.3 - Something Borrowed Jim Butcher'
2026-09-27 19:08:18,845 DEBUG   ags.ags.nordic: GET https://search-api.bookbeat.com/api/appsearch/suggest?includeErotic=false&market=sweden&query=The%20Dresden%20Files%2007.3%20-%20Something%20Borrowed%20Jim%20Butcher&v=18
2026-09-27 19:08:19,694 DEBUG   ags.ags.nordic:   <- 200, 39 bytes
2026-09-27 19:08:19,697 INFO    ags.ags.nordic: BookBeat: 0 träffar för 'The Dresden Files 07.3 - Something Borrowed Jim Butcher'
2026-09-27 19:08:19,956 INFO    ags.gui: ui-status: Söker: 03 - Something Borrowed
2026-09-27 19:08:19,957 INFO    ags.gui: ui-status: hämtar https://www.goodreads.com/search?page=1&q=Something+Borrowed+Jim+Butcher
2026-09-27 19:08:20,262 DEBUG   ags.gui: logg: tail
2026-09-27 19:08:20,352 INFO    ags.goodreads: GET https://www.goodreads.com/search?page=1&q=Something+Borrowed+Jim+Butcher -> 200 (159158 byte)
2026-09-27 19:08:21,452 INFO    ags.gui: ui-status: hämtar https://www.goodreads.com/search?page=1&q=03+-+Something+Jim+Butcher
2026-09-27 19:08:21,881 INFO    ags.goodreads: GET https://www.goodreads.com/search?page=1&q=03+-+Something+Jim+Butcher -> 200 (159120 byte)
2026-09-27 19:08:22,787 DEBUG   ags.gui: logg: tail
2026-09-27 19:08:22,978 INFO    ags.gui: ui-status: hämtar https://www.goodreads.com/search?page=1&q=03+-+3
2026-09-27 19:08:23,953 INFO    ags.goodreads: GET https://www.goodreads.com/search?page=1&q=03+-+3 -> 200 (604197 byte)
2026-09-27 19:08:24,082 INFO    ags.engine.match: goodreads gav 0 träffar för 'Something Borrowed Jim Butcher' — provar originaltitlar via Wikipedia
2026-09-27 19:08:24,267 INFO    ags.engine.match: inga träffar för 'Something Borrowed Jim Butcher' från goodreads/bridge — provar reservkällor
2026-09-27 19:08:24,267 DEBUG   ags.ags.nordic: GET https://www.storytel.com/api/search.action?request_locale=sv&q=Something%20Borrowed%20Jim%20Butcher
2026-09-27 19:08:24,369 INFO    ags.gui: ui-status: Provar reservkällor (Storytel/BookBeat/Open Library) …
2026-09-27 19:08:25,016 DEBUG   ags.ags.nordic:   <- 200, 29 bytes
2026-09-27 19:08:25,018 INFO    ags.ags.nordic: Storytel: 0 träffar för 'Something Borrowed Jim Butcher'
2026-09-27 19:08:25,018 DEBUG   ags.ags.nordic: GET https://search-api.bookbeat.com/api/appsearch/suggest?includeErotic=false&market=sweden&query=Something%20Borrowed%20Jim%20Butcher&v=18
2026-09-27 19:08:25,305 DEBUG   ags.gui: logg: tail
2026-09-27 19:08:25,812 DEBUG   ags.ags.nordic:   <- 200, 39 bytes
2026-09-27 19:08:25,815 INFO    ags.ags.nordic: BookBeat: 0 träffar för 'Something Borrowed Jim Butcher'
2026-09-27 19:08:26,403 INFO    ags.engine.match: reservkälla gav 1 träffar för 'Something Borrowed Jim Butcher' (källa=openlibrary)
2026-09-27 19:08:26,525 INFO    ags.gui: ui-status: Söker: lazylibrarian
2026-09-27 19:08:26,526 INFO    ags.gui: ui-status: hämtar https://www.goodreads.com/search?page=1&q=lazylibrarian+Jonathan+Lambert%2C+Angelique+Fawns%2C+Alex+Colvin%2C+R.A.+Clarke
2026-09-27 19:08:26,902 INFO    ags.goodreads: GET https://www.goodreads.com/search?page=1&q=lazylibrarian+Jonathan+Lambert%2C+Angelique+Fawns%2C+Alex+Colvin%2C+R.A.+Clarke -> 200 (159713 byte)
2026-09-27 19:08:26,937 INFO    ags.engine.match: goodreads gav 0 träffar för 'lazylibrarian Jonathan Lambert, Angelique Fawns, Alex Colvin, R.A. Clarke' — provar originaltitlar via Wikipedia
2026-09-27 19:08:26,937 INFO    ags.engine.match: inga träffar för 'lazylibrarian Jonathan Lambert, Angelique Fawns, Alex Colvin, R.A. Clarke' från goodreads/bridge — provar reservkällor
2026-09-27 19:08:26,937 DEBUG   ags.ags.nordic: GET https://www.storytel.com/api/search.action?request_locale=sv&q=lazylibrarian%20Jonathan%20Lambert%2C%20Angelique%20Fawns%2C%20Alex%20Colvin%2C%20R.A.%20Clarke
2026-09-27 19:08:27,041 INFO    ags.gui: ui-status: Provar reservkällor (Storytel/BookBeat/Open Library) …
2026-09-27 19:08:27,697 DEBUG   ags.ags.nordic:   <- 200, 29 bytes
2026-09-27 19:08:27,700 INFO    ags.ags.nordic: Storytel: 0 träffar för 'lazylibrarian Jonathan Lambert, Angelique Fawns, Alex Colvin, R.A. Clarke'
2026-09-27 19:08:27,700 DEBUG   ags.ags.nordic: GET https://search-api.bookbeat.com/api/appsearch/suggest?includeErotic=false&market=sweden&query=lazylibrarian%20Jonathan%20Lambert%2C%20Angelique%20Fawns%2C%20Alex%20Colvin%2C%20R.A.%20Clarke&v=18
2026-09-27 19:08:27,823 DEBUG   ags.gui: logg: tail
2026-09-27 19:08:28,602 DEBUG   ags.ags.nordic:   <- 200, 39 bytes
2026-09-27 19:08:28,605 INFO    ags.ags.nordic: BookBeat: 0 träffar för 'lazylibrarian Jonathan Lambert, Angelique Fawns, Alex Colvin, R.A. Clarke'
2026-09-27 19:08:30,342 DEBUG   ags.gui: logg: tail
2026-09-27 19:08:30,576 INFO    ags.gui: ui-status: Söker: Coffin Blossoms
2026-09-27 19:08:30,577 INFO    ags.gui: ui-status: hämtar https://www.goodreads.com/search?page=1&q=Coffin+Blossoms+Jonathan+Lambert%2C+Angelique+Fawns%2C+Alex+Colvin%2C+R.A.+Clarke
2026-09-27 19:08:30,985 INFO    ags.goodreads: GET https://www.goodreads.com/search?page=1&q=Coffin+Blossoms+Jonathan+Lambert%2C+Angelique+Fawns%2C+Alex+Colvin%2C+R.A.+Clarke -> 200 (159572 byte)
2026-09-27 19:08:31,020 INFO    ags.engine.match: goodreads gav 0 träffar för 'Coffin Blossoms Jonathan Lambert, Angelique Fawns, Alex Colvin, R.A. Clarke' — provar originaltitlar via Wikipedia
2026-09-27 19:08:31,235 INFO    ags.engine.match: inga träffar för 'Coffin Blossoms Jonathan Lambert, Angelique Fawns, Alex Colvin, R.A. Clarke' från goodreads/bridge — provar reservkällor
2026-09-27 19:08:31,235 DEBUG   ags.ags.nordic: GET https://www.storytel.com/api/search.action?request_locale=sv&q=Coffin%20Blossoms%20Jonathan%20Lambert%2C%20Angelique%20Fawns%2C%20Alex%20Colvin%2C%20R.A.%20Clarke
2026-09-27 19:08:31,337 INFO    ags.gui: ui-status: Provar reservkällor (Storytel/BookBeat/Open Library) …
2026-09-27 19:08:32,011 DEBUG   ags.ags.nordic:   <- 200, 29 bytes
2026-09-27 19:08:32,014 INFO    ags.ags.nordic: Storytel: 0 träffar för 'Coffin Blossoms Jonathan Lambert, Angelique Fawns, Alex Colvin, R.A. Clarke'
2026-09-27 19:08:32,014 DEBUG   ags.ags.nordic: GET https://search-api.bookbeat.com/api/appsearch/suggest?includeErotic=false&market=sweden&query=Coffin%20Blossoms%20Jonathan%20Lambert%2C%20Angelique%20Fawns%2C%20Alex%20Colvin%2C%20R.A.%20Clarke&v=18
2026-09-27 19:08:32,872 DEBUG   ags.gui: logg: tail
2026-09-27 19:08:32,878 DEBUG   ags.ags.nordic:   <- 200, 39 bytes
2026-09-27 19:08:32,881 INFO    ags.ags.nordic: BookBeat: 0 träffar för 'Coffin Blossoms Jonathan Lambert, Angelique Fawns, Alex Colvin, R.A. Clarke'
2026-09-27 19:08:33,276 INFO    ags.gui: ui-status: Söker: Jonathan Lambert - Coffin Blossoms
2026-09-27 19:08:33,276 INFO    ags.gui: ui-status: hämtar https://www.goodreads.com/search?page=1&q=Jonathan+Lambert+-+Coffin+Blossoms+Jonathan+Lambert%2C+Angelique+Fawns%2C+Alex+Colvin%2C+R.A.+Clarke
2026-09-27 19:08:33,728 INFO    ags.goodreads: GET https://www.goodreads.com/search?page=1&q=Jonathan+Lambert+-+Coffin+Blossoms+Jonathan+Lambert%2C+Angelique+Fawns%2C+Alex+Colvin%2C+R.A.+Clarke -> 200 (159725 byte)
2026-09-27 19:08:34,790 INFO    ags.gui: ui-status: hämtar https://www.goodreads.com/search?page=1&q=Jonathan+Lambert+-+Jonathan+Lambert%2C+Angelique+Fawns%2C+Alex+Colvin%2C+R.A.+Clarke
2026-09-27 19:08:35,161 INFO    ags.goodreads: GET https://www.goodreads.com/search?page=1&q=Jonathan+Lambert+-+Jonathan+Lambert%2C+Angelique+Fawns%2C+Alex+Colvin%2C+R.A.+Clarke -> 200 (159604 byte)
2026-09-27 19:08:35,194 INFO    ags.engine.match: goodreads gav 0 träffar för 'Jonathan Lambert - Coffin Blossoms Jonathan Lambert, Angelique Fawns, Alex Colvin, R.A. Clarke' — provar originaltitlar via Wikipedia
2026-09-27 19:08:35,363 INFO    ags.engine.match: inga träffar för 'Jonathan Lambert - Coffin Blossoms Jonathan Lambert, Angelique Fawns, Alex Colvin, R.A. Clarke' från goodreads/bridge — provar reservkällor
2026-09-27 19:08:35,363 DEBUG   ags.ags.nordic: GET https://www.storytel.com/api/search.action?request_locale=sv&q=Jonathan%20Lambert%20-%20Coffin%20Blossoms%20Jonathan%20Lambert%2C%20Angelique%20Fawns%2C%20Alex%20Colvin%2C%20R.A.%20Clarke
2026-09-27 19:08:35,410 DEBUG   ags.gui: logg: tail
2026-09-27 19:08:35,426 INFO    ags.gui: ui-status: Provar reservkällor (Storytel/BookBeat/Open Library) …
2026-09-27 19:08:36,170 DEBUG   ags.ags.nordic:   <- 200, 29 bytes
2026-09-27 19:08:36,173 INFO    ags.ags.nordic: Storytel: 0 träffar för 'Jonathan Lambert - Coffin Blossoms Jonathan Lambert, Angelique Fawns, Alex Colvin, R.A. Clarke'
2026-09-27 19:08:36,173 DEBUG   ags.ags.nordic: GET https://search-api.bookbeat.com/api/appsearch/suggest?includeErotic=false&market=sweden&query=Jonathan%20Lambert%20-%20Coffin%20Blossoms%20Jonathan%20Lambert%2C%20Angelique%20Fawns%2C%20Alex%20Colvin%2C%20R.A.%20Clarke&v=18
2026-09-27 19:08:37,611 DEBUG   ags.ags.nordic:   <- 200, 39 bytes
2026-09-27 19:08:37,617 INFO    ags.ags.nordic: BookBeat: 0 träffar för 'Jonathan Lambert - Coffin Blossoms Jonathan Lambert, Angelique Fawns, Alex Colvin, R.A. Clarke'
2026-09-27 19:08:37,929 DEBUG   ags.gui: logg: tail
2026-09-27 19:08:38,166 WARNING ags.engine: matchning 'Coffin Blossoms' -> ej matchad. Orsak: sökfråga rensad till 'Jonathan Lambert - Coffin Blossoms Jonathan Lambert, Angelique Fawns, Alex Colvin, R.A. Clarke'
2026-09-27 19:08:38,261 INFO    ags.gui: ui-status: Söker: Lee Child - 1997 - Killing Floor
2026-09-27 19:08:38,262 INFO    ags.gui: ui-status: hämtar https://www.goodreads.com/search?page=1&q=Lee+Child+-+1997+-+Killing+Floor+Lee+Child
2026-09-27 19:08:38,740 INFO    ags.goodreads: GET https://www.goodreads.com/search?page=1&q=Lee+Child+-+1997+-+Killing+Floor+Lee+Child -> 200 (235485 byte)
2026-09-27 19:08:39,709 INFO    ags.gui: ui-status: hämtar https://www.goodreads.com/search?page=1&q=Lee+Child+-+Lee+Child
2026-09-27 19:08:40,462 DEBUG   ags.gui: logg: tail
2026-09-27 19:08:40,858 INFO    ags.goodreads: GET https://www.goodreads.com/search?page=1&q=Lee+Child+-+Lee+Child -> 200 (632904 byte)
2026-09-27 19:08:41,280 INFO    ags.gui: ui-status: hämtar https://www.goodreads.com/search?page=1&q=Lee+Child+1
2026-09-27 19:08:42,517 INFO    ags.goodreads: GET https://www.goodreads.com/search?page=1&q=Lee+Child+1 -> 200 (623370 byte)
2026-09-27 19:08:42,691 INFO    ags.engine.match: goodreads gav 0 träffar för 'Lee Child - 1997 - Killing Floor Lee Child' — provar originaltitlar via Wikipedia
2026-09-27 19:08:42,876 INFO    ags.engine.match: inga träffar för 'Lee Child - 1997 - Killing Floor Lee Child' från goodreads/bridge — provar reservkällor
2026-09-27 19:08:42,877 DEBUG   ags.ags.nordic: GET https://www.storytel.com/api/search.action?request_locale=sv&q=Lee%20Child%20-%201997%20-%20Killing%20Floor%20Lee%20Child
2026-09-27 19:08:42,972 INFO    ags.gui: ui-status: Provar reservkällor (Storytel/BookBeat/Open Library) …
2026-09-27 19:08:43,004 DEBUG   ags.gui: logg: tail
2026-09-27 19:08:43,670 DEBUG   ags.ags.nordic:   <- 200, 4171 bytes
2026-09-27 19:08:43,675 INFO    ags.ags.nordic: Storytel: 1 träffar för 'Lee Child - 1997 - Killing Floor Lee Child'
2026-09-27 19:08:43,675 DEBUG   ags.ags.nordic: GET https://search-api.bookbeat.com/api/appsearch/suggest?includeErotic=false&market=sweden&query=Lee%20Child%20-%201997%20-%20Killing%20Floor%20Lee%20Child&v=18
2026-09-27 19:08:44,481 DEBUG   ags.ags.nordic:   <- 200, 38 bytes
2026-09-27 19:08:44,484 INFO    ags.ags.nordic: BookBeat: 0 träffar för 'Lee Child - 1997 - Killing Floor Lee Child'
2026-09-27 19:08:44,819 INFO    ags.engine.match: reservkälla gav 1 träffar för 'Lee Child - 1997 - Killing Floor Lee Child' (källa=storytel)
2026-09-27 19:08:44,822 INFO    ags.engine: match 'The Killing Floor (Unabridged)  (54 filer)' -> 'Lee Child, writer — BBC Radio 4 [Desert Island Discs #2108]' (0.25, ej matchad, minus 0.32)
2026-09-27 19:08:44,822 INFO    ags.engine: matchning 'The Killing Floor (Unabridged)  (54 filer)' -> ej matchad (källa=storytel, poäng=0.25) sökfråga rensad till 'Lee Child - 1997 - Killing Floor Lee Child' | träffar från Storytel (Goodreads ej tillgänglig)
2026-09-27 19:08:44,865 INFO    ags.gui: ui-status: Söker: Lee Child - 1998 - Die Trying
2026-09-27 19:08:44,865 INFO    ags.gui: ui-status: hämtar https://www.goodreads.com/search?page=1&q=Lee+Child+-+1998+-+Die+Trying+Lee+Child
2026-09-27 19:08:45,311 INFO    ags.goodreads: GET https://www.goodreads.com/search?page=1&q=Lee+Child+-+1998+-+Die+Trying+Lee+Child -> 200 (197398 byte)
2026-09-27 19:08:45,522 DEBUG   ags.gui: logg: tail
2026-09-27 19:08:45,592 INFO    ags.engine.match: goodreads gav 0 träffar för 'Lee Child - 1998 - Die Trying Lee Child' — provar originaltitlar via Wikipedia
2026-09-27 19:08:45,802 INFO    ags.engine.match: inga träffar för 'Lee Child - 1998 - Die Trying Lee Child' från goodreads/bridge — provar reservkällor
2026-09-27 19:08:45,802 DEBUG   ags.ags.nordic: GET https://www.storytel.com/api/search.action?request_locale=sv&q=Lee%20Child%20-%201998%20-%20Die%20Trying%20Lee%20Child
2026-09-27 19:08:45,867 INFO    ags.gui: ui-status: Provar reservkällor (Storytel/BookBeat/Open Library) …
2026-09-27 19:08:46,556 DEBUG   ags.ags.nordic:   <- 200, 29 bytes
2026-09-27 19:08:46,559 INFO    ags.ags.nordic: Storytel: 0 träffar för 'Lee Child - 1998 - Die Trying Lee Child'
2026-09-27 19:08:46,559 DEBUG   ags.ags.nordic: GET https://search-api.bookbeat.com/api/appsearch/suggest?includeErotic=false&market=sweden&query=Lee%20Child%20-%201998%20-%20Die%20Trying%20Lee%20Child&v=18
2026-09-27 19:08:47,394 DEBUG   ags.gui: högerklicksmeny öppnad
2026-09-27 19:08:47,397 DEBUG   ags.gui: detaljvy uppdaterad
2026-09-27 19:08:47,420 DEBUG   ags.ags.nordic:   <- 200, 39 bytes
2026-09-27 19:08:47,422 INFO    ags.ags.nordic: BookBeat: 0 träffar för 'Lee Child - 1998 - Die Trying Lee Child'
2026-09-27 19:08:47,794 INFO    ags.gui: ui-status: Söker: Die Trying
2026-09-27 19:08:47,794 INFO    ags.gui: ui-status: hämtar https://www.goodreads.com/search?page=1&q=Die+Trying+Lee+Child
2026-09-27 19:08:48,044 DEBUG   ags.gui: logg: tail
2026-09-27 19:08:48,495 INFO    ags.goodreads: GET https://www.goodreads.com/search?page=1&q=Die+Trying+Lee+Child -> 200 (504926 byte)
2026-09-27 19:08:49,243 INFO    ags.gui: ui-status: hämtar https://www.goodreads.com/search?page=1&q=Die+Trying+1
2026-09-27 19:08:50,020 INFO    ags.goodreads: GET https://www.goodreads.com/search?page=1&q=Die+Trying+1 -> 200 (564096 byte)
2026-09-27 19:08:50,146 INFO    ags.engine.match: goodreads gav 0 träffar för 'Die Trying Lee Child' — provar originaltitlar via Wikipedia
2026-09-27 19:08:50,279 INFO    ags.engine.match: inga träffar för 'Die Trying Lee Child' från goodreads/bridge — provar reservkällor
2026-09-27 19:08:50,279 DEBUG   ags.ags.nordic: GET https://www.storytel.com/api/search.action?request_locale=sv&q=Die%20Trying%20Lee%20Child
2026-09-27 19:08:50,368 INFO    ags.gui: ui-status: Provar reservkällor (Storytel/BookBeat/Open Library) …
2026-09-27 19:08:50,434 INFO    ags.gui: högerklick: Öppna i filhanterare (markera fil)
2026-09-27 19:08:50,770 INFO    ags.gui: öppnade filhanteraren för 'C:\\Users\\monon\\Documents\\lazylibrarian\\Jim Butcher - The Chronological Dresden Files (2015)\\The Dresden Files 06.0 - Blood Rites\\Blood Rites 01.mp3'
2026-09-27 19:08:50,773 DEBUG   ags.gui: logg: tail
2026-09-27 19:08:51,475 DEBUG   ags.ags.nordic:   <- 200, 34291 bytes
2026-09-27 19:08:51,480 INFO    ags.ags.nordic: Storytel: 6 träffar för 'Die Trying Lee Child'
2026-09-27 19:08:51,481 INFO    ags.engine.match: reservkälla gav 6 träffar för 'Die Trying Lee Child' (källa=storytel)
2026-09-27 19:08:51,499 INFO    ags.engine: match 'Die Trying  (46 filer)' -> "James Penney's New Identity — Lee Child [The Thriller Shorts #1]" (0.64, behöver koll)
2026-09-27 19:08:51,500 INFO    ags.engine: matchning 'Die Trying  (46 filer)' -> behöver koll (källa=storytel, poäng=0.64) sökfråga rensad till 'Die Trying Lee Child' | träffar från Storytel (Goodreads ej tillgänglig)
2026-09-27 19:08:51,575 INFO    ags.gui: ui-status: Söker: Lee Child - 1999 - Tripwire
2026-09-27 19:08:51,575 INFO    ags.gui: ui-status: hämtar https://www.goodreads.com/search?page=1&q=Lee+Child+-+1999+-+Tripwire+Lee+Child
2026-09-27 19:08:52,174 INFO    ags.goodreads: GET https://www.goodreads.com/search?page=1&q=Lee+Child+-+1999+-+Tripwire+Lee+Child -> 200 (220580 byte)
2026-09-27 19:08:53,154 INFO    ags.engine.match: goodreads gav 0 träffar för 'Lee Child - 1999 - Tripwire Lee Child' — provar originaltitlar via Wikipedia
2026-09-27 19:08:53,296 DEBUG   ags.gui: logg: tail
2026-09-27 19:08:53,301 INFO    ags.engine.match: inga träffar för 'Lee Child - 1999 - Tripwire Lee Child' från goodreads/bridge — provar reservkällor
2026-09-27 19:08:53,301 DEBUG   ags.ags.nordic: GET https://www.storytel.com/api/search.action?request_locale=sv&q=Lee%20Child%20-%201999%20-%20Tripwire%20Lee%20Child
2026-09-27 19:08:53,416 INFO    ags.gui: ui-status: Provar reservkällor (Storytel/BookBeat/Open Library) …
2026-09-27 19:08:54,160 DEBUG   ags.ags.nordic:   <- 200, 29 bytes
2026-09-27 19:08:54,164 INFO    ags.ags.nordic: Storytel: 0 träffar för 'Lee Child - 1999 - Tripwire Lee Child'
2026-09-27 19:08:54,164 DEBUG   ags.ags.nordic: GET https://search-api.bookbeat.com/api/appsearch/suggest?includeErotic=false&market=sweden&query=Lee%20Child%20-%201999%20-%20Tripwire%20Lee%20Child&v=18
2026-09-27 19:08:54,964 DEBUG   ags.ags.nordic:   <- 200, 38 bytes
2026-09-27 19:08:54,966 INFO    ags.ags.nordic: BookBeat: 0 träffar för 'Lee Child - 1999 - Tripwire Lee Child'
2026-09-27 19:08:55,323 INFO    ags.gui: ui-status: Söker: Tripwire
2026-09-27 19:08:55,323 INFO    ags.gui: ui-status: hämtar https://www.goodreads.com/search?page=1&q=Tripwire+Lee+Child
2026-09-27 19:08:55,741 INFO    ags.goodreads: GET https://www.goodreads.com/search?page=1&q=Tripwire+Lee+Child -> 200 (368843 byte)
2026-09-27 19:08:55,823 DEBUG   ags.gui: logg: tail
2026-09-27 19:08:56,727 INFO    ags.gui: ui-status: hämtar https://www.goodreads.com/search?page=1&q=Tripwire+1
2026-09-27 19:08:57,445 INFO    ags.goodreads: GET https://www.goodreads.com/search?page=1&q=Tripwire+1 -> 200 (588211 byte)
2026-09-27 19:08:57,577 INFO    ags.engine.match: goodreads gav 0 träffar för 'Tripwire Lee Child' — provar originaltitlar via Wikipedia
2026-09-27 19:08:57,711 INFO    ags.engine.match: inga träffar för 'Tripwire Lee Child' från goodreads/bridge — provar reservkällor
2026-09-27 19:08:57,711 DEBUG   ags.ags.nordic: GET https://www.storytel.com/api/search.action?request_locale=sv&q=Tripwire%20Lee%20Child
2026-09-27 19:08:57,744 INFO    ags.gui: ui-status: Provar reservkällor (Storytel/BookBeat/Open Library) …
2026-09-27 19:08:58,338 DEBUG   ags.gui: logg: tail
2026-09-27 19:08:58,454 DEBUG   ags.ags.nordic:   <- 200, 29 bytes
2026-09-27 19:08:58,456 INFO    ags.ags.nordic: Storytel: 0 träffar för 'Tripwire Lee Child'
2026-09-27 19:08:58,456 DEBUG   ags.ags.nordic: GET https://search-api.bookbeat.com/api/appsearch/suggest?includeErotic=false&market=sweden&query=Tripwire%20Lee%20Child&v=18
2026-09-27 19:08:59,351 DEBUG   ags.ags.nordic:   <- 429, 53 bytes
2026-09-27 19:08:59,352 WARNING ags.ags.nordic: BookBeat-fel: 429 Client Error: Too Many Requests for url: https://search-api.bookbeat.com/api/appsearch/suggest?includeErotic=false&market=sweden&query=Tripwire%20Lee%20Child&v=18
2026-09-27 19:08:59,779 INFO    ags.engine.match: reservkälla gav 5 träffar för 'Tripwire Lee Child' (källa=openlibrary)
2026-09-27 19:08:59,787 INFO    ags.engine: match 'Tripwire (Unabridged)  (59 filer)' -> 'Tripwire — Lee Child' (0.94, matchad)
2026-09-27 19:08:59,787 INFO    ags.engine: matchning 'Tripwire (Unabridged)  (59 filer)' -> matchad (källa=openlibrary, poäng=0.94) sökfråga rensad till 'Tripwire Lee Child' | träffar från Open Library (Goodreads ej tillgänglig)
2026-09-27 19:08:59,901 INFO    ags.gui: ui-status: Söker: Lee Child - 2000 - The Visitor - Running Blind
2026-09-27 19:08:59,902 INFO    ags.gui: ui-status: hämtar https://www.goodreads.com/search?page=1&q=Lee+Child+-+2000+-+The+Visitor+-+Running+Blind+Lee+Child
2026-09-27 19:09:00,243 INFO    ags.goodreads: GET https://www.goodreads.com/search?page=1&q=Lee+Child+-+2000+-+The+Visitor+-+Running+Blind+Lee+Child -> 200 (159537 byte)
2026-09-27 19:09:00,515 INFO    ags.engine.match: goodreads gav 0 träffar för 'Lee Child - 2000 - The Visitor - Running Blind Lee Child' — provar originaltitlar via Wikipedia
2026-09-27 19:09:00,645 INFO    ags.engine.match: inga träffar för 'Lee Child - 2000 - The Visitor - Running Blind Lee Child' från goodreads/bridge — provar reservkällor
2026-09-27 19:09:00,645 DEBUG   ags.ags.nordic: GET https://www.storytel.com/api/search.action?request_locale=sv&q=Lee%20Child%20-%202000%20-%20The%20Visitor%20-%20Running%20Blind%20Lee%20Child
2026-09-27 19:09:00,760 INFO    ags.gui: ui-status: Provar reservkällor (Storytel/BookBeat/Open Library) …
2026-09-27 19:09:00,854 DEBUG   ags.gui: logg: tail
2026-09-27 19:09:01,402 DEBUG   ags.ags.nordic:   <- 200, 29 bytes
2026-09-27 19:09:01,404 INFO    ags.ags.nordic: Storytel: 0 träffar för 'Lee Child - 2000 - The Visitor - Running Blind Lee Child'
2026-09-27 19:09:01,404 DEBUG   ags.ags.nordic: GET https://search-api.bookbeat.com/api/appsearch/suggest?includeErotic=false&market=sweden&query=Lee%20Child%20-%202000%20-%20The%20Visitor%20-%20Running%20Blind%20Lee%20Child&v=18
2026-09-27 19:09:02,153 DEBUG   ags.ags.nordic:   <- 429, 53 bytes
2026-09-27 19:09:02,153 WARNING ags.ags.nordic: BookBeat-fel: 429 Client Error: Too Many Requests for url: https://search-api.bookbeat.com/api/appsearch/suggest?includeErotic=false&market=sweden&query=Lee%20Child%20-%202000%20-%20The%20Visitor%20-%20Running%20Blind%20Lee%20Child&v=18
2026-09-27 19:09:02,524 INFO    ags.gui: ui-status: Söker: The Visitor
2026-09-27 19:09:02,525 INFO    ags.gui: ui-status: hämtar https://www.goodreads.com/search?page=1&q=The+Visitor+Lee+Child
2026-09-27 19:09:03,042 INFO    ags.goodreads: GET https://www.goodreads.com/search?page=1&q=The+Visitor+Lee+Child -> 200 (299982 byte)
2026-09-27 19:09:03,368 DEBUG   ags.gui: logg: tail
2026-09-27 19:09:04,020 INFO    ags.gui: ui-status: hämtar https://www.goodreads.com/search?page=1&q=The+Visitor+1
2026-09-27 19:09:05,019 INFO    ags.goodreads: GET https://www.goodreads.com/search?page=1&q=The+Visitor+1 -> 200 (611673 byte)
2026-09-27 19:09:05,167 INFO    ags.engine.match: goodreads gav 0 träffar för 'The Visitor Lee Child' — provar originaltitlar via Wikipedia
2026-09-27 19:09:05,542 INFO    ags.engine.match: originaltitel-kandidat: 'The Visitor (2007 feature film)'
2026-09-27 19:09:05,591 INFO    ags.gui: ui-status: Provar originaltitel: The Visitor (2007 feature film)
2026-09-27 19:09:05,591 INFO    ags.gui: ui-status: hämtar https://www.goodreads.com/search?page=1&q=The+Visitor+%282007+feature+film%29+Lee+Child
2026-09-27 19:09:05,891 DEBUG   ags.gui: logg: tail
2026-09-27 19:09:05,985 INFO    ags.goodreads: GET https://www.goodreads.com/search?page=1&q=The+Visitor+%282007+feature+film%29+Lee+Child -> 200 (159278 byte)
2026-09-27 19:09:06,010 INFO    ags.engine.match: inga träffar för 'The Visitor Lee Child' från goodreads/bridge — provar reservkällor
2026-09-27 19:09:06,010 DEBUG   ags.ags.nordic: GET https://www.storytel.com/api/search.action?request_locale=sv&q=The%20Visitor%20Lee%20Child
2026-09-27 19:09:06,074 INFO    ags.gui: ui-status: Provar reservkällor (Storytel/BookBeat/Open Library) …
2026-09-27 19:09:06,824 DEBUG   ags.ags.nordic:   <- 200, 29 bytes
2026-09-27 19:09:06,826 INFO    ags.ags.nordic: Storytel: 0 träffar för 'The Visitor Lee Child'
2026-09-27 19:09:06,826 DEBUG   ags.ags.nordic: GET https://search-api.bookbeat.com/api/appsearch/suggest?includeErotic=false&market=sweden&query=The%20Visitor%20Lee%20Child&v=18
2026-09-27 19:09:07,529 DEBUG   ags.ags.nordic:   <- 429, 53 bytes
2026-09-27 19:09:07,529 WARNING ags.ags.nordic: BookBeat-fel: 429 Client Error: Too Many Requests for url: https://search-api.bookbeat.com/api/appsearch/suggest?includeErotic=false&market=sweden&query=The%20Visitor%20Lee%20Child&v=18
2026-09-27 19:09:07,956 INFO    ags.engine.match: reservkälla gav 6 träffar för 'The Visitor Lee Child' (källa=openlibrary)
2026-09-27 19:09:07,969 INFO    ags.engine: match 'The Visitor (Unabridged)  (51 filer)' -> 'The Visitor — Lee Child' (0.94, matchad)
2026-09-27 19:09:07,969 INFO    ags.engine: matchning 'The Visitor (Unabridged)  (51 filer)' -> matchad (källa=openlibrary, poäng=0.94) sökfråga rensad till 'The Visitor Lee Child' | träffar från Open Library (Goodreads ej tillgänglig)
2026-09-27 19:09:07,982 INFO    ags.gui: ui-status: Söker: Lee Child - 2002 - Without Fail
2026-09-27 19:09:07,982 INFO    ags.gui: ui-status: hämtar https://www.goodreads.com/search?page=1&q=Lee+Child+-+2002+-+Without+Fail+Lee+Child
2026-09-27 19:09:08,416 DEBUG   ags.gui: logg: tail
2026-09-27 19:09:09,019 INFO    ags.goodreads: GET https://www.goodreads.com/search?page=1&q=Lee+Child+-+2002+-+Without+Fail+Lee+Child -> 200 (284606 byte)
2026-09-27 19:09:09,455 INFO    ags.engine.match: goodreads gav 0 träffar för 'Lee Child - 2002 - Without Fail Lee Child' — provar originaltitlar via Wikipedia
2026-09-27 19:09:09,626 INFO    ags.engine.match: inga träffar för 'Lee Child - 2002 - Without Fail Lee Child' från goodreads/bridge — provar reservkällor
2026-09-27 19:09:09,626 DEBUG   ags.ags.nordic: GET https://www.storytel.com/api/search.action?request_locale=sv&q=Lee%20Child%20-%202002%20-%20Without%20Fail%20Lee%20Child
2026-09-27 19:09:09,741 INFO    ags.gui: ui-status: Provar reservkällor (Storytel/BookBeat/Open Library) …
2026-09-27 19:09:10,460 DEBUG   ags.ags.nordic:   <- 200, 29 bytes
2026-09-27 19:09:10,463 INFO    ags.ags.nordic: Storytel: 0 träffar för 'Lee Child - 2002 - Without Fail Lee Child'
2026-09-27 19:09:10,463 DEBUG   ags.ags.nordic: GET https://search-api.bookbeat.com/api/appsearch/suggest?includeErotic=false&market=sweden&query=Lee%20Child%20-%202002%20-%20Without%20Fail%20Lee%20Child&v=18
2026-09-27 19:09:10,937 DEBUG   ags.gui: logg: tail
2026-09-27 19:09:11,202 DEBUG   ags.ags.nordic:   <- 429, 53 bytes
2026-09-27 19:09:11,202 WARNING ags.ags.nordic: BookBeat-fel: 429 Client Error: Too Many Requests for url: https://search-api.bookbeat.com/api/appsearch/suggest?includeErotic=false&market=sweden&query=Lee%20Child%20-%202002%20-%20Without%20Fail%20Lee%20Child&v=18
2026-09-27 19:09:11,890 INFO    ags.gui: ui-status: Söker: Without Fail
2026-09-27 19:09:11,891 INFO    ags.gui: ui-status: hämtar https://www.goodreads.com/search?page=1&q=Without+Fail+Lee+Child
2026-09-27 19:09:12,687 INFO    ags.goodreads: GET https://www.goodreads.com/search?page=1&q=Without+Fail+Lee+Child -> 200 (542567 byte)
2026-09-27 19:09:13,393 INFO    ags.gui: ui-status: hämtar https://www.goodreads.com/search?page=1&q=Without+Fail+1
2026-09-27 19:09:13,456 DEBUG   ags.gui: logg: tail
2026-09-27 19:09:14,622 INFO    ags.goodreads: GET https://www.goodreads.com/search?page=1&q=Without+Fail+1 -> 200 (517567 byte)
2026-09-27 19:09:14,718 INFO    ags.engine.match: goodreads gav 0 träffar för 'Without Fail Lee Child' — provar originaltitlar via Wikipedia
2026-09-27 19:09:14,903 INFO    ags.engine.match: inga träffar för 'Without Fail Lee Child' från goodreads/bridge — provar reservkällor
2026-09-27 19:09:14,903 DEBUG   ags.ags.nordic: GET https://www.storytel.com/api/search.action?request_locale=sv&q=Without%20Fail%20Lee%20Child
2026-09-27 19:09:15,011 INFO    ags.gui: ui-status: Provar reservkällor (Storytel/BookBeat/Open Library) …
2026-09-27 19:09:15,726 DEBUG   ags.ags.nordic:   <- 200, 4756 bytes
2026-09-27 19:09:15,728 INFO    ags.ags.nordic: Storytel: 1 träffar för 'Without Fail Lee Child'
2026-09-27 19:09:15,728 DEBUG   ags.ags.nordic: GET https://search-api.bookbeat.com/api/appsearch/suggest?includeErotic=false&market=sweden&query=Without%20Fail%20Lee%20Child&v=18
2026-09-27 19:09:15,987 DEBUG   ags.gui: logg: tail
2026-09-27 19:09:16,584 DEBUG   ags.ags.nordic:   <- 200, 38 bytes
2026-09-27 19:09:16,587 INFO    ags.ags.nordic: BookBeat: 0 träffar för 'Without Fail Lee Child'
2026-09-27 19:09:17,027 INFO    ags.engine.match: reservkälla gav 6 träffar för 'Without Fail Lee Child' (källa=storytel)
2026-09-27 19:09:17,055 INFO    ags.engine: match 'Without Fail (Unabridged)  (52 filer)' -> 'Without Fail — Lee Child' (0.94, matchad)
2026-09-27 19:09:17,056 INFO    ags.engine: matchning 'Without Fail (Unabridged)  (52 filer)' -> matchad (källa=storytel, poäng=0.94) sökfråga rensad till 'Without Fail Lee Child' | träffar från Storytel (Goodreads ej tillgänglig)
2026-09-27 19:09:17,138 INFO    ags.gui: ui-status: Söker: Lee Child - 2003 - Persuader
2026-09-27 19:09:17,139 INFO    ags.gui: ui-status: hämtar https://www.goodreads.com/search?page=1&q=Lee+Child+-+2003+-+Persuader+Lee+Child
2026-09-27 19:09:17,546 INFO    ags.goodreads: GET https://www.goodreads.com/search?page=1&q=Lee+Child+-+2003+-+Persuader+Lee+Child -> 200 (198613 byte)
2026-09-27 19:09:18,502 DEBUG   ags.gui: logg: tail
2026-09-27 19:09:18,640 INFO    ags.gui: ui-status: hämtar https://www.goodreads.com/search?page=1&q=Lee+Child+7
2026-09-27 19:09:19,856 INFO    ags.goodreads: GET https://www.goodreads.com/search?page=1&q=Lee+Child+7 -> 200 (627340 byte)
2026-09-27 19:09:19,999 INFO    ags.engine.match: goodreads gav 0 träffar för 'Lee Child - 2003 - Persuader Lee Child' — provar originaltitlar via Wikipedia
2026-09-27 19:09:20,191 INFO    ags.engine.match: inga träffar för 'Lee Child - 2003 - Persuader Lee Child' från goodreads/bridge — provar reservkällor
2026-09-27 19:09:20,191 DEBUG   ags.ags.nordic: GET https://www.storytel.com/api/search.action?request_locale=sv&q=Lee%20Child%20-%202003%20-%20Persuader%20Lee%20Child
2026-09-27 19:09:20,270 INFO    ags.gui: ui-status: Provar reservkällor (Storytel/BookBeat/Open Library) …
2026-09-27 19:09:21,023 DEBUG   ags.gui: logg: tail
2026-09-27 19:09:21,042 DEBUG   ags.ags.nordic:   <- 200, 29 bytes
2026-09-27 19:09:21,044 INFO    ags.ags.nordic: Storytel: 0 träffar för 'Lee Child - 2003 - Persuader Lee Child'
2026-09-27 19:09:21,044 DEBUG   ags.ags.nordic: GET https://search-api.bookbeat.com/api/appsearch/suggest?includeErotic=false&market=sweden&query=Lee%20Child%20-%202003%20-%20Persuader%20Lee%20Child&v=18
2026-09-27 19:09:22,061 DEBUG   ags.ags.nordic:   <- 200, 38 bytes
2026-09-27 19:09:22,065 INFO    ags.ags.nordic: BookBeat: 0 träffar för 'Lee Child - 2003 - Persuader Lee Child'
2026-09-27 19:09:22,438 INFO    ags.gui: ui-status: Söker: Persuader
2026-09-27 19:09:22,439 INFO    ags.gui: ui-status: hämtar https://www.goodreads.com/search?page=1&q=Persuader+Lee+Child
2026-09-27 19:09:23,351 INFO    ags.goodreads: GET https://www.goodreads.com/search?page=1&q=Persuader+Lee+Child -> 200 (536004 byte)
2026-09-27 19:09:23,544 DEBUG   ags.gui: logg: tail
2026-09-27 19:09:23,952 INFO    ags.gui: ui-status: hämtar https://www.goodreads.com/search?page=1&q=Persuader+7
2026-09-27 19:09:24,900 INFO    ags.goodreads: GET https://www.goodreads.com/search?page=1&q=Persuader+7 -> 200 (528343 byte)
2026-09-27 19:09:25,040 INFO    ags.engine.match: goodreads gav 0 träffar för 'Persuader Lee Child' — provar originaltitlar via Wikipedia
2026-09-27 19:09:25,408 INFO    ags.engine.match: originaltitel-kandidat: 'Persuader (band)'
2026-09-27 19:09:25,475 INFO    ags.gui: ui-status: Provar originaltitel: Persuader (band)
2026-09-27 19:09:25,475 INFO    ags.gui: ui-status: hämtar https://www.goodreads.com/search?page=1&q=Persuader+%28band%29+Lee+Child
2026-09-27 19:09:25,860 INFO    ags.goodreads: GET https://www.goodreads.com/search?page=1&q=Persuader+%28band%29+Lee+Child -> 200 (159165 byte)
2026-09-27 19:09:25,880 INFO    ags.engine.match: inga träffar för 'Persuader Lee Child' från goodreads/bridge — provar reservkällor
2026-09-27 19:09:25,881 DEBUG   ags.ags.nordic: GET https://www.storytel.com/api/search.action?request_locale=sv&q=Persuader%20Lee%20Child
2026-09-27 19:09:25,980 INFO    ags.gui: ui-status: Provar reservkällor (Storytel/BookBeat/Open Library) …
2026-09-27 19:09:26,074 DEBUG   ags.gui: logg: tail
2026-09-27 19:09:26,848 DEBUG   ags.ags.nordic:   <- 200, 29 bytes
2026-09-27 19:09:26,851 INFO    ags.ags.nordic: Storytel: 0 träffar för 'Persuader Lee Child'
2026-09-27 19:09:26,851 DEBUG   ags.ags.nordic: GET https://search-api.bookbeat.com/api/appsearch/suggest?includeErotic=false&market=sweden&query=Persuader%20Lee%20Child&v=18
2026-09-27 19:09:27,750 DEBUG   ags.ags.nordic:   <- 200, 38 bytes
2026-09-27 19:09:27,753 INFO    ags.ags.nordic: BookBeat: 0 träffar för 'Persuader Lee Child'
2026-09-27 19:09:28,016 INFO    ags.engine.match: reservkälla gav 6 träffar för 'Persuader Lee Child' (källa=openlibrary)
2026-09-27 19:09:28,033 INFO    ags.engine: match 'Persuader (Unabridged)  (99 filer)' -> 'Persuader — Lee Child' (0.94, matchad)
2026-09-27 19:09:28,034 INFO    ags.engine: matchning 'Persuader (Unabridged)  (99 filer)' -> matchad (källa=openlibrary, poäng=0.94) sökfråga rensad till 'Persuader Lee Child' | träffar från Open Library (Goodreads ej tillgänglig)
2026-09-27 19:09:28,046 INFO    ags.gui: ui-status: Söker: Lee Child - 2004 - The Enemy
2026-09-27 19:09:28,047 INFO    ags.gui: ui-status: hämtar https://www.goodreads.com/search?page=1&q=Lee+Child+-+2004+-+The+Enemy+Lee+Child
2026-09-27 19:09:28,595 INFO    ags.goodreads: GET https://www.goodreads.com/search?page=1&q=Lee+Child+-+2004+-+The+Enemy+Lee+Child -> 200 (196768 byte)
2026-09-27 19:09:28,601 DEBUG   ags.gui: logg: tail
2026-09-27 19:09:28,896 INFO    ags.engine.match: goodreads gav 0 träffar för 'Lee Child - 2004 - The Enemy Lee Child' — provar originaltitlar via Wikipedia
2026-09-27 19:09:29,092 INFO    ags.engine.match: inga träffar för 'Lee Child - 2004 - The Enemy Lee Child' från goodreads/bridge — provar reservkällor
2026-09-27 19:09:29,092 DEBUG   ags.ags.nordic: GET https://www.storytel.com/api/search.action?request_locale=sv&q=Lee%20Child%20-%202004%20-%20The%20Enemy%20Lee%20Child
2026-09-27 19:09:29,159 INFO    ags.gui: ui-status: Provar reservkällor (Storytel/BookBeat/Open Library) …
2026-09-27 19:09:29,545 DEBUG   ags.gui: högerklicksmeny öppnad
2026-09-27 19:09:29,548 DEBUG   ags.gui: detaljvy uppdaterad
2026-09-27 19:09:29,873 DEBUG   ags.ags.nordic:   <- 200, 29 bytes
2026-09-27 19:09:29,877 INFO    ags.ags.nordic: Storytel: 0 träffar för 'Lee Child - 2004 - The Enemy Lee Child'
2026-09-27 19:09:29,878 DEBUG   ags.ags.nordic: GET https://search-api.bookbeat.com/api/appsearch/suggest?includeErotic=false&market=sweden&query=Lee%20Child%20-%202004%20-%20The%20Enemy%20Lee%20Child&v=18
2026-09-27 19:09:30,692 DEBUG   ags.ags.nordic:   <- 200, 38 bytes
2026-09-27 19:09:30,694 INFO    ags.ags.nordic: BookBeat: 0 träffar för 'Lee Child - 2004 - The Enemy Lee Child'
2026-09-27 19:09:31,073 INFO    ags.gui: ui-status: Söker: The Enemy
2026-09-27 19:09:31,073 INFO    ags.gui: ui-status: hämtar https://www.goodreads.com/search?page=1&q=The+Enemy+Lee+Child
2026-09-27 19:09:31,135 DEBUG   ags.gui: logg: tail
2026-09-27 19:09:31,797 INFO    ags.gui: högerklick: Klistra in Goodreads-länk
2026-09-27 19:09:32,081 INFO    ags.goodreads: GET https://www.goodreads.com/search?page=1&q=The+Enemy+Lee+Child -> 200 (572675 byte)
2026-09-27 19:09:32,484 INFO    ags.gui: ui-status: hämtar https://www.goodreads.com/search?page=1&q=The+Enemy+1
2026-09-27 19:09:33,677 WARNING ags.gui: jobb 'Hämtar från länk' HOPPAS ÖVER: ett annat jobb pågår redan
2026-09-27 19:09:33,678 DEBUG   ags.gui: logg: tail
2026-09-27 19:09:34,812 DEBUG   ags.gui: detaljvy uppdaterad
2026-09-27 19:09:34,895 INFO    ags.goodreads: GET https://www.goodreads.com/search?page=1&q=The+Enemy+1 -> 200 (642841 byte)
2026-09-27 19:09:35,020 INFO    ags.engine.match: goodreads gav 0 träffar för 'The Enemy Lee Child' — provar originaltitlar via Wikipedia
2026-09-27 19:09:35,409 INFO    ags.engine.match: originaltitel-kandidat: 'The Enemy (English rock band)'
2026-09-27 19:09:35,511 INFO    ags.gui: ui-status: Provar originaltitel: The Enemy (English rock band)
2026-09-27 19:09:35,511 INFO    ags.gui: ui-status: hämtar https://www.goodreads.com/search?page=1&q=The+Enemy+%28English+rock+band%29+Lee+Child
2026-09-27 19:09:35,730 DEBUG   ags.gui: högerklicksmeny öppnad
2026-09-27 19:09:35,735 DEBUG   ags.gui: detaljvy uppdaterad
2026-09-27 19:09:35,818 INFO    ags.goodreads: GET https://www.goodreads.com/search?page=1&q=The+Enemy+%28English+rock+band%29+Lee+Child -> 200 (159258 byte)
2026-09-27 19:09:35,855 INFO    ags.engine.match: inga träffar för 'The Enemy Lee Child' från goodreads/bridge — provar reservkällor
2026-09-27 19:09:35,855 DEBUG   ags.ags.nordic: GET https://www.storytel.com/api/search.action?request_locale=sv&q=The%20Enemy%20Lee%20Child
2026-09-27 19:09:35,947 INFO    ags.gui: ui-status: Provar reservkällor (Storytel/BookBeat/Open Library) …
2026-09-27 19:09:36,210 DEBUG   ags.gui: logg: tail
2026-09-27 19:09:37,040 DEBUG   ags.ags.nordic:   <- 200, 232060 bytes
2026-09-27 19:09:37,053 INFO    ags.ags.nordic: Storytel: 6 träffar för 'The Enemy Lee Child'
2026-09-27 19:09:37,053 INFO    ags.engine.match: reservkälla gav 6 träffar för 'The Enemy Lee Child' (källa=storytel)
2026-09-27 19:09:37,069 INFO    ags.engine: match 'The Enemy (Unabridged)  (55 filer)' -> 'The Winter King — Bernard Cornwell [The Warlord Chronicles #1]' (0.30, ej matchad, minus 0.12)
2026-09-27 19:09:37,070 INFO    ags.engine: matchning 'The Enemy (Unabridged)  (55 filer)' -> behöver koll (källa=storytel, poäng=0.30) sökfråga rensad till 'The Enemy Lee Child' | träffar från Storytel (Goodreads ej tillgänglig) | Två nära träffar (0.30 vs 0.26)
2026-09-27 19:09:37,110 INFO    ags.gui: ui-status: Söker: Lee Child - 2005 - One Shot
2026-09-27 19:09:37,110 INFO    ags.gui: ui-status: hämtar https://www.goodreads.com/search?page=1&q=Lee+Child+-+2005+-+One+Shot+Lee+Child
2026-09-27 19:09:37,153 INFO    ags.gui: högerklick: Öppna i filhanterare (markera fil)
2026-09-27 19:09:37,431 INFO    ags.gui: öppnade filhanteraren för 'C:\\Users\\monon\\Documents\\lazylibrarian\\Jim Butcher - The Chronological Dresden Files (2015)\\The Dresden Files 05.5 - Vignette\\02 - 00 - Vignette - Intro.mp3'
2026-09-27 19:09:37,713 INFO    ags.goodreads: GET https://www.goodreads.com/search?page=1&q=Lee+Child+-+2005+-+One+Shot+Lee+Child -> 200 (264500 byte)
2026-09-27 19:09:38,191 INFO    ags.engine.match: goodreads gav 0 träffar för 'Lee Child - 2005 - One Shot Lee Child' — provar originaltitlar via Wikipedia
2026-09-27 19:09:38,352 INFO    ags.engine.match: inga träffar för 'Lee Child - 2005 - One Shot Lee Child' från goodreads/bridge — provar reservkällor
2026-09-27 19:09:38,352 DEBUG   ags.ags.nordic: GET https://www.storytel.com/api/search.action?request_locale=sv&q=Lee%20Child%20-%202005%20-%20One%20Shot%20Lee%20Child
2026-09-27 19:09:38,447 INFO    ags.gui: ui-status: Provar reservkällor (Storytel/BookBeat/Open Library) …
2026-09-27 19:09:38,726 DEBUG   ags.gui: logg: tail
2026-09-27 19:09:40,162 DEBUG   ags.ags.nordic:   <- 200, 29 bytes
2026-09-27 19:09:40,165 INFO    ags.ags.nordic: Storytel: 0 träffar för 'Lee Child - 2005 - One Shot Lee Child'
2026-09-27 19:09:40,165 DEBUG   ags.ags.nordic: GET https://search-api.bookbeat.com/api/appsearch/suggest?includeErotic=false&market=sweden&query=Lee%20Child%20-%202005%20-%20One%20Shot%20Lee%20Child&v=18
2026-09-27 19:09:40,969 DEBUG   ags.ags.nordic:   <- 200, 38 bytes
2026-09-27 19:09:40,972 INFO    ags.ags.nordic: BookBeat: 0 träffar för 'Lee Child - 2005 - One Shot Lee Child'
2026-09-27 19:09:41,244 DEBUG   ags.gui: logg: tail
2026-09-27 19:09:41,452 INFO    ags.gui: ui-status: Söker: One Shot
2026-09-27 19:09:41,452 INFO    ags.gui: ui-status: hämtar https://www.goodreads.com/search?page=1&q=One+Shot+Lee+Child
2026-09-27 19:09:42,150 INFO    ags.goodreads: GET https://www.goodreads.com/search?page=1&q=One+Shot+Lee+Child -> 200 (571108 byte)
2026-09-27 19:09:42,974 INFO    ags.gui: ui-status: hämtar https://www.goodreads.com/search?page=1&q=One+Shot+1
2026-09-27 19:09:43,775 DEBUG   ags.gui: logg: tail
2026-09-27 19:09:44,018 INFO    ags.goodreads: GET https://www.goodreads.com/search?page=1&q=One+Shot+1 -> 200 (625849 byte)
2026-09-27 19:09:44,279 INFO    ags.engine.match: goodreads gav 0 träffar för 'One Shot Lee Child' — provar originaltitlar via Wikipedia
2026-09-27 19:09:44,401 INFO    ags.engine.match: inga träffar för 'One Shot Lee Child' från goodreads/bridge — provar reservkällor
2026-09-27 19:09:44,402 DEBUG   ags.ags.nordic: GET https://www.storytel.com/api/search.action?request_locale=sv&q=One%20Shot%20Lee%20Child
2026-09-27 19:09:44,493 INFO    ags.gui: ui-status: Provar reservkällor (Storytel/BookBeat/Open Library) …
2026-09-27 19:09:45,449 DEBUG   ags.ags.nordic:   <- 200, 135207 bytes
2026-09-27 19:09:45,457 INFO    ags.ags.nordic: Storytel: 6 träffar för 'One Shot Lee Child'
2026-09-27 19:09:45,458 INFO    ags.engine.match: reservkälla gav 6 träffar för 'One Shot Lee Child' (källa=storytel)
2026-09-27 19:09:45,479 INFO    ags.engine: match 'One Shot (Unabridged)  (48 filer)' -> 'The Silent Patient: The record-breaking, multimillion copy Sunday Times bestselling thriller and TikTok sensation — Alex Michaelides' (0.21, ej matchad)
2026-09-27 19:09:45,479 INFO    ags.engine: matchning 'One Shot (Unabridged)  (48 filer)' -> ej matchad (källa=storytel, poäng=0.21) sökfråga rensad till 'One Shot Lee Child' | träffar från Storytel (Goodreads ej tillgänglig)
2026-09-27 19:09:45,495 INFO    ags.gui: ui-status: Söker: Lee Child - 2006 - The Hard Way
2026-09-27 19:09:45,495 INFO    ags.gui: ui-status: hämtar https://www.goodreads.com/search?page=1&q=Lee+Child+-+2006+-+The+Hard+Way+Lee+Child
2026-09-27 19:09:45,993 INFO    ags.goodreads: GET https://www.goodreads.com/search?page=1&q=Lee+Child+-+2006+-+The+Hard+Way+Lee+Child -> 200 (227859 byte)
2026-09-27 19:09:46,307 DEBUG   ags.gui: logg: tail
2026-09-27 19:09:46,357 INFO    ags.engine.match: goodreads gav 0 träffar för 'Lee Child - 2006 - The Hard Way Lee Child' — provar originaltitlar via Wikipedia
2026-09-27 19:09:46,508 INFO    ags.engine.match: inga träffar för 'Lee Child - 2006 - The Hard Way Lee Child' från goodreads/bridge — provar reservkällor
2026-09-27 19:09:46,508 DEBUG   ags.ags.nordic: GET https://www.storytel.com/api/search.action?request_locale=sv&q=Lee%20Child%20-%202006%20-%20The%20Hard%20Way%20Lee%20Child
2026-09-27 19:09:46,616 INFO    ags.gui: ui-status: Provar reservkällor (Storytel/BookBeat/Open Library) …
2026-09-27 19:09:47,270 DEBUG   ags.ags.nordic:   <- 200, 29 bytes
2026-09-27 19:09:47,273 INFO    ags.ags.nordic: Storytel: 0 träffar för 'Lee Child - 2006 - The Hard Way Lee Child'
2026-09-27 19:09:47,274 DEBUG   ags.ags.nordic: GET https://search-api.bookbeat.com/api/appsearch/suggest?includeErotic=false&market=sweden&query=Lee%20Child%20-%202006%20-%20The%20Hard%20Way%20Lee%20Child&v=18
2026-09-27 19:09:48,183 DEBUG   ags.ags.nordic:   <- 200, 38 bytes
2026-09-27 19:09:48,186 INFO    ags.ags.nordic: BookBeat: 0 träffar för 'Lee Child - 2006 - The Hard Way Lee Child'
2026-09-27 19:09:48,508 INFO    ags.gui: ui-status: Söker: The Hard Way
2026-09-27 19:09:48,508 INFO    ags.gui: ui-status: hämtar https://www.goodreads.com/search?page=1&q=The+Hard+Way+Lee+Child
2026-09-27 19:09:48,863 DEBUG   ags.gui: logg: tail
2026-09-27 19:09:49,424 INFO    ags.goodreads: GET https://www.goodreads.com/search?page=1&q=The+Hard+Way+Lee+Child -> 200 (549115 byte)
2026-09-27 19:09:50,040 INFO    ags.gui: ui-status: hämtar https://www.goodreads.com/search?page=1&q=The+Hard+1
2026-09-27 19:09:51,383 DEBUG   ags.gui: logg: tail
2026-09-27 19:09:51,422 INFO    ags.goodreads: GET https://www.goodreads.com/search?page=1&q=The+Hard+1 -> 200 (626492 byte)
2026-09-27 19:09:51,559 INFO    ags.engine.match: goodreads gav 0 träffar för 'The Hard Way Lee Child' — provar originaltitlar via Wikipedia
2026-09-27 19:09:51,692 INFO    ags.engine.match: inga träffar för 'The Hard Way Lee Child' från goodreads/bridge — provar reservkällor
2026-09-27 19:09:51,692 DEBUG   ags.ags.nordic: GET https://www.storytel.com/api/search.action?request_locale=sv&q=The%20Hard%20Way%20Lee%20Child
2026-09-27 19:09:51,794 INFO    ags.gui: ui-status: Provar reservkällor (Storytel/BookBeat/Open Library) …
2026-09-27 19:09:52,806 DEBUG   ags.ags.nordic:   <- 200, 158364 bytes
2026-09-27 19:09:52,817 INFO    ags.ags.nordic: Storytel: 6 träffar för 'The Hard Way Lee Child'
2026-09-27 19:09:52,818 INFO    ags.engine.match: reservkälla gav 6 träffar för 'The Hard Way Lee Child' (källa=storytel)
2026-09-27 19:09:52,848 INFO    ags.engine: match 'The Hard Way (Unabridged)  (83 filer)' -> 'Extreme Justice (An Axel Strike Action Thriller—Book 1) — Jack Mars [An Axel Strike Action Thriller #1]' (0.23, ej matchad, minus 0.12)
2026-09-27 19:09:52,848 INFO    ags.engine: matchning 'The Hard Way (Unabridged)  (83 filer)' -> behöver koll (källa=storytel, poäng=0.23) sökfråga rensad till 'The Hard Way Lee Child' | träffar från Storytel (Goodreads ej tillgänglig) | Två nära träffar (0.23 vs 0.15)
2026-09-27 19:09:52,916 INFO    ags.gui: ui-status: Söker: Lee Child - 2007 - Bad Luck and Trouble
2026-09-27 19:09:52,916 INFO    ags.gui: ui-status: hämtar https://www.goodreads.com/search?page=1&q=Lee+Child+-+2007+-+Bad+Luck+and+Trouble+Lee+Child
2026-09-27 19:09:53,426 INFO    ags.goodreads: GET https://www.goodreads.com/search?page=1&q=Lee+Child+-+2007+-+Bad+Luck+and+Trouble+Lee+Child -> 200 (251314 byte)
2026-09-27 19:09:53,740 INFO    ags.engine.match: goodreads gav 0 träffar för 'Lee Child - 2007 - Bad Luck and Trouble Lee Child' — provar originaltitlar via Wikipedia
2026-09-27 19:09:53,870 INFO    ags.engine.match: inga träffar för 'Lee Child - 2007 - Bad Luck and Trouble Lee Child' från goodreads/bridge — provar reservkällor
2026-09-27 19:09:53,871 DEBUG   ags.ags.nordic: GET https://www.storytel.com/api/search.action?request_locale=sv&q=Lee%20Child%20-%202007%20-%20Bad%20Luck%20and%20Trouble%20Lee%20Child
2026-09-27 19:09:53,904 DEBUG   ags.gui: logg: tail
2026-09-27 19:09:53,926 INFO    ags.gui: ui-status: Provar reservkällor (Storytel/BookBeat/Open Library) …
2026-09-27 19:09:54,668 DEBUG   ags.ags.nordic:   <- 200, 29 bytes
2026-09-27 19:09:54,672 INFO    ags.ags.nordic: Storytel: 0 träffar för 'Lee Child - 2007 - Bad Luck and Trouble Lee Child'
2026-09-27 19:09:54,673 DEBUG   ags.ags.nordic: GET https://search-api.bookbeat.com/api/appsearch/suggest?includeErotic=false&market=sweden&query=Lee%20Child%20-%202007%20-%20Bad%20Luck%20and%20Trouble%20Lee%20Child&v=18
2026-09-27 19:09:55,532 DEBUG   ags.ags.nordic:   <- 200, 38 bytes
2026-09-27 19:09:55,535 INFO    ags.ags.nordic: BookBeat: 0 träffar för 'Lee Child - 2007 - Bad Luck and Trouble Lee Child'
2026-09-27 19:09:55,922 INFO    ags.gui: ui-status: Söker: Bad Luck and Trouble
2026-09-27 19:09:55,923 INFO    ags.gui: ui-status: hämtar https://www.goodreads.com/search?page=1&q=Bad+Luck+and+Trouble+Lee+Child
2026-09-27 19:09:56,436 DEBUG   ags.gui: logg: tail
2026-09-27 19:09:56,758 INFO    ags.goodreads: GET https://www.goodreads.com/search?page=1&q=Bad+Luck+and+Trouble+Lee+Child -> 200 (481804 byte)
2026-09-27 19:09:57,418 INFO    ags.gui: ui-status: hämtar https://www.goodreads.com/search?page=1&q=Bad+Luck+Lee+Child
2026-09-27 19:09:58,208 INFO    ags.goodreads: GET https://www.goodreads.com/search?page=1&q=Bad+Luck+Lee+Child -> 200 (481660 byte)
2026-09-27 19:09:58,813 INFO    ags.gui: ui-status: hämtar https://www.goodreads.com/search?page=1&q=Bad+Luck+1
2026-09-27 19:09:58,967 DEBUG   ags.gui: logg: tail
2026-09-27 19:09:59,961 INFO    ags.goodreads: GET https://www.goodreads.com/search?page=1&q=Bad+Luck+1 -> 200 (637178 byte)
2026-09-27 19:10:00,097 INFO    ags.engine.match: goodreads gav 0 träffar för 'Bad Luck and Trouble Lee Child' — provar originaltitlar via Wikipedia
2026-09-27 19:10:00,440 INFO    ags.engine.match: inga träffar för 'Bad Luck and Trouble Lee Child' från goodreads/bridge — provar reservkällor
2026-09-27 19:10:00,440 DEBUG   ags.ags.nordic: GET https://www.storytel.com/api/search.action?request_locale=sv&q=Bad%20Luck%20and%20Trouble%20Lee%20Child
2026-09-27 19:10:00,468 INFO    ags.gui: ui-status: Provar reservkällor (Storytel/BookBeat/Open Library) …
2026-09-27 19:10:01,292 DEBUG   ags.ags.nordic:   <- 200, 29 bytes
2026-09-27 19:10:01,294 INFO    ags.ags.nordic: Storytel: 0 träffar för 'Bad Luck and Trouble Lee Child'
2026-09-27 19:10:01,294 DEBUG   ags.ags.nordic: GET https://search-api.bookbeat.com/api/appsearch/suggest?includeErotic=false&market=sweden&query=Bad%20Luck%20and%20Trouble%20Lee%20Child&v=18
2026-09-27 19:10:01,497 DEBUG   ags.gui: logg: tail
2026-09-27 19:10:03,351 DEBUG   ags.ags.nordic:   <- 200, 38 bytes
2026-09-27 19:10:03,353 INFO    ags.ags.nordic: BookBeat: 0 träffar för 'Bad Luck and Trouble Lee Child'
2026-09-27 19:10:03,717 INFO    ags.engine.match: reservkälla gav 6 träffar för 'Bad Luck and Trouble Lee Child' (källa=openlibrary)
2026-09-27 19:10:03,739 INFO    ags.engine: match 'Bad Luck and Trouble (Unabridged)  (50 filer)' -> 'Bad Luck and Trouble — Lee Child' (0.92, matchad)
2026-09-27 19:10:03,740 INFO    ags.engine: matchning 'Bad Luck and Trouble (Unabridged)  (50 filer)' -> matchad (källa=openlibrary, poäng=0.92) sökfråga rensad till 'Bad Luck and Trouble Lee Child' | träffar från Open Library (Goodreads ej tillgänglig)
2026-09-27 19:10:03,761 INFO    ags.gui: ui-status: Söker: Lee Child - 2009 - Gone Tomorrow
2026-09-27 19:10:03,761 INFO    ags.gui: ui-status: hämtar https://www.goodreads.com/search?page=1&q=Lee+Child+-+2009+-+Gone+Tomorrow+Lee+Child
2026-09-27 19:10:04,039 DEBUG   ags.gui: logg: tail
2026-09-27 19:10:04,399 INFO    ags.goodreads: GET https://www.goodreads.com/search?page=1&q=Lee+Child+-+2009+-+Gone+Tomorrow+Lee+Child -> 200 (213090 byte)
2026-09-27 19:10:05,299 INFO    ags.gui: ui-status: hämtar https://www.goodreads.com/search?page=1&q=Lee+Child+13
2026-09-27 19:10:06,567 DEBUG   ags.gui: logg: tail
2026-09-27 19:10:06,622 INFO    ags.goodreads: GET https://www.goodreads.com/search?page=1&q=Lee+Child+13 -> 200 (571147 byte)
2026-09-27 19:10:06,734 INFO    ags.engine.match: goodreads gav 0 träffar för 'Lee Child - 2009 - Gone Tomorrow Lee Child' — provar originaltitlar via Wikipedia
2026-09-27 19:10:06,908 INFO    ags.engine.match: inga träffar för 'Lee Child - 2009 - Gone Tomorrow Lee Child' från goodreads/bridge — provar reservkällor
2026-09-27 19:10:06,909 DEBUG   ags.ags.nordic: GET https://www.storytel.com/api/search.action?request_locale=sv&q=Lee%20Child%20-%202009%20-%20Gone%20Tomorrow%20Lee%20Child
2026-09-27 19:10:06,984 INFO    ags.gui: ui-status: Provar reservkällor (Storytel/BookBeat/Open Library) …
2026-09-27 19:10:07,726 DEBUG   ags.ags.nordic:   <- 200, 29 bytes
2026-09-27 19:10:07,728 INFO    ags.ags.nordic: Storytel: 0 träffar för 'Lee Child - 2009 - Gone Tomorrow Lee Child'
2026-09-27 19:10:07,728 DEBUG   ags.ags.nordic: GET https://search-api.bookbeat.com/api/appsearch/suggest?includeErotic=false&market=sweden&query=Lee%20Child%20-%202009%20-%20Gone%20Tomorrow%20Lee%20Child&v=18
2026-09-27 19:10:08,549 DEBUG   ags.ags.nordic:   <- 200, 38 bytes
2026-09-27 19:10:08,552 INFO    ags.ags.nordic: BookBeat: 0 träffar för 'Lee Child - 2009 - Gone Tomorrow Lee Child'
2026-09-27 19:10:08,894 INFO    ags.gui: ui-status: Söker: Gone Tomorrow
2026-09-27 19:10:08,894 INFO    ags.gui: ui-status: hämtar https://www.goodreads.com/search?page=1&q=Gone+Tomorrow+Lee+Child
2026-09-27 19:10:09,097 DEBUG   ags.gui: logg: tail
2026-09-27 19:10:09,141 DEBUG   ags.gui: högerklicksmeny öppnad
2026-09-27 19:10:09,145 DEBUG   ags.gui: detaljvy uppdaterad
2026-09-27 19:10:09,786 INFO    ags.goodreads: GET https://www.goodreads.com/search?page=1&q=Gone+Tomorrow+Lee+Child -> 200 (494449 byte)
2026-09-27 19:10:10,338 INFO    ags.gui: ui-status: hämtar https://www.goodreads.com/search?page=1&q=Gone+Tomorrow+13
2026-09-27 19:10:11,181 INFO    ags.goodreads: GET https://www.goodreads.com/search?page=1&q=Gone+Tomorrow+13 -> 200 (344582 byte)
2026-09-27 19:10:11,254 INFO    ags.engine.match: goodreads gav 0 träffar för 'Gone Tomorrow Lee Child' — provar originaltitlar via Wikipedia
2026-09-27 19:10:11,453 INFO    ags.engine.match: inga träffar för 'Gone Tomorrow Lee Child' från goodreads/bridge — provar reservkällor
2026-09-27 19:10:11,453 DEBUG   ags.ags.nordic: GET https://www.storytel.com/api/search.action?request_locale=sv&q=Gone%20Tomorrow%20Lee%20Child
2026-09-27 19:10:11,494 INFO    ags.gui: ui-status: Provar reservkällor (Storytel/BookBeat/Open Library) …
2026-09-27 19:10:11,638 DEBUG   ags.gui: logg: tail
2026-09-27 19:10:12,266 INFO    ags.gui: högerklick: Klistra in Goodreads-länk
2026-09-27 19:10:12,282 DEBUG   ags.ags.nordic:   <- 200, 29 bytes
2026-09-27 19:10:12,285 INFO    ags.ags.nordic: Storytel: 0 träffar för 'Gone Tomorrow Lee Child'
2026-09-27 19:10:12,285 DEBUG   ags.ags.nordic: GET https://search-api.bookbeat.com/api/appsearch/suggest?includeErotic=false&market=sweden&query=Gone%20Tomorrow%20Lee%20Child&v=18
2026-09-27 19:10:13,098 DEBUG   ags.ags.nordic:   <- 200, 38 bytes
2026-09-27 19:10:13,100 INFO    ags.ags.nordic: BookBeat: 0 träffar för 'Gone Tomorrow Lee Child'
2026-09-27 19:10:13,566 INFO    ags.engine.match: reservkälla gav 6 träffar för 'Gone Tomorrow Lee Child' (källa=openlibrary)
2026-09-27 19:10:13,600 INFO    ags.engine: match 'Gone Tomorrow (Unabridged)  (103 filer)' -> 'Gone Tomorrow — Lee Child' (0.92, matchad)
2026-09-27 19:10:13,601 INFO    ags.engine: matchning 'Gone Tomorrow (Unabridged)  (103 filer)' -> matchad (källa=openlibrary, poäng=0.92) sökfråga rensad till 'Gone Tomorrow Lee Child' | träffar från Open Library (Goodreads ej tillgänglig)
2026-09-27 19:10:13,666 INFO    ags.gui: ui-status: Söker: Lee Child - 2010 - Worth Dying For
2026-09-27 19:10:13,666 INFO    ags.gui: ui-status: hämtar https://www.goodreads.com/search?page=1&q=Lee+Child+-+2010+-+Worth+Dying+For+Lee+Child
2026-09-27 19:10:14,153 DEBUG   ags.gui: logg: tail
2026-09-27 19:10:14,167 INFO    ags.goodreads: GET https://www.goodreads.com/search?page=1&q=Lee+Child+-+2010+-+Worth+Dying+For+Lee+Child -> 200 (220450 byte)
2026-09-27 19:10:14,787 WARNING ags.gui: jobb 'Hämtar från länk' HOPPAS ÖVER: ett annat jobb pågår redan
2026-09-27 19:10:15,157 INFO    ags.gui: ui-status: hämtar https://www.goodreads.com/search?page=1&q=Lee+Child+15
2026-09-27 19:10:16,364 INFO    ags.goodreads: GET https://www.goodreads.com/search?page=1&q=Lee+Child+15 -> 200 (585479 byte)
2026-09-27 19:10:16,501 INFO    ags.engine.match: goodreads gav 0 träffar för 'Lee Child - 2010 - Worth Dying For Lee Child' — provar originaltitlar via Wikipedia
2026-09-27 19:10:16,676 DEBUG   ags.gui: logg: tail
2026-09-27 19:10:16,697 INFO    ags.engine.match: inga träffar för 'Lee Child - 2010 - Worth Dying For Lee Child' från goodreads/bridge — provar reservkällor
2026-09-27 19:10:16,697 DEBUG   ags.ags.nordic: GET https://www.storytel.com/api/search.action?request_locale=sv&q=Lee%20Child%20-%202010%20-%20Worth%20Dying%20For%20Lee%20Child
2026-09-27 19:10:16,745 INFO    ags.gui: ui-status: Provar reservkällor (Storytel/BookBeat/Open Library) …
2026-09-27 19:10:17,455 DEBUG   ags.ags.nordic:   <- 200, 29 bytes
2026-09-27 19:10:17,457 INFO    ags.ags.nordic: Storytel: 0 träffar för 'Lee Child - 2010 - Worth Dying For Lee Child'
2026-09-27 19:10:17,457 DEBUG   ags.ags.nordic: GET https://search-api.bookbeat.com/api/appsearch/suggest?includeErotic=false&market=sweden&query=Lee%20Child%20-%202010%20-%20Worth%20Dying%20For%20Lee%20Child&v=18
2026-09-27 19:10:18,236 DEBUG   ags.ags.nordic:   <- 200, 38 bytes
2026-09-27 19:10:18,239 INFO    ags.ags.nordic: BookBeat: 0 träffar för 'Lee Child - 2010 - Worth Dying For Lee Child'
2026-09-27 19:10:18,616 INFO    ags.gui: ui-status: Söker: Worth Dying For
2026-09-27 19:10:18,617 INFO    ags.gui: ui-status: hämtar https://www.goodreads.com/search?page=1&q=Worth+Dying+For+Lee+Child
2026-09-27 19:10:19,222 DEBUG   ags.gui: logg: tail
2026-09-27 19:10:19,240 INFO    ags.goodreads: GET https://www.goodreads.com/search?page=1&q=Worth+Dying+For+Lee+Child -> 200 (553292 byte)
2026-09-27 19:10:20,052 INFO    ags.gui: ui-status: hämtar https://www.goodreads.com/search?page=1&q=Worth+Dying+15
2026-09-27 19:10:20,539 INFO    ags.goodreads: GET https://www.goodreads.com/search?page=1&q=Worth+Dying+15 -> 200 (231225 byte)
2026-09-27 19:10:20,589 INFO    ags.engine.match: goodreads gav 0 träffar för 'Worth Dying For Lee Child' — provar originaltitlar via Wikipedia
2026-09-27 19:10:20,755 INFO    ags.engine.match: inga träffar för 'Worth Dying For Lee Child' från goodreads/bridge — provar reservkällor
2026-09-27 19:10:20,755 DEBUG   ags.ags.nordic: GET https://www.storytel.com/api/search.action?request_locale=sv&q=Worth%20Dying%20For%20Lee%20Child
2026-09-27 19:10:20,791 INFO    ags.gui: ui-status: Provar reservkällor (Storytel/BookBeat/Open Library) …
2026-09-27 19:10:21,522 DEBUG   ags.ags.nordic:   <- 200, 20592 bytes
2026-09-27 19:10:21,529 INFO    ags.ags.nordic: Storytel: 3 träffar för 'Worth Dying For Lee Child'
2026-09-27 19:10:21,529 DEBUG   ags.ags.nordic: GET https://search-api.bookbeat.com/api/appsearch/suggest?includeErotic=false&market=sweden&query=Worth%20Dying%20For%20Lee%20Child&v=18
2026-09-27 19:10:21,744 DEBUG   ags.gui: logg: tail
2026-09-27 19:10:22,302 DEBUG   ags.ags.nordic:   <- 200, 38 bytes
2026-09-27 19:10:22,305 INFO    ags.ags.nordic: BookBeat: 0 träffar för 'Worth Dying For Lee Child'
2026-09-27 19:10:22,579 INFO    ags.engine.match: reservkälla gav 6 träffar för 'Worth Dying For Lee Child' (källa=storytel)
2026-09-27 19:10:22,605 INFO    ags.engine: match 'Worth Dying For (Unabridged)  (99 filer)' -> 'Worth Dying For — Lee Child' (0.94, matchad)
2026-09-27 19:10:22,605 INFO    ags.engine: matchning 'Worth Dying For (Unabridged)  (99 filer)' -> matchad (källa=storytel, poäng=0.94) sökfråga rensad till 'Worth Dying For Lee Child' | träffar från Storytel (Goodreads ej tillgänglig)
2026-09-27 19:10:22,641 INFO    ags.gui: ui-status: Söker: Lee Child - 2011 - Second Son
2026-09-27 19:10:22,641 INFO    ags.gui: ui-status: hämtar https://www.goodreads.com/search?page=1&q=Lee+Child+-+2011+-+Second+Son+Lee+Child
2026-09-27 19:10:22,907 DEBUG   ags.gui: detaljvy uppdaterad
2026-09-27 19:10:23,048 INFO    ags.goodreads: GET https://www.goodreads.com/search?page=1&q=Lee+Child+-+2011+-+Second+Son+Lee+Child -> 200 (159258 byte)
2026-09-27 19:10:23,331 INFO    ags.engine.match: goodreads gav 0 träffar för 'Lee Child - 2011 - Second Son Lee Child' — provar originaltitlar via Wikipedia
2026-09-27 19:10:23,490 INFO    ags.engine.match: inga träffar för 'Lee Child - 2011 - Second Son Lee Child' från goodreads/bridge — provar reservkällor
2026-09-27 19:10:23,490 DEBUG   ags.ags.nordic: GET https://www.storytel.com/api/search.action?request_locale=sv&q=Lee%20Child%20-%202011%20-%20Second%20Son%20Lee%20Child
2026-09-27 19:10:23,524 INFO    ags.gui: ui-status: Provar reservkällor (Storytel/BookBeat/Open Library) …
2026-09-27 19:10:24,254 DEBUG   ags.ags.nordic:   <- 200, 29 bytes
2026-09-27 19:10:24,257 INFO    ags.ags.nordic: Storytel: 0 träffar för 'Lee Child - 2011 - Second Son Lee Child'
2026-09-27 19:10:24,257 DEBUG   ags.ags.nordic: GET https://search-api.bookbeat.com/api/appsearch/suggest?includeErotic=false&market=sweden&query=Lee%20Child%20-%202011%20-%20Second%20Son%20Lee%20Child&v=18
2026-09-27 19:10:24,260 DEBUG   ags.gui: logg: tail
2026-09-27 19:10:25,015 DEBUG   ags.ags.nordic:   <- 200, 38 bytes
2026-09-27 19:10:25,018 INFO    ags.ags.nordic: BookBeat: 0 träffar för 'Lee Child - 2011 - Second Son Lee Child'
2026-09-27 19:10:25,374 INFO    ags.gui: ui-status: Söker: Second Son
2026-09-27 19:10:25,375 INFO    ags.gui: ui-status: hämtar https://www.goodreads.com/search?page=1&q=Second+Son+Lee+Child
2026-09-27 19:10:25,800 INFO    ags.goodreads: GET https://www.goodreads.com/search?page=1&q=Second+Son+Lee+Child -> 200 (261759 byte)
2026-09-27 19:10:26,787 DEBUG   ags.gui: logg: tail
2026-09-27 19:10:26,834 INFO    ags.gui: ui-status: hämtar https://www.goodreads.com/search?page=1&q=Second+Son+1
2026-09-27 19:10:27,639 DEBUG   ags.gui: högerklicksmeny öppnad
2026-09-27 19:10:27,644 DEBUG   ags.gui: detaljvy uppdaterad
2026-09-27 19:10:27,761 INFO    ags.goodreads: GET https://www.goodreads.com/search?page=1&q=Second+Son+1 -> 200 (629682 byte)
2026-09-27 19:10:27,877 INFO    ags.engine.match: goodreads gav 0 träffar för 'Second Son Lee Child' — provar originaltitlar via Wikipedia
2026-09-27 19:10:28,066 INFO    ags.engine.match: inga träffar för 'Second Son Lee Child' från goodreads/bridge — provar reservkällor
2026-09-27 19:10:28,066 DEBUG   ags.ags.nordic: GET https://www.storytel.com/api/search.action?request_locale=sv&q=Second%20Son%20Lee%20Child
2026-09-27 19:10:28,149 INFO    ags.gui: ui-status: Provar reservkällor (Storytel/BookBeat/Open Library) …
2026-09-27 19:10:28,850 DEBUG   ags.ags.nordic:   <- 200, 36521 bytes
2026-09-27 19:10:28,857 INFO    ags.ags.nordic: Storytel: 6 träffar för 'Second Son Lee Child'
2026-09-27 19:10:28,857 INFO    ags.engine.match: reservkälla gav 6 träffar för 'Second Son Lee Child' (källa=storytel)
2026-09-27 19:10:28,892 INFO    ags.engine: match 'Second Son (Unabridged)  (8 filer)' -> 'Only One Cure: A Medical Thriller — Jenifer Ruff [FBI & CDC Medical Thriller #2]' (0.18, ej matchad, minus 0.12)
2026-09-27 19:10:28,892 INFO    ags.engine: matchning 'Second Son (Unabridged)  (8 filer)' -> ej matchad (källa=storytel, poäng=0.18) sökfråga rensad till 'Second Son Lee Child' | träffar från Storytel (Goodreads ej tillgänglig)
2026-09-27 19:10:28,903 INFO    ags.gui: ui-status: Söker: Lee Child - 2011 - The Affair
2026-09-27 19:10:28,904 INFO    ags.gui: ui-status: hämtar https://www.goodreads.com/search?page=1&q=Lee+Child+-+2011+-+The+Affair+Lee+Child
2026-09-27 19:10:29,306 DEBUG   ags.gui: logg: tail
2026-09-27 19:10:29,359 INFO    ags.gui: högerklick: Öppna i filhanterare (markera fil)
2026-09-27 19:10:29,397 INFO    ags.goodreads: GET https://www.goodreads.com/search?page=1&q=Lee+Child+-+2011+-+The+Affair+Lee+Child -> 200 (197925 byte)
2026-09-27 19:10:29,638 INFO    ags.gui: öppnade filhanteraren för 'C:\\Users\\monon\\Documents\\lazylibrarian\\Lee Child\\Lee Child - 2009 - Gone Tomorrow (Unabridged) Jack Reacher 13\\Lee Child - Gone Tomorrow - 001.mp3'
2026-09-27 19:10:29,821 INFO    ags.engine.match: goodreads gav 0 träffar för 'Lee Child - 2011 - The Affair Lee Child' — provar originaltitlar via Wikipedia
2026-09-27 19:10:30,023 INFO    ags.engine.match: inga träffar för 'Lee Child - 2011 - The Affair Lee Child' från goodreads/bridge — provar reservkällor
2026-09-27 19:10:30,023 DEBUG   ags.ags.nordic: GET https://www.storytel.com/api/search.action?request_locale=sv&q=Lee%20Child%20-%202011%20-%20The%20Affair%20Lee%20Child
2026-09-27 19:10:30,091 INFO    ags.gui: ui-status: Provar reservkällor (Storytel/BookBeat/Open Library) …
2026-09-27 19:10:31,385 DEBUG   ags.ags.nordic:   <- 200, 29 bytes
2026-09-27 19:10:31,387 INFO    ags.ags.nordic: Storytel: 0 träffar för 'Lee Child - 2011 - The Affair Lee Child'
2026-09-27 19:10:31,388 DEBUG   ags.ags.nordic: GET https://search-api.bookbeat.com/api/appsearch/suggest?includeErotic=false&market=sweden&query=Lee%20Child%20-%202011%20-%20The%20Affair%20Lee%20Child&v=18
2026-09-27 19:10:31,836 DEBUG   ags.gui: logg: tail
2026-09-27 19:10:32,982 DEBUG   ags.ags.nordic:   <- 200, 38 bytes
2026-09-27 19:10:32,984 INFO    ags.ags.nordic: BookBeat: 0 träffar för 'Lee Child - 2011 - The Affair Lee Child'
2026-09-27 19:10:34,139 INFO    ags.gui: ui-status: Söker: The Affair
2026-09-27 19:10:34,140 INFO    ags.gui: ui-status: hämtar https://www.goodreads.com/search?page=1&q=The+Affair+Lee+Child
2026-09-27 19:10:34,374 DEBUG   ags.gui: logg: tail
2026-09-27 19:10:34,634 INFO    ags.goodreads: GET https://www.goodreads.com/search?page=1&q=The+Affair+Lee+Child -> 200 (404372 byte)
2026-09-27 19:10:35,662 INFO    ags.gui: ui-status: hämtar https://www.goodreads.com/search?page=1&q=The+Affair+1
2026-09-27 19:10:36,637 INFO    ags.goodreads: GET https://www.goodreads.com/search?page=1&q=The+Affair+1 -> 200 (631488 byte)
2026-09-27 19:10:36,887 INFO    ags.engine.match: goodreads gav 0 träffar för 'The Affair Lee Child' — provar originaltitlar via Wikipedia
2026-09-27 19:10:36,916 DEBUG   ags.gui: logg: tail
2026-09-27 19:10:37,283 INFO    ags.engine.match: originaltitel-kandidat: 'The Affair (TV series)'
2026-09-27 19:10:37,374 INFO    ags.engine.match: inga träffar för 'The Affair Lee Child' från goodreads/bridge — provar reservkällor
2026-09-27 19:10:37,374 DEBUG   ags.ags.nordic: GET https://www.storytel.com/api/search.action?request_locale=sv&q=The%20Affair%20Lee%20Child
2026-09-27 19:10:37,396 INFO    ags.gui: ui-status: Provar originaltitel: The Affair (TV series)
2026-09-27 19:10:37,396 INFO    ags.gui: ui-status: Provar reservkällor (Storytel/BookBeat/Open Library) …
2026-09-27 19:10:38,223 DEBUG   ags.ags.nordic:   <- 200, 66746 bytes
2026-09-27 19:10:38,226 INFO    ags.ags.nordic: Storytel: 6 träffar för 'The Affair Lee Child'
2026-09-27 19:10:38,227 INFO    ags.engine.match: reservkälla gav 6 träffar för 'The Affair Lee Child' (källa=storytel)
2026-09-27 19:10:38,244 INFO    ags.engine: match 'The Affair (Unabridged)  (88 filer)' -> 'The Fifth to Die — J.D. Barker [A Detective Porter novel #1]' (0.31, ej matchad, minus 0.12)
2026-09-27 19:10:38,244 INFO    ags.engine: matchning 'The Affair (Unabridged)  (88 filer)' -> behöver koll (källa=storytel, poäng=0.31) sökfråga rensad till 'The Affair Lee Child' | träffar från Storytel (Goodreads ej tillgänglig) | Två nära träffar (0.31 vs 0.21)
2026-09-27 19:10:38,275 INFO    ags.gui: ui-status: Söker: Lee Child - 2012 - A Wanted Man
2026-09-27 19:10:38,275 INFO    ags.gui: ui-status: hämtar https://www.goodreads.com/search?page=1&q=Lee+Child+-+2012+-+A+Wanted+Man+Lee+Child
2026-09-27 19:10:38,779 INFO    ags.goodreads: GET https://www.goodreads.com/search?page=1&q=Lee+Child+-+2012+-+A+Wanted+Man+Lee+Child -> 200 (209057 byte)
2026-09-27 19:10:39,059 INFO    ags.engine.match: goodreads gav 0 träffar för 'Lee Child - 2012 - A Wanted Man Lee Child' — provar originaltitlar via Wikipedia
2026-09-27 19:10:39,233 INFO    ags.engine.match: inga träffar för 'Lee Child - 2012 - A Wanted Man Lee Child' från goodreads/bridge — provar reservkällor
2026-09-27 19:10:39,234 DEBUG   ags.ags.nordic: GET https://www.storytel.com/api/search.action?request_locale=sv&q=Lee%20Child%20-%202012%20-%20A%20Wanted%20Man%20Lee%20Child
2026-09-27 19:10:39,289 INFO    ags.gui: ui-status: Provar reservkällor (Storytel/BookBeat/Open Library) …
2026-09-27 19:10:39,430 DEBUG   ags.gui: logg: tail
2026-09-27 19:10:40,153 DEBUG   ags.ags.nordic:   <- 200, 29 bytes
2026-09-27 19:10:40,155 INFO    ags.ags.nordic: Storytel: 0 träffar för 'Lee Child - 2012 - A Wanted Man Lee Child'
2026-09-27 19:10:40,155 DEBUG   ags.ags.nordic: GET https://search-api.bookbeat.com/api/appsearch/suggest?includeErotic=false&market=sweden&query=Lee%20Child%20-%202012%20-%20A%20Wanted%20Man%20Lee%20Child&v=18
2026-09-27 19:10:41,001 DEBUG   ags.ags.nordic:   <- 200, 38 bytes
2026-09-27 19:10:41,003 INFO    ags.ags.nordic: BookBeat: 0 träffar för 'Lee Child - 2012 - A Wanted Man Lee Child'
2026-09-27 19:10:41,329 INFO    ags.gui: ui-status: Söker: A Wanted Man
2026-09-27 19:10:41,329 INFO    ags.gui: ui-status: hämtar https://www.goodreads.com/search?page=1&q=A+Wanted+Man+Lee+Child
2026-09-27 19:10:41,810 INFO    ags.goodreads: GET https://www.goodreads.com/search?page=1&q=A+Wanted+Man+Lee+Child -> 200 (403236 byte)
2026-09-27 19:10:41,959 DEBUG   ags.gui: logg: tail
2026-09-27 19:10:42,837 INFO    ags.gui: ui-status: hämtar https://www.goodreads.com/search?page=1&q=A+Wanted+1
2026-09-27 19:10:43,951 INFO    ags.goodreads: GET https://www.goodreads.com/search?page=1&q=A+Wanted+1 -> 200 (640538 byte)
2026-09-27 19:10:44,103 INFO    ags.engine.match: goodreads gav 0 träffar för 'A Wanted Man Lee Child' — provar originaltitlar via Wikipedia
2026-09-27 19:10:44,225 INFO    ags.engine.match: inga träffar för 'A Wanted Man Lee Child' från goodreads/bridge — provar reservkällor
2026-09-27 19:10:44,225 DEBUG   ags.ags.nordic: GET https://www.storytel.com/api/search.action?request_locale=sv&q=A%20Wanted%20Man%20Lee%20Child
2026-09-27 19:10:44,229 INFO    ags.gui: ui-status: Provar reservkällor (Storytel/BookBeat/Open Library) …
2026-09-27 19:10:44,498 DEBUG   ags.gui: logg: tail
2026-09-27 19:10:45,462 DEBUG   ags.ags.nordic:   <- 200, 484008 bytes
2026-09-27 19:10:45,483 INFO    ags.ags.nordic: Storytel: 6 träffar för 'A Wanted Man Lee Child'
2026-09-27 19:10:45,485 INFO    ags.engine.match: reservkälla gav 6 träffar för 'A Wanted Man Lee Child' (källa=storytel)
2026-09-27 19:10:45,505 INFO    ags.engine: match 'A Wanted Man (Unabridged)  (80 filer)' -> 'Speechless — Robert Browne [The Thriller Shorts #1]' (0.17, ej matchad, minus 0.12)
2026-09-27 19:10:45,505 INFO    ags.engine: matchning 'A Wanted Man (Unabridged)  (80 filer)' -> behöver koll (källa=storytel, poäng=0.17) sökfråga rensad till 'A Wanted Man Lee Child' | träffar från Storytel (Goodreads ej tillgänglig) | Två nära träffar (0.17 vs 0.16)
2026-09-27 19:10:45,607 INFO    ags.gui: ui-status: Söker: Lee Child - 2012 - Deep Down
2026-09-27 19:10:45,607 INFO    ags.gui: ui-status: hämtar https://www.goodreads.com/search?page=1&q=Lee+Child+-+2012+-+Deep+Down+Lee+Child
2026-09-27 19:10:45,926 INFO    ags.goodreads: GET https://www.goodreads.com/search?page=1&q=Lee+Child+-+2012+-+Deep+Down+Lee+Child -> 200 (159291 byte)
2026-09-27 19:10:46,232 INFO    ags.engine.match: goodreads gav 0 träffar för 'Lee Child - 2012 - Deep Down Lee Child' — provar originaltitlar via Wikipedia
2026-09-27 19:10:46,355 INFO    ags.engine.match: inga träffar för 'Lee Child - 2012 - Deep Down Lee Child' från goodreads/bridge — provar reservkällor
2026-09-27 19:10:46,355 DEBUG   ags.ags.nordic: GET https://www.storytel.com/api/search.action?request_locale=sv&q=Lee%20Child%20-%202012%20-%20Deep%20Down%20Lee%20Child
2026-09-27 19:10:46,380 INFO    ags.gui: ui-status: Provar reservkällor (Storytel/BookBeat/Open Library) …
2026-09-27 19:10:47,019 DEBUG   ags.gui: logg: tail
2026-09-27 19:10:47,141 DEBUG   ags.ags.nordic:   <- 200, 29 bytes
2026-09-27 19:10:47,144 INFO    ags.ags.nordic: Storytel: 0 träffar för 'Lee Child - 2012 - Deep Down Lee Child'
2026-09-27 19:10:47,144 DEBUG   ags.ags.nordic: GET https://search-api.bookbeat.com/api/appsearch/suggest?includeErotic=false&market=sweden&query=Lee%20Child%20-%202012%20-%20Deep%20Down%20Lee%20Child&v=18
2026-09-27 19:10:47,973 DEBUG   ags.ags.nordic:   <- 200, 38 bytes
2026-09-27 19:10:47,976 INFO    ags.ags.nordic: BookBeat: 0 träffar för 'Lee Child - 2012 - Deep Down Lee Child'
2026-09-27 19:10:48,267 INFO    ags.gui: ui-status: Söker: Deep Down
2026-09-27 19:10:48,268 INFO    ags.gui: ui-status: hämtar https://www.goodreads.com/search?page=1&q=Deep+Down+Lee+Child
2026-09-27 19:10:48,773 INFO    ags.goodreads: GET https://www.goodreads.com/search?page=1&q=Deep+Down+Lee+Child -> 200 (268571 byte)
2026-09-27 19:10:49,541 DEBUG   ags.gui: logg: tail
2026-09-27 19:10:49,759 INFO    ags.gui: ui-status: hämtar https://www.goodreads.com/search?page=1&q=Deep+Down+1
2026-09-27 19:10:50,623 INFO    ags.goodreads: GET https://www.goodreads.com/search?page=1&q=Deep+Down+1 -> 200 (534341 byte)
2026-09-27 19:10:50,760 INFO    ags.engine.match: goodreads gav 0 träffar för 'Deep Down Lee Child' — provar originaltitlar via Wikipedia
2026-09-27 19:10:50,894 INFO    ags.engine.match: inga träffar för 'Deep Down Lee Child' från goodreads/bridge — provar reservkällor
2026-09-27 19:10:50,895 DEBUG   ags.ags.nordic: GET https://www.storytel.com/api/search.action?request_locale=sv&q=Deep%20Down%20Lee%20Child
2026-09-27 19:10:50,897 INFO    ags.gui: ui-status: Provar reservkällor (Storytel/BookBeat/Open Library) …
2026-09-27 19:10:51,989 DEBUG   ags.ags.nordic:   <- 200, 162238 bytes
2026-09-27 19:10:52,000 INFO    ags.ags.nordic: Storytel: 6 träffar för 'Deep Down Lee Child'
2026-09-27 19:10:52,001 INFO    ags.engine.match: reservkälla gav 6 träffar för 'Deep Down Lee Child' (källa=storytel)
2026-09-27 19:10:52,029 INFO    ags.engine: match 'Deep Down (Unabridged)  (9 filer)' -> 'Deep Sky — Patrick Lee' (0.44, ej matchad)
2026-09-27 19:10:52,029 INFO    ags.engine: matchning 'Deep Down (Unabridged)  (9 filer)' -> behöver koll (källa=storytel, poäng=0.44) sökfråga rensad till 'Deep Down Lee Child' | träffar från Storytel (Goodreads ej tillgänglig) | Två nära träffar (0.44 vs 0.26)
2026-09-27 19:10:52,068 DEBUG   ags.gui: logg: tail
2026-09-27 19:10:52,157 INFO    ags.gui: ui-status: Söker: lazylibrarian
2026-09-27 19:10:52,158 INFO    ags.gui: ui-status: hämtar https://www.goodreads.com/search?page=1&q=lazylibrarian+Casey+Plett
2026-09-27 19:10:52,466 INFO    ags.goodreads: GET https://www.goodreads.com/search?page=1&q=lazylibrarian+Casey+Plett -> 200 (159102 byte)
2026-09-27 19:10:52,488 INFO    ags.engine.match: goodreads gav 0 träffar för 'lazylibrarian Casey Plett' — provar originaltitlar via Wikipedia
2026-09-27 19:10:52,488 INFO    ags.engine.match: inga träffar för 'lazylibrarian Casey Plett' från goodreads/bridge — provar reservkällor
2026-09-27 19:10:52,488 DEBUG   ags.ags.nordic: GET https://www.storytel.com/api/search.action?request_locale=sv&q=lazylibrarian%20Casey%20Plett
2026-09-27 19:10:52,544 INFO    ags.gui: ui-status: Provar reservkällor (Storytel/BookBeat/Open Library) …
2026-09-27 19:10:53,323 DEBUG   ags.ags.nordic:   <- 200, 29 bytes
2026-09-27 19:10:53,324 INFO    ags.ags.nordic: Storytel: 0 träffar för 'lazylibrarian Casey Plett'
2026-09-27 19:10:53,325 DEBUG   ags.ags.nordic: GET https://search-api.bookbeat.com/api/appsearch/suggest?includeErotic=false&market=sweden&query=lazylibrarian%20Casey%20Plett&v=18
2026-09-27 19:10:54,168 DEBUG   ags.ags.nordic:   <- 200, 38 bytes
2026-09-27 19:10:54,170 INFO    ags.ags.nordic: BookBeat: 0 träffar för 'lazylibrarian Casey Plett'
2026-09-27 19:10:54,586 DEBUG   ags.gui: logg: tail
2026-09-27 19:10:55,964 INFO    ags.gui: ui-status: Söker: Little Fish
2026-09-27 19:10:55,965 INFO    ags.gui: ui-status: hämtar https://www.goodreads.com/search?page=1&q=Little+Fish+Casey+Plett
2026-09-27 19:10:56,457 INFO    ags.goodreads: GET https://www.goodreads.com/search?page=1&q=Little+Fish+Casey+Plett -> 200 (195591 byte)
2026-09-27 19:10:56,501 INFO    ags.engine.match: goodreads gav 0 träffar för 'Little Fish Casey Plett' — provar originaltitlar via Wikipedia
2026-09-27 19:10:56,637 INFO    ags.engine.match: inga träffar för 'Little Fish Casey Plett' från goodreads/bridge — provar reservkällor
2026-09-27 19:10:56,637 DEBUG   ags.ags.nordic: GET https://www.storytel.com/api/search.action?request_locale=sv&q=Little%20Fish%20Casey%20Plett
2026-09-27 19:10:56,709 INFO    ags.gui: ui-status: Provar reservkällor (Storytel/BookBeat/Open Library) …
2026-09-27 19:10:57,114 DEBUG   ags.gui: logg: tail
2026-09-27 19:10:58,037 DEBUG   ags.ags.nordic:   <- 200, 9481 bytes
2026-09-27 19:10:58,040 INFO    ags.ags.nordic: Storytel: 3 träffar för 'Little Fish Casey Plett'
2026-09-27 19:10:58,040 DEBUG   ags.ags.nordic: GET https://search-api.bookbeat.com/api/appsearch/suggest?includeErotic=false&market=sweden&query=Little%20Fish%20Casey%20Plett&v=18
2026-09-27 19:10:59,480 DEBUG   ags.ags.nordic:   <- 200, 38 bytes
2026-09-27 19:10:59,485 INFO    ags.ags.nordic: BookBeat: 0 träffar för 'Little Fish Casey Plett'
2026-09-27 19:10:59,644 DEBUG   ags.gui: logg: tail
2026-09-27 19:11:00,068 INFO    ags.engine.match: reservkälla gav 4 träffar för 'Little Fish Casey Plett' (källa=storytel)
2026-09-27 19:11:00,074 INFO    ags.engine: match 'Little Fish: A Novel (Unabridged)' -> 'Little Fish — Casey Plett' (0.92, matchad)
2026-09-27 19:11:00,074 INFO    ags.engine: matchning 'Little Fish: A Novel (Unabridged)' -> matchad (källa=storytel, poäng=0.92) sökfråga rensad till 'Little Fish Casey Plett' | träffar från Storytel (Goodreads ej tillgänglig)
2026-09-27 19:11:00,158 INFO    ags.gui: ui-status: Söker: M C Beaton    Agatha Raisin and the Potted Gardener
2026-09-27 19:11:00,159 INFO    ags.gui: ui-status: hämtar https://www.goodreads.com/search?page=1&q=M+C+Beaton+Agatha+Raisin+and+the+Potted+Gardener+M+C+Beaton
2026-09-27 19:11:00,735 INFO    ags.goodreads: GET https://www.goodreads.com/search?page=1&q=M+C+Beaton+Agatha+Raisin+and+the+Potted+Gardener+M+C+Beaton -> 200 (235320 byte)
2026-09-27 19:11:01,639 INFO    ags.gui: ui-status: hämtar https://www.goodreads.com/search?page=1&q=M+C+Beaton+M+C+Beaton
2026-09-27 19:11:02,159 DEBUG   ags.gui: logg: tail
2026-09-27 19:11:02,793 INFO    ags.goodreads: GET https://www.goodreads.com/search?page=1&q=M+C+Beaton+M+C+Beaton -> 200 (624062 byte)
2026-09-27 19:11:03,086 INFO    ags.gui: ui-status: hämtar https://www.goodreads.com/search?page=1&q=M+C+3
2026-09-27 19:11:04,376 DEBUG   ags.gui: högerklicksmeny öppnad
2026-09-27 19:11:04,379 DEBUG   ags.gui: detaljvy uppdaterad
2026-09-27 19:11:04,696 DEBUG   ags.gui: logg: tail
2026-09-27 19:11:04,774 INFO    ags.goodreads: GET https://www.goodreads.com/search?page=1&q=M+C+3 -> 200 (636912 byte)
2026-09-27 19:11:04,906 INFO    ags.engine.match: goodreads gav 0 träffar för 'M C Beaton Agatha Raisin and the Potted Gardener M C Beaton' — provar originaltitlar via Wikipedia
2026-09-27 19:11:05,093 INFO    ags.engine.match: inga träffar för 'M C Beaton Agatha Raisin and the Potted Gardener M C Beaton' från goodreads/bridge — provar reservkällor
2026-09-27 19:11:05,093 DEBUG   ags.ags.nordic: GET https://www.storytel.com/api/search.action?request_locale=sv&q=M%20C%20Beaton%20Agatha%20Raisin%20and%20the%20Potted%20Gardener%20M%20C%20Beaton
2026-09-27 19:11:05,108 INFO    ags.gui: ui-status: Provar reservkällor (Storytel/BookBeat/Open Library) …
2026-09-27 19:11:05,880 DEBUG   ags.ags.nordic:   <- 200, 29 bytes
2026-09-27 19:11:05,883 INFO    ags.ags.nordic: Storytel: 0 träffar för 'M C Beaton Agatha Raisin and the Potted Gardener M C Beaton'
2026-09-27 19:11:05,883 DEBUG   ags.ags.nordic: GET https://search-api.bookbeat.com/api/appsearch/suggest?includeErotic=false&market=sweden&query=M%20C%20Beaton%20Agatha%20Raisin%20and%20the%20Potted%20Gardener%20M%20C%20Beaton&v=18
2026-09-27 19:11:06,676 INFO    ags.gui: högerklick: Klistra in Goodreads-länk
2026-09-27 19:11:06,793 DEBUG   ags.ags.nordic:   <- 200, 39 bytes
2026-09-27 19:11:06,796 INFO    ags.ags.nordic: BookBeat: 0 träffar för 'M C Beaton Agatha Raisin and the Potted Gardener M C Beaton'
2026-09-27 19:11:07,136 INFO    ags.engine.match: reservkälla gav 6 träffar för 'M C Beaton Agatha Raisin and the Potted Gardener M C Beaton' (källa=openlibrary)
2026-09-27 19:11:07,162 INFO    ags.engine: match 'Agatha Raisin  (56 filer)' -> 'Agatha Raisin and the potted gardener — Marion Chesney' (0.48, ej matchad, minus 0.12)
2026-09-27 19:11:07,162 INFO    ags.engine: matchning 'Agatha Raisin  (56 filer)' -> behöver koll (källa=openlibrary, poäng=0.48) sökfråga rensad till 'M C Beaton Agatha Raisin and the Potted Gardener M C Beaton' | träffar från Open Library (Goodreads ej tillgänglig) | Två nära träffar (0.48 vs 0.46)
2026-09-27 19:11:07,212 DEBUG   ags.gui: logg: tail
2026-09-27 19:11:07,284 INFO    ags.gui: ui-status: Söker: M R James   Complete Ghost Stories 1
2026-09-27 19:11:07,285 INFO    ags.gui: ui-status: hämtar https://www.goodreads.com/search?page=1&q=M+R+James+Complete+Ghost+Stories+1+M.R.+James
2026-09-27 19:11:07,711 INFO    ags.goodreads: GET https://www.goodreads.com/search?page=1&q=M+R+James+Complete+Ghost+Stories+1+M.R.+James -> 200 (159275 byte)
2026-09-27 19:11:08,581 WARNING ags.gui: jobb 'Hämtar från länk' HOPPAS ÖVER: ett annat jobb pågår redan
2026-09-27 19:11:08,693 INFO    ags.gui: ui-status: hämtar https://www.goodreads.com/search?page=1&q=M+R+James+M.R.+James
2026-09-27 19:11:09,728 DEBUG   ags.gui: logg: tail
2026-09-27 19:11:10,294 INFO    ags.goodreads: GET https://www.goodreads.com/search?page=1&q=M+R+James+M.R.+James -> 200 (638411 byte)
2026-09-27 19:11:10,439 INFO    ags.gui: ui-status: hämtar https://www.goodreads.com/search?page=1&q=M+R+1
2026-09-27 19:11:12,258 DEBUG   ags.gui: logg: tail
2026-09-27 19:11:13,348 INFO    ags.goodreads: GET https://www.goodreads.com/search?page=1&q=M+R+1 -> 200 (628373 byte)
2026-09-27 19:11:13,471 INFO    ags.engine.match: goodreads gav 0 träffar för 'M R James Complete Ghost Stories 1 M.R. James' — provar originaltitlar via Wikipedia
2026-09-27 19:11:13,621 INFO    ags.engine.match: inga träffar för 'M R James Complete Ghost Stories 1 M.R. James' från goodreads/bridge — provar reservkällor
2026-09-27 19:11:13,622 DEBUG   ags.ags.nordic: GET https://www.storytel.com/api/search.action?request_locale=sv&q=M%20R%20James%20Complete%20Ghost%20Stories%201%20M.R.%20James
2026-09-27 19:11:13,669 INFO    ags.gui: ui-status: Provar reservkällor (Storytel/BookBeat/Open Library) …
2026-09-27 19:11:14,397 DEBUG   ags.ags.nordic:   <- 200, 2707 bytes
2026-09-27 19:11:14,399 INFO    ags.ags.nordic: Storytel: 1 träffar för 'M R James Complete Ghost Stories 1 M.R. James'
2026-09-27 19:11:14,399 DEBUG   ags.ags.nordic: GET https://search-api.bookbeat.com/api/appsearch/suggest?includeErotic=false&market=sweden&query=M%20R%20James%20Complete%20Ghost%20Stories%201%20M.R.%20James&v=18
2026-09-27 19:11:14,790 DEBUG   ags.gui: logg: tail
2026-09-27 19:11:15,193 DEBUG   ags.ags.nordic:   <- 200, 38 bytes
2026-09-27 19:11:15,195 INFO    ags.ags.nordic: BookBeat: 0 träffar för 'M R James Complete Ghost Stories 1 M.R. James'
2026-09-27 19:11:15,479 INFO    ags.engine.match: reservkälla gav 6 träffar för 'M R James Complete Ghost Stories 1 M.R. James' (källa=storytel)
2026-09-27 19:11:15,498 INFO    ags.engine: match 'Ghost Stories of M.R. James  (34 filer)' -> 'The Complete Ghost Stories of M. R. James, Vol. 1 — M.R. James [The Complete Ghost Stories of M. R. James #1]' (1.00, matchad)
2026-09-27 19:11:15,499 INFO    ags.engine: matchning 'Ghost Stories of M.R. James  (34 filer)' -> matchad (källa=storytel, poäng=1.00) sökfråga rensad till 'M R James Complete Ghost Stories 1 M.R. James' | träffar från Storytel (Goodreads ej tillgänglig)
2026-09-27 19:11:15,571 INFO    ags.gui: ui-status: Söker: Matthew Corbett [01] Speaks the Nightbird
2026-09-27 19:11:15,571 INFO    ags.gui: ui-status: hämtar https://www.goodreads.com/search?page=1&q=Matthew+Corbett+%5B01%5D+Speaks+the+Nightbird+Robert+McCammon
2026-09-27 19:11:16,023 INFO    ags.goodreads: GET https://www.goodreads.com/search?page=1&q=Matthew+Corbett+%5B01%5D+Speaks+the+Nightbird+Robert+McCammon -> 200 (159590 byte)
2026-09-27 19:11:17,074 INFO    ags.gui: ui-status: hämtar https://www.goodreads.com/search?page=1&q=Matthew+Corbett+%5B01%5D+Robert+McCammon
2026-09-27 19:11:17,307 DEBUG   ags.gui: logg: tail
2026-09-27 19:11:17,441 INFO    ags.goodreads: GET https://www.goodreads.com/search?page=1&q=Matthew+Corbett+%5B01%5D+Robert+McCammon -> 200 (159271 byte)
2026-09-27 19:11:18,606 INFO    ags.gui: ui-status: hämtar https://www.goodreads.com/search?page=1&q=Matthew+Corbett+2
2026-09-27 19:11:19,838 DEBUG   ags.gui: logg: tail
2026-09-27 19:11:20,009 INFO    ags.goodreads: GET https://www.goodreads.com/search?page=1&q=Matthew+Corbett+2 -> 200 (445943 byte)
2026-09-27 19:11:20,116 INFO    ags.engine.match: goodreads gav 0 träffar för 'Matthew Corbett [01] Speaks the Nightbird Robert McCammon' — provar originaltitlar via Wikipedia
2026-09-27 19:11:20,496 INFO    ags.engine.match: inga träffar för 'Matthew Corbett [01] Speaks the Nightbird Robert McCammon' från goodreads/bridge — provar reservkällor
2026-09-27 19:11:20,496 DEBUG   ags.ags.nordic: GET https://www.storytel.com/api/search.action?request_locale=sv&q=Matthew%20Corbett%20%5B01%5D%20Speaks%20the%20Nightbird%20Robert%20McCammon
2026-09-27 19:11:20,522 INFO    ags.gui: ui-status: Provar reservkällor (Storytel/BookBeat/Open Library) …
2026-09-27 19:11:21,256 DEBUG   ags.ags.nordic:   <- 200, 29 bytes
2026-09-27 19:11:21,260 INFO    ags.ags.nordic: Storytel: 0 träffar för 'Matthew Corbett [01] Speaks the Nightbird Robert McCammon'
2026-09-27 19:11:21,260 DEBUG   ags.ags.nordic: GET https://search-api.bookbeat.com/api/appsearch/suggest?includeErotic=false&market=sweden&query=Matthew%20Corbett%20%5B01%5D%20Speaks%20the%20Nightbird%20Robert%20McCammon&v=18
2026-09-27 19:11:22,188 DEBUG   ags.ags.nordic:   <- 200, 39 bytes
2026-09-27 19:11:22,191 INFO    ags.ags.nordic: BookBeat: 0 träffar för 'Matthew Corbett [01] Speaks the Nightbird Robert McCammon'
2026-09-27 19:11:22,368 DEBUG   ags.gui: logg: tail
2026-09-27 19:11:22,524 INFO    ags.gui: ui-status: Söker: Speaks the Nightbird [Dramatized Adaptation]
2026-09-27 19:11:22,525 INFO    ags.gui: ui-status: hämtar https://www.goodreads.com/search?page=1&q=Speaks+the+Nightbird+%5BDramatized+Adaptation%5D+Robert+McCammon
2026-09-27 19:11:23,004 INFO    ags.goodreads: GET https://www.goodreads.com/search?page=1&q=Speaks+the+Nightbird+%5BDramatized+Adaptation%5D+Robert+McCammon -> 200 (244310 byte)
2026-09-27 19:11:24,040 INFO    ags.gui: ui-status: hämtar https://www.goodreads.com/search?page=1&q=Speaks+the+Nightbird+Robert+McCammon
2026-09-27 19:11:24,505 INFO    ags.goodreads: GET https://www.goodreads.com/search?page=1&q=Speaks+the+Nightbird+Robert+McCammon -> 200 (389005 byte)
2026-09-27 19:11:24,885 DEBUG   ags.gui: logg: tail
2026-09-27 19:11:25,541 INFO    ags.gui: ui-status: hämtar https://www.goodreads.com/search?page=1&q=Speaks+the+2
2026-09-27 19:11:26,206 DEBUG   ags.gui: högerklicksmeny öppnad
2026-09-27 19:11:26,211 DEBUG   ags.gui: detaljvy uppdaterad
2026-09-27 19:11:26,571 INFO    ags.goodreads: GET https://www.goodreads.com/search?page=1&q=Speaks+the+2 -> 200 (600248 byte)
2026-09-27 19:11:26,700 INFO    ags.engine.match: goodreads gav 0 träffar för 'Speaks the Nightbird [Dramatized Adaptation] Robert McCammon' — provar originaltitlar via Wikipedia
2026-09-27 19:11:27,122 INFO    ags.engine.match: inga träffar för 'Speaks the Nightbird [Dramatized Adaptation] Robert McCammon' från goodreads/bridge — provar reservkällor
2026-09-27 19:11:27,122 DEBUG   ags.ags.nordic: GET https://www.storytel.com/api/search.action?request_locale=sv&q=Speaks%20the%20Nightbird%20%5BDramatized%20Adaptation%5D%20Robert%20McCammon
2026-09-27 19:11:27,153 DEBUG   ags.gui: högerklicksmeny öppnad
2026-09-27 19:11:27,159 DEBUG   ags.gui: detaljvy uppdaterad
2026-09-27 19:11:27,372 INFO    ags.gui: ui-status: Provar reservkällor (Storytel/BookBeat/Open Library) …
2026-09-27 19:11:27,452 DEBUG   ags.gui: logg: tail
2026-09-27 19:11:27,936 DEBUG   ags.ags.nordic:   <- 200, 29 bytes
2026-09-27 19:11:27,937 INFO    ags.ags.nordic: Storytel: 0 träffar för 'Speaks the Nightbird [Dramatized Adaptation] Robert McCammon'
2026-09-27 19:11:27,937 DEBUG   ags.ags.nordic: GET https://search-api.bookbeat.com/api/appsearch/suggest?includeErotic=false&market=sweden&query=Speaks%20the%20Nightbird%20%5BDramatized%20Adaptation%5D%20Robert%20McCammon&v=18
2026-09-27 19:11:28,851 DEBUG   ags.ags.nordic:   <- 200, 39 bytes
2026-09-27 19:11:28,854 INFO    ags.ags.nordic: BookBeat: 0 träffar för 'Speaks the Nightbird [Dramatized Adaptation] Robert McCammon'
2026-09-27 19:11:29,088 WARNING ags.engine: matchning 'Speaks the Nightbird [Dramatized Adaptation]' -> ej matchad. Orsak: sökfråga rensad till 'Speaks the Nightbird [Dramatized Adaptation] Robert McCammon'
2026-09-27 19:11:29,147 INFO    ags.gui: ui-status: Söker: The Creepypasta Collection, 2
2026-09-27 19:11:29,147 INFO    ags.gui: ui-status: hämtar https://www.goodreads.com/search?page=1&q=The+Creepypasta+Collection%2C+2+MrCreepyPasta+-+edited+by%2C+Shannon+Condon%2C+Erik+Bloomquist
2026-09-27 19:11:29,613 INFO    ags.goodreads: GET https://www.goodreads.com/search?page=1&q=The+Creepypasta+Collection%2C+2+MrCreepyPasta+-+edited+by%2C+Shannon+Condon%2C+Erik+Bloomquist -> 200 (159663 byte)
2026-09-27 19:11:29,780 INFO    ags.gui: högerklick: Öppna i filhanterare (markera fil)
2026-09-27 19:11:30,040 INFO    ags.gui: öppnade filhanteraren för "C:\\Users\\monon\\Documents\\lazylibrarian\\M R James   Complete Ghost Stories\\01 - A Neighbour's Landmark.mp3"
2026-09-27 19:11:30,042 DEBUG   ags.gui: logg: tail
2026-09-27 19:11:30,648 INFO    ags.gui: ui-status: hämtar https://www.goodreads.com/search?page=1&q=The+Creepypasta+Collection%2C+MrCreepyPasta+-+edited+by%2C+Shannon+Condon%2C+Erik+Bloomquist
2026-09-27 19:11:31,072 INFO    ags.goodreads: GET https://www.goodreads.com/search?page=1&q=The+Creepypasta+Collection%2C+MrCreepyPasta+-+edited+by%2C+Shannon+Condon%2C+Erik+Bloomquist -> 200 (159641 byte)
2026-09-27 19:11:32,216 INFO    ags.gui: ui-status: hämtar https://www.goodreads.com/search?page=1&q=The+Creepypasta+2
2026-09-27 19:11:32,572 DEBUG   ags.gui: logg: tail
2026-09-27 19:11:33,985 INFO    ags.goodreads: GET https://www.goodreads.com/search?page=1&q=The+Creepypasta+2 -> 200 (480324 byte)
2026-09-27 19:11:34,084 INFO    ags.engine.match: goodreads gav 0 träffar för 'The Creepypasta Collection, 2 MrCreepyPasta - edited by, Shannon Condon, Erik Bloomquist' — provar originaltitlar via Wikipedia
2026-09-27 19:11:34,239 INFO    ags.engine.match: inga träffar för 'The Creepypasta Collection, 2 MrCreepyPasta - edited by, Shannon Condon, Erik Bloomquist' från goodreads/bridge — provar reservkällor
2026-09-27 19:11:34,240 DEBUG   ags.ags.nordic: GET https://www.storytel.com/api/search.action?request_locale=sv&q=The%20Creepypasta%20Collection%2C%202%20MrCreepyPasta%20-%20edited%20by%2C%20Shannon%20Condon%2C%20Erik%20Bloomquist
2026-09-27 19:11:34,259 INFO    ags.gui: ui-status: Provar reservkällor (Storytel/BookBeat/Open Library) …
2026-09-27 19:11:34,989 DEBUG   ags.ags.nordic:   <- 200, 29 bytes
2026-09-27 19:11:34,992 INFO    ags.ags.nordic: Storytel: 0 träffar för 'The Creepypasta Collection, 2 MrCreepyPasta - edited by, Shannon Condon, Erik Bloomquist'
2026-09-27 19:11:34,992 DEBUG   ags.ags.nordic: GET https://search-api.bookbeat.com/api/appsearch/suggest?includeErotic=false&market=sweden&query=The%20Creepypasta%20Collection%2C%202%20MrCreepyPasta%20-%20edited%20by%2C%20Shannon%20Condon%2C%20Erik%20Bloomquist&v=18
2026-09-27 19:11:35,121 DEBUG   ags.gui: logg: tail
2026-09-27 19:11:35,916 DEBUG   ags.ags.nordic:   <- 200, 39 bytes
2026-09-27 19:11:35,919 INFO    ags.ags.nordic: BookBeat: 0 träffar för 'The Creepypasta Collection, 2 MrCreepyPasta - edited by, Shannon Condon, Erik Bloomquist'
2026-09-27 19:11:36,260 INFO    ags.gui: ui-status: Söker: MrCreepyPasta - The Creepypasta Collection 2 mp3
2026-09-27 19:11:36,261 INFO    ags.gui: ui-status: hämtar https://www.goodreads.com/search?page=1&q=MrCreepyPasta+-+The+Creepypasta+Collection+2+mp3+MrCreepyPasta+-+edited+by%2C+Shannon+Condon%2C+Erik+Bloomquist
2026-09-27 19:11:36,644 INFO    ags.goodreads: GET https://www.goodreads.com/search?page=1&q=MrCreepyPasta+-+The+Creepypasta+Collection+2+mp3+MrCreepyPasta+-+edited+by%2C+Shannon+Condon%2C+Erik+Bloomquist -> 200 (159855 byte)
2026-09-27 19:11:37,645 DEBUG   ags.gui: logg: tail
2026-09-27 19:11:37,791 INFO    ags.gui: ui-status: hämtar https://www.goodreads.com/search?page=1&q=MrCreepyPasta+-+MrCreepyPasta+-+edited+by%2C+Shannon+Condon%2C+Erik+Bloomquist
2026-09-27 19:11:38,112 INFO    ags.goodreads: GET https://www.goodreads.com/search?page=1&q=MrCreepyPasta+-+MrCreepyPasta+-+edited+by%2C+Shannon+Condon%2C+Erik+Bloomquist -> 200 (159515 byte)
2026-09-27 19:11:39,292 INFO    ags.gui: ui-status: hämtar https://www.goodreads.com/search?page=1&q=MrCreepyPasta+-+2
2026-09-27 19:11:39,732 INFO    ags.goodreads: GET https://www.goodreads.com/search?page=1&q=MrCreepyPasta+-+2 -> 200 (244171 byte)
2026-09-27 19:11:39,801 INFO    ags.engine.match: goodreads gav 0 träffar för 'MrCreepyPasta - The Creepypasta Collection 2 mp3 MrCreepyPasta - edited by, Shannon Condon, Erik Bloomquist' — provar originaltitlar via Wikipedia
2026-09-27 19:11:39,968 INFO    ags.engine.match: inga träffar för 'MrCreepyPasta - The Creepypasta Collection 2 mp3 MrCreepyPasta - edited by, Shannon Condon, Erik Bloomquist' från goodreads/bridge — provar reservkällor
2026-09-27 19:11:39,969 DEBUG   ags.ags.nordic: GET https://www.storytel.com/api/search.action?request_locale=sv&q=MrCreepyPasta%20-%20The%20Creepypasta%20Collection%202%20mp3%20MrCreepyPasta%20-%20edited%20by%2C%20Shannon%20Condon%2C%20Erik%20Bloomquist
2026-09-27 19:11:40,041 INFO    ags.gui: ui-status: Provar reservkällor (Storytel/BookBeat/Open Library) …
2026-09-27 19:11:40,170 DEBUG   ags.gui: logg: tail
2026-09-27 19:11:40,947 DEBUG   ags.ags.nordic:   <- 200, 29 bytes
2026-09-27 19:11:40,949 INFO    ags.ags.nordic: Storytel: 0 träffar för 'MrCreepyPasta - The Creepypasta Collection 2 mp3 MrCreepyPasta - edited by, Shannon Condon, Erik Bloomquist'
2026-09-27 19:11:40,949 DEBUG   ags.ags.nordic: GET https://search-api.bookbeat.com/api/appsearch/suggest?includeErotic=false&market=sweden&query=MrCreepyPasta%20-%20The%20Creepypasta%20Collection%202%20mp3%20MrCreepyPasta%20-%20edited%20by%2C%20Shannon%20Condon%2C%20Erik%20Bloomquist&v=18
2026-09-27 19:11:41,906 DEBUG   ags.ags.nordic:   <- 200, 39 bytes
2026-09-27 19:11:41,909 INFO    ags.ags.nordic: BookBeat: 0 träffar för 'MrCreepyPasta - The Creepypasta Collection 2 mp3 MrCreepyPasta - edited by, Shannon Condon, Erik Bloomquist'
2026-09-27 19:11:42,177 INFO    ags.gui: ui-status: Söker: 1 Introduction
2026-09-27 19:11:42,178 INFO    ags.gui: ui-status: hämtar https://www.goodreads.com/search?page=1&q=1+Introduction+MrCreepyPasta+-+edited+by%2C+Shannon+Condon%2C+Erik+Bloomquist
2026-09-27 19:11:42,580 INFO    ags.goodreads: GET https://www.goodreads.com/search?page=1&q=1+Introduction+MrCreepyPasta+-+edited+by%2C+Shannon+Condon%2C+Erik+Bloomquist -> 200 (159754 byte)
2026-09-27 19:11:42,717 DEBUG   ags.gui: logg: tail
2026-09-27 19:11:43,744 INFO    ags.gui: ui-status: hämtar https://www.goodreads.com/search?page=1&q=1+Introduction+2
2026-09-27 19:11:45,249 DEBUG   ags.gui: logg: tail
2026-09-27 19:11:45,291 INFO    ags.goodreads: GET https://www.goodreads.com/search?page=1&q=1+Introduction+2 -> 200 (521940 byte)
2026-09-27 19:11:45,405 INFO    ags.engine.match: goodreads gav 0 träffar för '1 Introduction MrCreepyPasta - edited by, Shannon Condon, Erik Bloomquist' — provar originaltitlar via Wikipedia
2026-09-27 19:11:45,618 INFO    ags.engine.match: inga träffar för '1 Introduction MrCreepyPasta - edited by, Shannon Condon, Erik Bloomquist' från goodreads/bridge — provar reservkällor
2026-09-27 19:11:45,618 DEBUG   ags.ags.nordic: GET https://www.storytel.com/api/search.action?request_locale=sv&q=1%20Introduction%20MrCreepyPasta%20-%20edited%20by%2C%20Shannon%20Condon%2C%20Erik%20Bloomquist
2026-09-27 19:11:45,678 INFO    ags.gui: ui-status: Provar reservkällor (Storytel/BookBeat/Open Library) …
2026-09-27 19:11:46,489 DEBUG   ags.ags.nordic:   <- 200, 29 bytes
2026-09-27 19:11:46,492 INFO    ags.ags.nordic: Storytel: 0 träffar för '1 Introduction MrCreepyPasta - edited by, Shannon Condon, Erik Bloomquist'
2026-09-27 19:11:46,492 DEBUG   ags.ags.nordic: GET https://search-api.bookbeat.com/api/appsearch/suggest?includeErotic=false&market=sweden&query=1%20Introduction%20MrCreepyPasta%20-%20edited%20by%2C%20Shannon%20Condon%2C%20Erik%20Bloomquist&v=18
2026-09-27 19:11:47,454 DEBUG   ags.ags.nordic:   <- 200, 39 bytes
2026-09-27 19:11:47,456 INFO    ags.ags.nordic: BookBeat: 0 träffar för '1 Introduction MrCreepyPasta - edited by, Shannon Condon, Erik Bloomquist'
2026-09-27 19:11:47,769 DEBUG   ags.gui: logg: tail
2026-09-27 19:11:47,817 INFO    ags.gui: ui-status: Söker: Introduction
2026-09-27 19:11:47,817 INFO    ags.gui: ui-status: hämtar https://www.goodreads.com/search?page=1&q=Introduction+MrCreepyPasta+-+edited+by%2C+Shannon+Condon%2C+Erik+Bloomquist
2026-09-27 19:11:48,231 INFO    ags.goodreads: GET https://www.goodreads.com/search?page=1&q=Introduction+MrCreepyPasta+-+edited+by%2C+Shannon+Condon%2C+Erik+Bloomquist -> 200 (159689 byte)
2026-09-27 19:11:49,337 INFO    ags.gui: ui-status: hämtar https://www.goodreads.com/search?page=1&q=Introduction+2
2026-09-27 19:11:50,297 DEBUG   ags.gui: logg: tail
2026-09-27 19:11:52,829 DEBUG   ags.gui: logg: tail
2026-09-27 19:11:53,401 INFO    ags.goodreads: GET https://www.goodreads.com/search?page=1&q=Introduction+2 -> 200 (616714 byte)
2026-09-27 19:11:53,528 INFO    ags.engine.match: goodreads gav 0 träffar för 'Introduction MrCreepyPasta - edited by, Shannon Condon, Erik Bloomquist' — provar originaltitlar via Wikipedia
2026-09-27 19:11:53,722 INFO    ags.engine.match: inga träffar för 'Introduction MrCreepyPasta - edited by, Shannon Condon, Erik Bloomquist' från goodreads/bridge — provar reservkällor
2026-09-27 19:11:53,722 DEBUG   ags.ags.nordic: GET https://www.storytel.com/api/search.action?request_locale=sv&q=Introduction%20MrCreepyPasta%20-%20edited%20by%2C%20Shannon%20Condon%2C%20Erik%20Bloomquist
2026-09-27 19:11:53,743 INFO    ags.gui: ui-status: Provar reservkällor (Storytel/BookBeat/Open Library) …
2026-09-27 19:11:54,550 DEBUG   ags.ags.nordic:   <- 200, 29 bytes
2026-09-27 19:11:54,554 INFO    ags.ags.nordic: Storytel: 0 träffar för 'Introduction MrCreepyPasta - edited by, Shannon Condon, Erik Bloomquist'
2026-09-27 19:11:54,554 DEBUG   ags.ags.nordic: GET https://search-api.bookbeat.com/api/appsearch/suggest?includeErotic=false&market=sweden&query=Introduction%20MrCreepyPasta%20-%20edited%20by%2C%20Shannon%20Condon%2C%20Erik%20Bloomquist&v=18
2026-09-27 19:11:55,364 DEBUG   ags.gui: logg: tail
2026-09-27 19:11:55,482 DEBUG   ags.ags.nordic:   <- 200, 39 bytes
2026-09-27 19:11:55,485 INFO    ags.ags.nordic: BookBeat: 0 träffar för 'Introduction MrCreepyPasta - edited by, Shannon Condon, Erik Bloomquist'
2026-09-27 19:11:55,771 INFO    ags.gui: ui-status: Söker: The Creepypasta Collection, Volume
2026-09-27 19:11:55,772 INFO    ags.gui: ui-status: hämtar https://www.goodreads.com/search?page=1&q=The+Creepypasta+Collection%2C+Volume+MrCreepyPasta+-+edited+by%2C+Shannon+Condon%2C+Erik+Bloomquist
2026-09-27 19:11:57,891 DEBUG   ags.gui: logg: tail
2026-09-27 19:11:58,341 INFO    ags.goodreads: GET https://www.goodreads.com/search?page=1&q=The+Creepypasta+Collection%2C+Volume+MrCreepyPasta+-+edited+by%2C+Shannon+Condon%2C+Erik+Bloomquist -> 200 (159713 byte)
2026-09-27 19:11:58,639 INFO    ags.engine.match: goodreads gav 0 träffar för 'The Creepypasta Collection, Volume MrCreepyPasta - edited by, Shannon Condon, Erik Bloomquist' — provar originaltitlar via Wikipedia
2026-09-27 19:11:58,773 INFO    ags.engine.match: inga träffar för 'The Creepypasta Collection, Volume MrCreepyPasta - edited by, Shannon Condon, Erik Bloomquist' från goodreads/bridge — provar reservkällor
2026-09-27 19:11:58,773 DEBUG   ags.ags.nordic: GET https://www.storytel.com/api/search.action?request_locale=sv&q=The%20Creepypasta%20Collection%2C%20Volume%20MrCreepyPasta%20-%20edited%20by%2C%20Shannon%20Condon%2C%20Erik%20Bloomquist
2026-09-27 19:11:58,842 INFO    ags.gui: ui-status: Provar reservkällor (Storytel/BookBeat/Open Library) …
2026-09-27 19:12:00,068 DEBUG   ags.ags.nordic:   <- 200, 29 bytes
2026-09-27 19:12:00,070 INFO    ags.ags.nordic: Storytel: 0 träffar för 'The Creepypasta Collection, Volume MrCreepyPasta - edited by, Shannon Condon, Erik Bloomquist'
2026-09-27 19:12:00,070 DEBUG   ags.ags.nordic: GET https://search-api.bookbeat.com/api/appsearch/suggest?includeErotic=false&market=sweden&query=The%20Creepypasta%20Collection%2C%20Volume%20MrCreepyPasta%20-%20edited%20by%2C%20Shannon%20Condon%2C%20Erik%20Bloomquist&v=18
2026-09-27 19:12:00,431 DEBUG   ags.gui: logg: tail
2026-09-27 19:12:01,017 DEBUG   ags.ags.nordic:   <- 200, 39 bytes
2026-09-27 19:12:01,020 INFO    ags.ags.nordic: BookBeat: 0 träffar för 'The Creepypasta Collection, Volume MrCreepyPasta - edited by, Shannon Condon, Erik Bloomquist'
2026-09-27 19:12:01,271 WARNING ags.engine: matchning 'The Creepypasta Collection, Volume 2  (21 filer)' -> ej matchad. Orsak: sökfråga rensad till 'The Creepypasta Collection, Volume MrCreepyPasta - edited by, Shannon Condon, Erik Bloomquist'
2026-09-27 19:12:01,351 INFO    ags.gui: ui-status: Söker: lazylibrarian
2026-09-27 19:12:01,351 INFO    ags.gui: ui-status: hämtar https://www.goodreads.com/search?page=1&q=lazylibrarian+Gabriel+Garc%C3%ADa+M%C3%A1rquez%2C+Gregory+Rabassa+-+translator
2026-09-27 19:12:01,704 INFO    ags.goodreads: GET https://www.goodreads.com/search?page=1&q=lazylibrarian+Gabriel+Garc%C3%ADa+M%C3%A1rquez%2C+Gregory+Rabassa+-+translator -> 200 (159653 byte)
2026-09-27 19:12:01,748 INFO    ags.engine.match: goodreads gav 0 träffar för 'lazylibrarian Gabriel García Márquez, Gregory Rabassa - translator' — provar originaltitlar via Wikipedia
2026-09-27 19:12:01,749 INFO    ags.engine.match: inga träffar för 'lazylibrarian Gabriel García Márquez, Gregory Rabassa - translator' från goodreads/bridge — provar reservkällor
2026-09-27 19:12:01,749 DEBUG   ags.ags.nordic: GET https://www.storytel.com/api/search.action?request_locale=sv&q=lazylibrarian%20Gabriel%20Garc%C3%ADa%20M%C3%A1rquez%2C%20Gregory%20Rabassa%20-%20translator
2026-09-27 19:12:01,847 INFO    ags.gui: ui-status: Provar reservkällor (Storytel/BookBeat/Open Library) …
2026-09-27 19:12:02,548 DEBUG   ags.ags.nordic:   <- 200, 29 bytes
2026-09-27 19:12:02,551 INFO    ags.ags.nordic: Storytel: 0 träffar för 'lazylibrarian Gabriel García Márquez, Gregory Rabassa - translator'
2026-09-27 19:12:02,551 DEBUG   ags.ags.nordic: GET https://search-api.bookbeat.com/api/appsearch/suggest?includeErotic=false&market=sweden&query=lazylibrarian%20Gabriel%20Garc%C3%ADa%20M%C3%A1rquez%2C%20Gregory%20Rabassa%20-%20translator&v=18
2026-09-27 19:12:02,955 DEBUG   ags.gui: logg: tail
2026-09-27 19:12:03,532 DEBUG   ags.ags.nordic:   <- 200, 39 bytes
2026-09-27 19:12:03,535 INFO    ags.ags.nordic: BookBeat: 0 träffar för 'lazylibrarian Gabriel García Márquez, Gregory Rabassa - translator'
2026-09-27 19:12:05,280 INFO    ags.gui: ui-status: Söker: One Hundred Years of Solitude
2026-09-27 19:12:05,282 INFO    ags.gui: ui-status: hämtar https://www.goodreads.com/search?page=1&q=One+Hundred+Years+of+Solitude+Gabriel+Garc%C3%ADa+M%C3%A1rquez%2C+Gregory+Rabassa+-+translator
2026-09-27 19:12:05,475 DEBUG   ags.gui: logg: tail
2026-09-27 19:12:05,956 INFO    ags.goodreads: GET https://www.goodreads.com/search?page=1&q=One+Hundred+Years+of+Solitude+Gabriel+Garc%C3%ADa+M%C3%A1rquez%2C+Gregory+Rabassa+-+translator -> 200 (159615 byte)
2026-09-27 19:12:06,808 INFO    ags.gui: ui-status: hämtar https://www.goodreads.com/search?page=1&q=One+Hundred+Years+Gabriel+Garc%C3%ADa+M%C3%A1rquez%2C+Gregory+Rabassa+-+translator
2026-09-27 19:12:07,436 INFO    ags.goodreads: GET https://www.goodreads.com/search?page=1&q=One+Hundred+Years+Gabriel+Garc%C3%ADa+M%C3%A1rquez%2C+Gregory+Rabassa+-+translator -> 200 (159697 byte)
2026-09-27 19:12:07,458 INFO    ags.engine.match: goodreads gav 0 träffar för 'One Hundred Years of Solitude Gabriel García Márquez, Gregory Rabassa - translator' — provar originaltitlar via Wikipedia
2026-09-27 19:12:07,617 INFO    ags.engine.match: inga träffar för 'One Hundred Years of Solitude Gabriel García Márquez, Gregory Rabassa - translator' från goodreads/bridge — provar reservkällor
2026-09-27 19:12:07,617 DEBUG   ags.ags.nordic: GET https://www.storytel.com/api/search.action?request_locale=sv&q=One%20Hundred%20Years%20of%20Solitude%20Gabriel%20Garc%C3%ADa%20M%C3%A1rquez%2C%20Gregory%20Rabassa%20-%20translator
2026-09-27 19:12:07,691 INFO    ags.gui: ui-status: Provar reservkällor (Storytel/BookBeat/Open Library) …
2026-09-27 19:12:07,991 DEBUG   ags.gui: logg: tail
2026-09-27 19:12:08,914 DEBUG   ags.ags.nordic:   <- 200, 6521 bytes
2026-09-27 19:12:08,918 INFO    ags.ags.nordic: Storytel: 2 träffar för 'One Hundred Years of Solitude Gabriel García Márquez, Gregory Rabassa - translator'
2026-09-27 19:12:08,919 DEBUG   ags.ags.nordic: GET https://search-api.bookbeat.com/api/appsearch/suggest?includeErotic=false&market=sweden&query=One%20Hundred%20Years%20of%20Solitude%20Gabriel%20Garc%C3%ADa%20M%C3%A1rquez%2C%20Gregory%20Rabassa%20-%20translator&v=18
2026-09-27 19:12:10,124 DEBUG   ags.ags.nordic:   <- 200, 39 bytes
2026-09-27 19:12:10,127 INFO    ags.ags.nordic: BookBeat: 0 träffar för 'One Hundred Years of Solitude Gabriel García Márquez, Gregory Rabassa - translator'
2026-09-27 19:12:10,428 INFO    ags.engine.match: reservkälla gav 2 träffar för 'One Hundred Years of Solitude Gabriel García Márquez, Gregory Rabassa - translator' (källa=storytel)
2026-09-27 19:12:10,435 INFO    ags.engine: match 'One Hundred Years of Solitude (Unabridged)' -> 'Book Club: Gabriel Garcia Marquez\'s "One Hundred Years of Solitude" — The New York Times [The Book Review #517]' (0.42, ej matchad, minus 0.12)
2026-09-27 19:12:10,436 INFO    ags.engine: matchning 'One Hundred Years of Solitude (Unabridged)' -> ej matchad (källa=storytel, poäng=0.42) sökfråga rensad till 'One Hundred Years of Solitude Gabriel García Márquez, Gregory Rabassa - translator' | träffar från Storytel (Goodreads ej tillgänglig)
2026-09-27 19:12:10,448 INFO    ags.gui: ui-status: Söker: Pierce Brown - Morning Star
2026-09-27 19:12:10,448 INFO    ags.gui: ui-status: hämtar https://www.goodreads.com/search?page=1&q=Pierce+Brown+-+Morning+Star+Pierce+Brown
2026-09-27 19:12:10,509 DEBUG   ags.gui: logg: tail
2026-09-27 19:12:12,200 INFO    ags.goodreads: GET https://www.goodreads.com/search?page=1&q=Pierce+Brown+-+Morning+Star+Pierce+Brown -> 200 (551790 byte)
2026-09-27 19:12:12,535 INFO    ags.gui: ui-status: hämtar https://www.goodreads.com/search?page=1&q=Pierce+Brown+-+Pierce+Brown
2026-09-27 19:12:13,033 DEBUG   ags.gui: logg: tail
2026-09-27 19:12:13,247 INFO    ags.goodreads: GET https://www.goodreads.com/search?page=1&q=Pierce+Brown+-+Pierce+Brown -> 200 (634294 byte)
2026-09-27 19:12:14,081 INFO    ags.gui: ui-status: hämtar https://www.goodreads.com/search?page=1&q=Pierce+Brown+64
2026-09-27 19:12:14,382 INFO    ags.goodreads: GET https://www.goodreads.com/search?page=1&q=Pierce+Brown+64 -> 200 (159005 byte)
2026-09-27 19:12:14,404 INFO    ags.engine.match: goodreads gav 0 träffar för 'Pierce Brown - Morning Star Pierce Brown' — provar originaltitlar via Wikipedia
2026-09-27 19:12:14,603 INFO    ags.engine.match: inga träffar för 'Pierce Brown - Morning Star Pierce Brown' från goodreads/bridge — provar reservkällor
2026-09-27 19:12:14,603 DEBUG   ags.ags.nordic: GET https://www.storytel.com/api/search.action?request_locale=sv&q=Pierce%20Brown%20-%20Morning%20Star%20Pierce%20Brown
2026-09-27 19:12:14,725 INFO    ags.gui: ui-status: Provar reservkällor (Storytel/BookBeat/Open Library) …
2026-09-27 19:12:15,416 DEBUG   ags.ags.nordic:   <- 200, 13815 bytes
2026-09-27 19:12:15,418 INFO    ags.ags.nordic: Storytel: 4 träffar för 'Pierce Brown - Morning Star Pierce Brown'
2026-09-27 19:12:15,418 DEBUG   ags.ags.nordic: GET https://search-api.bookbeat.com/api/appsearch/suggest?includeErotic=false&market=sweden&query=Pierce%20Brown%20-%20Morning%20Star%20Pierce%20Brown&v=18
2026-09-27 19:12:15,575 DEBUG   ags.gui: logg: tail
2026-09-27 19:12:16,422 DEBUG   ags.ags.nordic:   <- 200, 39 bytes
2026-09-27 19:12:16,425 INFO    ags.ags.nordic: BookBeat: 0 träffar för 'Pierce Brown - Morning Star Pierce Brown'
2026-09-27 19:12:16,645 INFO    ags.engine.match: reservkälla gav 4 träffar för 'Pierce Brown - Morning Star Pierce Brown' (källa=storytel)
2026-09-27 19:12:16,664 INFO    ags.engine: match 'Morning Star (Unabridged)' -> 'Morning Star — Pierce Brown [Red Rising #3]' (0.75, behöver koll, minus 0.20)
2026-09-27 19:12:16,664 INFO    ags.engine: matchning 'Morning Star (Unabridged)' -> behöver koll (källa=storytel, poäng=0.75) sökfråga rensad till 'Pierce Brown - Morning Star Pierce Brown' | träffar från Storytel (Goodreads ej tillgänglig)
2026-09-27 19:12:16,725 INFO    ags.gui: ui-status: Söker: Royal Assassin 2
2026-09-27 19:12:16,726 INFO    ags.gui: ui-status: hämtar https://www.goodreads.com/search?page=1&q=Royal+Assassin+2+Robin+Hobb
2026-09-27 19:12:17,460 INFO    ags.goodreads: GET https://www.goodreads.com/search?page=1&q=Royal+Assassin+2+Robin+Hobb -> 200 (276595 byte)
2026-09-27 19:12:18,091 DEBUG   ags.gui: logg: tail
2026-09-27 19:12:18,213 INFO    ags.gui: ui-status: hämtar https://www.goodreads.com/search?page=1&q=Royal+Assassin+2
2026-09-27 19:12:19,618 INFO    ags.goodreads: GET https://www.goodreads.com/search?page=1&q=Royal+Assassin+2 -> 200 (460843 byte)
2026-09-27 19:12:19,729 INFO    ags.engine.match: goodreads gav 0 träffar för 'Royal Assassin 2 Robin Hobb' — provar originaltitlar via Wikipedia
2026-09-27 19:12:19,899 INFO    ags.engine.match: inga träffar för 'Royal Assassin 2 Robin Hobb' från goodreads/bridge — provar reservkällor
2026-09-27 19:12:19,899 DEBUG   ags.ags.nordic: GET https://www.storytel.com/api/search.action?request_locale=sv&q=Royal%20Assassin%202%20Robin%20Hobb
2026-09-27 19:12:19,994 INFO    ags.gui: ui-status: Provar reservkällor (Storytel/BookBeat/Open Library) …
2026-09-27 19:12:20,624 DEBUG   ags.gui: logg: tail
2026-09-27 19:12:20,673 DEBUG   ags.ags.nordic:   <- 200, 29 bytes
2026-09-27 19:12:20,675 INFO    ags.ags.nordic: Storytel: 0 träffar för 'Royal Assassin 2 Robin Hobb'
2026-09-27 19:12:20,675 DEBUG   ags.ags.nordic: GET https://search-api.bookbeat.com/api/appsearch/suggest?includeErotic=false&market=sweden&query=Royal%20Assassin%202%20Robin%20Hobb&v=18
2026-09-27 19:12:21,346 DEBUG   ags.ags.nordic:   <- 429, 53 bytes
2026-09-27 19:12:21,346 WARNING ags.ags.nordic: BookBeat-fel: 429 Client Error: Too Many Requests for url: https://search-api.bookbeat.com/api/appsearch/suggest?includeErotic=false&market=sweden&query=Royal%20Assassin%202%20Robin%20Hobb&v=18
2026-09-27 19:12:21,627 INFO    ags.engine.match: reservkälla gav 6 träffar för 'Royal Assassin 2 Robin Hobb' (källa=openlibrary)
2026-09-27 19:12:21,645 INFO    ags.engine: match 'Royal Assassin (The Farseer Trilogy, Book 2)' -> 'Royal Assassin (The Farseer Trilogy, Book 2) — Robin Hobb' (0.86, behöver koll, minus 0.06)
2026-09-27 19:12:21,645 INFO    ags.engine: matchning 'Royal Assassin (The Farseer Trilogy, Book 2)' -> behöver koll (källa=openlibrary, poäng=0.86) sökfråga rensad till 'Royal Assassin 2 Robin Hobb' | träffar från Open Library (Goodreads ej tillgänglig)
2026-09-27 19:12:23,154 DEBUG   ags.gui: logg: tail
2026-09-27 19:12:25,688 DEBUG   ags.gui: logg: tail
2026-09-27 19:12:25,753 INFO    ags.gui: historikfråga 'An Unwitting Prince': hoppa över
2026-09-27 19:12:25,753 INFO    ags.engine: matchning 'An Unwitting Prince' -> klar (historik) via gr:60378765, ingen sökning görs
2026-09-27 19:12:25,885 INFO    ags.gui: ui-status: Söker: Dispute
2026-09-27 19:12:25,885 INFO    ags.gui: ui-status: hämtar https://www.goodreads.com/search?page=1&q=Dispute+Sean+Oswald
2026-09-27 19:12:26,430 INFO    ags.goodreads: GET https://www.goodreads.com/search?page=1&q=Dispute+Sean+Oswald -> 200 (242279 byte)
2026-09-27 19:12:27,371 INFO    ags.gui: ui-status: hämtar https://www.goodreads.com/search?page=1&q=Dispute+8
2026-09-27 19:12:27,416 DEBUG   ags.gui: högerklicksmeny öppnad
2026-09-27 19:12:27,422 DEBUG   ags.gui: detaljvy uppdaterad
2026-09-27 19:12:28,210 DEBUG   ags.gui: logg: tail
2026-09-27 19:12:28,764 INFO    ags.goodreads: GET https://www.goodreads.com/search?page=1&q=Dispute+8 -> 200 (477299 byte)
2026-09-27 19:12:28,854 INFO    ags.engine.match: goodreads gav 0 träffar för 'Dispute Sean Oswald' — provar originaltitlar via Wikipedia
2026-09-27 19:12:29,041 INFO    ags.engine.match: inga träffar för 'Dispute Sean Oswald' från goodreads/bridge — provar reservkällor
2026-09-27 19:12:29,041 DEBUG   ags.ags.nordic: GET https://www.storytel.com/api/search.action?request_locale=sv&q=Dispute%20Sean%20Oswald
2026-09-27 19:12:29,101 INFO    ags.gui: högerklick: Klistra in Goodreads-länk
2026-09-27 19:12:29,217 INFO    ags.gui: ui-status: Provar reservkällor (Storytel/BookBeat/Open Library) …
2026-09-27 19:12:29,860 DEBUG   ags.ags.nordic:   <- 200, 29 bytes
2026-09-27 19:12:29,863 INFO    ags.ags.nordic: Storytel: 0 träffar för 'Dispute Sean Oswald'
2026-09-27 19:12:29,864 DEBUG   ags.ags.nordic: GET https://search-api.bookbeat.com/api/appsearch/suggest?includeErotic=false&market=sweden&query=Dispute%20Sean%20Oswald&v=18
2026-09-27 19:12:30,679 DEBUG   ags.ags.nordic:   <- 200, 38 bytes
2026-09-27 19:12:30,682 INFO    ags.ags.nordic: BookBeat: 0 träffar för 'Dispute Sean Oswald'
2026-09-27 19:12:30,744 DEBUG   ags.gui: logg: tail
2026-09-27 19:12:30,964 INFO    ags.engine.match: reservkälla gav 1 träffar för 'Dispute Sean Oswald' (källa=openlibrary)
2026-09-27 19:12:30,968 INFO    ags.engine: match 'Dispute (Unabridged)' -> 'Dispute: Welcome to the Multiverse — Sean Oswald' (0.81, behöver koll, minus 0.06)
2026-09-27 19:12:30,968 INFO    ags.engine: matchning 'Dispute (Unabridged)' -> behöver koll (källa=openlibrary, poäng=0.81) sökfråga rensad till 'Dispute Sean Oswald' | träffar från Open Library (Goodreads ej tillgänglig)
2026-09-27 19:12:31,068 INFO    ags.gui: ui-status: Söker: Collapse: Welcome to the Multiverse, 3
2026-09-27 19:12:31,069 INFO    ags.gui: ui-status: hämtar https://www.goodreads.com/search?page=1&q=Collapse%3A+Welcome+to+the+Multiverse%2C+3+Sean+Oswald
2026-09-27 19:12:31,178 WARNING ags.gui: jobb 'Hämtar från länk' HOPPAS ÖVER: ett annat jobb pågår redan
2026-09-27 19:12:31,583 INFO    ags.goodreads: GET https://www.goodreads.com/search?page=1&q=Collapse%3A+Welcome+to+the+Multiverse%2C+3+Sean+Oswald -> 200 (196507 byte)
2026-09-27 19:12:31,897 INFO    ags.engine: match 'Collapse: Welcome to the Multiverse, Book 3' -> 'Collapse — Sean Oswald [Welcome to the Multiverse #3]' (1.00, matchad)
2026-09-27 19:12:31,897 INFO    ags.engine: hoppar över 'Collapse: Welcome to the Multiverse, Book 3' — redan färdigbehandlad
2026-09-27 19:12:31,897 INFO    ags.engine: matchning 'Collapse: Welcome to the Multiverse, Book 3' -> klar (historik) (källa=goodreads, poäng=1.00) sökfråga rensad till 'Collapse: Welcome to the Multiverse, 3 Sean Oswald'
2026-09-27 19:12:32,011 INFO    ags.gui: ui-status: Söker: 3, Silo Saga
2026-09-27 19:12:32,508 INFO    ags.gui: ui-status: hämtar https://www.goodreads.com/search?page=1&q=3%2C+Silo+Saga+Hugh+Howey
2026-09-27 19:12:33,161 INFO    ags.goodreads: GET https://www.goodreads.com/search?page=1&q=3%2C+Silo+Saga+Hugh+Howey -> 200 (304064 byte)
2026-09-27 19:12:33,274 DEBUG   ags.gui: logg: tail
2026-09-27 19:12:34,038 INFO    ags.gui: ui-status: hämtar https://www.goodreads.com/search?page=1&q=3%2C+Silo+1
2026-09-27 19:12:35,789 INFO    ags.goodreads: GET https://www.goodreads.com/search?page=1&q=3%2C+Silo+1 -> 200 (532303 byte)
2026-09-27 19:12:35,793 DEBUG   ags.gui: logg: tail
2026-09-27 19:12:35,899 INFO    ags.engine.match: goodreads gav 0 träffar för '3, Silo Saga Hugh Howey' — provar originaltitlar via Wikipedia
2026-09-27 19:12:36,059 INFO    ags.engine.match: inga träffar för '3, Silo Saga Hugh Howey' från goodreads/bridge — provar reservkällor
2026-09-27 19:12:36,060 DEBUG   ags.ags.nordic: GET https://www.storytel.com/api/search.action?request_locale=sv&q=3%2C%20Silo%20Saga%20Hugh%20Howey
2026-09-27 19:12:36,083 INFO    ags.gui: ui-status: Provar reservkällor (Storytel/BookBeat/Open Library) …
2026-09-27 19:12:36,829 DEBUG   ags.ags.nordic:   <- 200, 29 bytes
2026-09-27 19:12:36,831 INFO    ags.ags.nordic: Storytel: 0 träffar för '3, Silo Saga Hugh Howey'
2026-09-27 19:12:36,831 DEBUG   ags.ags.nordic: GET https://search-api.bookbeat.com/api/appsearch/suggest?includeErotic=false&market=sweden&query=3%2C%20Silo%20Saga%20Hugh%20Howey&v=18
2026-09-27 19:12:37,598 DEBUG   ags.ags.nordic:   <- 200, 38 bytes
2026-09-27 19:12:37,601 INFO    ags.ags.nordic: BookBeat: 0 träffar för '3, Silo Saga Hugh Howey'
2026-09-27 19:12:37,930 INFO    ags.gui: ui-status: Söker: Shift Omnibus Edition: Shift 1
2026-09-27 19:12:37,932 INFO    ags.gui: ui-status: hämtar https://www.goodreads.com/search?page=1&q=Shift+Omnibus+Edition%3A+Shift+1+Hugh+Howey
2026-09-27 19:12:38,321 DEBUG   ags.gui: logg: tail
2026-09-27 19:12:38,362 INFO    ags.goodreads: GET https://www.goodreads.com/search?page=1&q=Shift+Omnibus+Edition%3A+Shift+1+Hugh+Howey -> 200 (159278 byte)
2026-09-27 19:12:39,328 DEBUG   ags.gui: detaljvy uppdaterad
2026-09-27 19:12:39,502 INFO    ags.gui: ui-status: hämtar https://www.goodreads.com/search?page=1&q=Shift+Omnibus+Edition%3A+Hugh+Howey
2026-09-27 19:12:40,023 INFO    ags.goodreads: GET https://www.goodreads.com/search?page=1&q=Shift+Omnibus+Edition%3A+Hugh+Howey -> 200 (197550 byte)
2026-09-27 19:12:40,853 DEBUG   ags.gui: logg: tail
2026-09-27 19:12:41,011 INFO    ags.gui: ui-status: hämtar https://www.goodreads.com/search?page=1&q=Shift+Omnibus+1
2026-09-27 19:12:41,925 INFO    ags.goodreads: GET https://www.goodreads.com/search?page=1&q=Shift+Omnibus+1 -> 200 (583394 byte)
2026-09-27 19:12:42,072 INFO    ags.engine.match: goodreads gav 0 träffar för 'Shift Omnibus Edition: Shift 1 Hugh Howey' — provar originaltitlar via Wikipedia
2026-09-27 19:12:42,260 INFO    ags.engine.match: inga träffar för 'Shift Omnibus Edition: Shift 1 Hugh Howey' från goodreads/bridge — provar reservkällor
2026-09-27 19:12:42,260 DEBUG   ags.ags.nordic: GET https://www.storytel.com/api/search.action?request_locale=sv&q=Shift%20Omnibus%20Edition%3A%20Shift%201%20Hugh%20Howey
2026-09-27 19:12:42,364 INFO    ags.gui: ui-status: Provar reservkällor (Storytel/BookBeat/Open Library) …
2026-09-27 19:12:43,008 DEBUG   ags.ags.nordic:   <- 200, 29 bytes
2026-09-27 19:12:43,012 INFO    ags.ags.nordic: Storytel: 0 träffar för 'Shift Omnibus Edition: Shift 1 Hugh Howey'
2026-09-27 19:12:43,012 DEBUG   ags.ags.nordic: GET https://search-api.bookbeat.com/api/appsearch/suggest?includeErotic=false&market=sweden&query=Shift%20Omnibus%20Edition%3A%20Shift%201%20Hugh%20Howey&v=18
2026-09-27 19:12:43,149 DEBUG   ags.gui: detaljvy uppdaterad
2026-09-27 19:12:43,420 DEBUG   ags.gui: logg: tail
2026-09-27 19:12:43,856 DEBUG   ags.ags.nordic:   <- 200, 38 bytes
2026-09-27 19:12:43,859 INFO    ags.ags.nordic: BookBeat: 0 träffar för 'Shift Omnibus Edition: Shift 1 Hugh Howey'
2026-09-27 19:12:44,332 INFO    ags.gui: ui-status: Söker: Shift Omnibus - Hugh Howey
2026-09-27 19:12:44,332 INFO    ags.gui: ui-status: hämtar https://www.goodreads.com/search?page=1&q=Shift+Omnibus+-+Hugh+Howey+Hugh+Howey
2026-09-27 19:12:44,785 INFO    ags.goodreads: GET https://www.goodreads.com/search?page=1&q=Shift+Omnibus+-+Hugh+Howey+Hugh+Howey -> 200 (197543 byte)
2026-09-27 19:12:45,825 INFO    ags.gui: ui-status: hämtar https://www.goodreads.com/search?page=1&q=Shift+Omnibus+-+Hugh+Howey
2026-09-27 19:12:45,950 DEBUG   ags.gui: logg: tail
2026-09-27 19:12:46,324 INFO    ags.goodreads: GET https://www.goodreads.com/search?page=1&q=Shift+Omnibus+-+Hugh+Howey -> 200 (197440 byte)
2026-09-27 19:12:46,468 INFO    ags.engine.match: goodreads gav 0 träffar för 'Shift Omnibus - Hugh Howey Hugh Howey' — provar originaltitlar via Wikipedia
2026-09-27 19:12:46,636 INFO    ags.engine.match: inga träffar för 'Shift Omnibus - Hugh Howey Hugh Howey' från goodreads/bridge — provar reservkällor
2026-09-27 19:12:46,636 DEBUG   ags.ags.nordic: GET https://www.storytel.com/api/search.action?request_locale=sv&q=Shift%20Omnibus%20-%20Hugh%20Howey%20Hugh%20Howey
2026-09-27 19:12:46,743 INFO    ags.gui: ui-status: Provar reservkällor (Storytel/BookBeat/Open Library) …
2026-09-27 19:12:47,411 DEBUG   ags.ags.nordic:   <- 200, 29 bytes
2026-09-27 19:12:47,414 INFO    ags.ags.nordic: Storytel: 0 träffar för 'Shift Omnibus - Hugh Howey Hugh Howey'
2026-09-27 19:12:47,414 DEBUG   ags.ags.nordic: GET https://search-api.bookbeat.com/api/appsearch/suggest?includeErotic=false&market=sweden&query=Shift%20Omnibus%20-%20Hugh%20Howey%20Hugh%20Howey&v=18
2026-09-27 19:12:48,236 DEBUG   ags.ags.nordic:   <- 200, 38 bytes
2026-09-27 19:12:48,237 INFO    ags.ags.nordic: BookBeat: 0 träffar för 'Shift Omnibus - Hugh Howey Hugh Howey'
2026-09-27 19:12:48,492 DEBUG   ags.gui: logg: tail
2026-09-27 19:12:48,552 INFO    ags.gui: ui-status: Söker: ShiftOmnibusEditionUnabridgedPart
2026-09-27 19:12:48,553 INFO    ags.gui: ui-status: hämtar https://www.goodreads.com/search?page=1&q=ShiftOmnibusEditionUnabridgedPart+Hugh+Howey
2026-09-27 19:12:49,121 INFO    ags.goodreads: GET https://www.goodreads.com/search?page=1&q=ShiftOmnibusEditionUnabridgedPart+Hugh+Howey -> 200 (159339 byte)
2026-09-27 19:12:50,075 INFO    ags.gui: ui-status: hämtar https://www.goodreads.com/search?page=1&q=ShiftOmnibusEditionUnabridgedPart+1
2026-09-27 19:12:50,404 INFO    ags.goodreads: GET https://www.goodreads.com/search?page=1&q=ShiftOmnibusEditionUnabridgedPart+1 -> 200 (159247 byte)
2026-09-27 19:12:50,448 INFO    ags.engine.match: goodreads gav 0 träffar för 'ShiftOmnibusEditionUnabridgedPart Hugh Howey' — provar originaltitlar via Wikipedia
2026-09-27 19:12:50,615 INFO    ags.engine.match: inga träffar för 'ShiftOmnibusEditionUnabridgedPart Hugh Howey' från goodreads/bridge — provar reservkällor
2026-09-27 19:12:50,616 DEBUG   ags.ags.nordic: GET https://www.storytel.com/api/search.action?request_locale=sv&q=ShiftOmnibusEditionUnabridgedPart%20Hugh%20Howey
2026-09-27 19:12:50,700 INFO    ags.gui: ui-status: Provar reservkällor (Storytel/BookBeat/Open Library) …
2026-09-27 19:12:51,010 DEBUG   ags.gui: logg: tail
2026-09-27 19:12:51,565 DEBUG   ags.ags.nordic:   <- 200, 29 bytes
2026-09-27 19:12:51,568 INFO    ags.ags.nordic: Storytel: 0 träffar för 'ShiftOmnibusEditionUnabridgedPart Hugh Howey'
2026-09-27 19:12:51,568 DEBUG   ags.ags.nordic: GET https://search-api.bookbeat.com/api/appsearch/suggest?includeErotic=false&market=sweden&query=ShiftOmnibusEditionUnabridgedPart%20Hugh%20Howey&v=18
2026-09-27 19:12:52,405 DEBUG   ags.ags.nordic:   <- 200, 39 bytes
2026-09-27 19:12:52,408 INFO    ags.ags.nordic: BookBeat: 0 träffar för 'ShiftOmnibusEditionUnabridgedPart Hugh Howey'
2026-09-27 19:12:52,727 INFO    ags.gui: ui-status: Söker: Shift Omnibus Edition: Shift 1-3, Silo Saga
2026-09-27 19:12:52,727 INFO    ags.gui: ui-status: hämtar https://www.goodreads.com/search?page=1&q=Shift+Omnibus+Edition%3A+Shift+1-3%2C+Silo+Saga+Hugh+Howey
2026-09-27 19:12:53,089 INFO    ags.goodreads: GET https://www.goodreads.com/search?page=1&q=Shift+Omnibus+Edition%3A+Shift+1-3%2C+Silo+Saga+Hugh+Howey -> 200 (159519 byte)
2026-09-27 19:12:53,257 INFO    ags.engine.match: goodreads gav 0 träffar för 'Shift Omnibus Edition: Shift 1-3, Silo Saga Hugh Howey' — provar originaltitlar via Wikipedia
2026-09-27 19:12:53,458 INFO    ags.engine.match: inga träffar för 'Shift Omnibus Edition: Shift 1-3, Silo Saga Hugh Howey' från goodreads/bridge — provar reservkällor
2026-09-27 19:12:53,458 DEBUG   ags.ags.nordic: GET https://www.storytel.com/api/search.action?request_locale=sv&q=Shift%20Omnibus%20Edition%3A%20Shift%201-3%2C%20Silo%20Saga%20Hugh%20Howey
2026-09-27 19:12:53,500 INFO    ags.gui: ui-status: Provar reservkällor (Storytel/BookBeat/Open Library) …
2026-09-27 19:12:53,534 DEBUG   ags.gui: logg: tail
2026-09-27 19:12:54,366 DEBUG   ags.ags.nordic:   <- 200, 29 bytes
2026-09-27 19:12:54,369 INFO    ags.ags.nordic: Storytel: 0 träffar för 'Shift Omnibus Edition: Shift 1-3, Silo Saga Hugh Howey'
2026-09-27 19:12:54,369 DEBUG   ags.ags.nordic: GET https://search-api.bookbeat.com/api/appsearch/suggest?includeErotic=false&market=sweden&query=Shift%20Omnibus%20Edition%3A%20Shift%201-3%2C%20Silo%20Saga%20Hugh%20Howey&v=18
2026-09-27 19:12:55,319 DEBUG   ags.ags.nordic:   <- 200, 39 bytes
2026-09-27 19:12:55,322 INFO    ags.ags.nordic: BookBeat: 0 träffar för 'Shift Omnibus Edition: Shift 1-3, Silo Saga Hugh Howey'
2026-09-27 19:12:55,631 WARNING ags.engine: matchning 'Shift Omnibus Edition (Unabridged)  (3 filer)' -> ej matchad. Orsak: sökfråga rensad till 'Shift Omnibus Edition: Shift 1-3, Silo Saga Hugh Howey'
2026-09-27 19:12:55,670 INFO    ags.gui: ui-status: Söker: lazylibrarian
2026-09-27 19:12:55,670 INFO    ags.gui: ui-status: hämtar https://www.goodreads.com/search?page=1&q=lazylibrarian+The+Alchemist+of+All+Hallows+Eve
2026-09-27 19:12:56,061 INFO    ags.goodreads: GET https://www.goodreads.com/search?page=1&q=lazylibrarian+The+Alchemist+of+All+Hallows+Eve -> 200 (159324 byte)
2026-09-27 19:12:56,062 DEBUG   ags.gui: logg: tail
2026-09-27 19:12:57,163 INFO    ags.gui: ui-status: hämtar https://www.goodreads.com/search?page=1&q=lazylibrarian+10
2026-09-27 19:12:57,549 INFO    ags.goodreads: GET https://www.goodreads.com/search?page=1&q=lazylibrarian+10 -> 200 (158974 byte)
2026-09-27 19:12:57,572 INFO    ags.engine.match: goodreads gav 0 träffar för 'lazylibrarian The Alchemist of All Hallows Eve' — provar originaltitlar via Wikipedia
2026-09-27 19:12:57,573 INFO    ags.engine.match: inga träffar för 'lazylibrarian The Alchemist of All Hallows Eve' från goodreads/bridge — provar reservkällor
2026-09-27 19:12:57,573 DEBUG   ags.ags.nordic: GET https://www.storytel.com/api/search.action?request_locale=sv&q=lazylibrarian%20The%20Alchemist%20of%20All%20Hallows%20Eve
2026-09-27 19:12:57,652 INFO    ags.gui: ui-status: Provar reservkällor (Storytel/BookBeat/Open Library) …
2026-09-27 19:12:58,428 DEBUG   ags.ags.nordic:   <- 200, 29 bytes
2026-09-27 19:12:58,431 INFO    ags.ags.nordic: Storytel: 0 träffar för 'lazylibrarian The Alchemist of All Hallows Eve'
2026-09-27 19:12:58,432 DEBUG   ags.ags.nordic: GET https://search-api.bookbeat.com/api/appsearch/suggest?includeErotic=false&market=sweden&query=lazylibrarian%20The%20Alchemist%20of%20All%20Hallows%20Eve&v=18
2026-09-27 19:12:58,588 DEBUG   ags.gui: logg: tail
2026-09-27 19:12:59,502 DEBUG   ags.ags.nordic:   <- 200, 39 bytes
2026-09-27 19:12:59,505 INFO    ags.ags.nordic: BookBeat: 0 träffar för 'lazylibrarian The Alchemist of All Hallows Eve'
2026-09-27 19:13:01,115 DEBUG   ags.gui: logg: tail
2026-09-27 19:13:01,473 INFO    ags.gui: ui-status: Söker: The Alchemist of All Hallows Eve - Accidental Alchemist Mysteries, Book 10
2026-09-27 19:13:01,474 INFO    ags.gui: ui-status: hämtar https://www.goodreads.com/search?page=1&q=The+Alchemist+of+All+Hallows+Eve+-+Accidental+Alchemist+Mysteries%2C+Book+10+The+Alchemist+of+All+Hallows+Eve
2026-09-27 19:13:01,781 INFO    ags.goodreads: GET https://www.goodreads.com/search?page=1&q=The+Alchemist+of+All+Hallows+Eve+-+Accidental+Alchemist+Mysteries%2C+Book+10+The+Alchemist+of+All+Hallows+Eve -> 200 (159857 byte)
2026-09-27 19:13:02,875 INFO    ags.gui: ui-status: hämtar https://www.goodreads.com/search?page=1&q=The+Alchemist+The+Alchemist+of+All+Hallows+Eve
2026-09-27 19:13:03,443 INFO    ags.goodreads: GET https://www.goodreads.com/search?page=1&q=The+Alchemist+The+Alchemist+of+All+Hallows+Eve -> 200 (220483 byte)
2026-09-27 19:13:03,643 DEBUG   ags.gui: logg: tail
2026-09-27 19:13:04,414 INFO    ags.gui: ui-status: hämtar https://www.goodreads.com/search?page=1&q=The+Alchemist+10
2026-09-27 19:13:05,114 INFO    ags.goodreads: GET https://www.goodreads.com/search?page=1&q=The+Alchemist+10 -> 200 (542470 byte)
2026-09-27 19:13:05,236 INFO    ags.engine.match: goodreads gav 0 träffar för 'The Alchemist of All Hallows Eve - Accidental Alchemist Mysteries, Book 10 The Alchemist of All Hallows Eve' — provar originaltitlar via Wikipedia
2026-09-27 19:13:05,416 INFO    ags.engine.match: inga träffar för 'The Alchemist of All Hallows Eve - Accidental Alchemist Mysteries, Book 10 The Alchemist of All Hallows Eve' från goodreads/bridge — provar reservkällor
2026-09-27 19:13:05,417 DEBUG   ags.ags.nordic: GET https://www.storytel.com/api/search.action?request_locale=sv&q=The%20Alchemist%20of%20All%20Hallows%20Eve%20-%20Accidental%20Alchemist%20Mysteries%2C%20Book%2010%20The%20Alchemist%20of%20All%20Hallows%20Eve
2026-09-27 19:13:05,429 INFO    ags.gui: ui-status: Provar reservkällor (Storytel/BookBeat/Open Library) …
2026-09-27 19:13:06,171 DEBUG   ags.gui: logg: tail
2026-09-27 19:13:06,306 DEBUG   ags.ags.nordic:   <- 200, 29 bytes
2026-09-27 19:13:06,309 INFO    ags.ags.nordic: Storytel: 0 träffar för 'The Alchemist of All Hallows Eve - Accidental Alchemist Mysteries, Book 10 The Alchemist of All Hallows Eve'
2026-09-27 19:13:06,309 DEBUG   ags.ags.nordic: GET https://search-api.bookbeat.com/api/appsearch/suggest?includeErotic=false&market=sweden&query=The%20Alchemist%20of%20All%20Hallows%20Eve%20-%20Accidental%20Alchemist%20Mysteries%2C%20Book%2010%20The%20Alchemist%20of%20All%20Hallows%20Eve&v=18
2026-09-27 19:13:07,307 DEBUG   ags.ags.nordic:   <- 200, 39 bytes
2026-09-27 19:13:07,308 INFO    ags.ags.nordic: BookBeat: 0 träffar för 'The Alchemist of All Hallows Eve - Accidental Alchemist Mysteries, Book 10 The Alchemist of All Hallows Eve'
2026-09-27 19:13:07,588 INFO    ags.gui: ui-status: Söker: The Alchemist of All Hallows Eve - Accidental Alchemist Mysteries, Book
2026-09-27 19:13:07,588 INFO    ags.gui: ui-status: hämtar https://www.goodreads.com/search?page=1&q=The+Alchemist+of+All+Hallows+Eve+-+Accidental+Alchemist+Mysteries%2C+Book+The+Alchemist+of+All+Hallows+Eve
2026-09-27 19:13:08,263 INFO    ags.goodreads: GET https://www.goodreads.com/search?page=1&q=The+Alchemist+of+All+Hallows+Eve+-+Accidental+Alchemist+Mysteries%2C+Book+The+Alchemist+of+All+Hallows+Eve -> 200 (193105 byte)
2026-09-27 19:13:08,466 INFO    ags.engine.match: goodreads gav 0 träffar för 'The Alchemist of All Hallows Eve - Accidental Alchemist Mysteries, Book The Alchemist of All Hallows Eve' — provar originaltitlar via Wikipedia
2026-09-27 19:13:08,625 INFO    ags.engine.match: inga träffar för 'The Alchemist of All Hallows Eve - Accidental Alchemist Mysteries, Book The Alchemist of All Hallows Eve' från goodreads/bridge — provar reservkällor
2026-09-27 19:13:08,626 DEBUG   ags.ags.nordic: GET https://www.storytel.com/api/search.action?request_locale=sv&q=The%20Alchemist%20of%20All%20Hallows%20Eve%20-%20Accidental%20Alchemist%20Mysteries%2C%20Book%20The%20Alchemist%20of%20All%20Hallows%20Eve
2026-09-27 19:13:08,695 DEBUG   ags.gui: logg: tail
2026-09-27 19:13:08,728 INFO    ags.gui: ui-status: Provar reservkällor (Storytel/BookBeat/Open Library) …
2026-09-27 19:13:09,376 DEBUG   ags.ags.nordic:   <- 200, 29 bytes
2026-09-27 19:13:09,379 INFO    ags.ags.nordic: Storytel: 0 träffar för 'The Alchemist of All Hallows Eve - Accidental Alchemist Mysteries, Book The Alchemist of All Hallows Eve'
2026-09-27 19:13:09,379 DEBUG   ags.ags.nordic: GET https://search-api.bookbeat.com/api/appsearch/suggest?includeErotic=false&market=sweden&query=The%20Alchemist%20of%20All%20Hallows%20Eve%20-%20Accidental%20Alchemist%20Mysteries%2C%20Book%20The%20Alchemist%20of%20All%20Hallows%20Eve&v=18
2026-09-27 19:13:10,315 DEBUG   ags.ags.nordic:   <- 200, 39 bytes
2026-09-27 19:13:10,318 INFO    ags.ags.nordic: BookBeat: 0 träffar för 'The Alchemist of All Hallows Eve - Accidental Alchemist Mysteries, Book The Alchemist of All Hallows Eve'
2026-09-27 19:13:10,761 INFO    ags.gui: ui-status: Söker: The Alchemist of All Hallows Eve - Accidental Alchemist Mysteries,
2026-09-27 19:13:10,761 INFO    ags.gui: ui-status: hämtar https://www.goodreads.com/search?page=1&q=The+Alchemist+of+All+Hallows+Eve+-+Accidental+Alchemist+Mysteries%2C+The+Alchemist+of+All+Hallows+Eve
2026-09-27 19:13:11,211 DEBUG   ags.gui: logg: tail
2026-09-27 19:13:11,293 INFO    ags.goodreads: GET https://www.goodreads.com/search?page=1&q=The+Alchemist+of+All+Hallows+Eve+-+Accidental+Alchemist+Mysteries%2C+The+Alchemist+of+All+Hallows+Eve -> 200 (220920 byte)
2026-09-27 19:13:11,508 INFO    ags.engine.match: goodreads gav 0 träffar för 'The Alchemist of All Hallows Eve - Accidental Alchemist Mysteries, The Alchemist of All Hallows Eve' — provar originaltitlar via Wikipedia
2026-09-27 19:13:11,682 INFO    ags.engine.match: inga träffar för 'The Alchemist of All Hallows Eve - Accidental Alchemist Mysteries, The Alchemist of All Hallows Eve' från goodreads/bridge — provar reservkällor
2026-09-27 19:13:11,682 DEBUG   ags.ags.nordic: GET https://www.storytel.com/api/search.action?request_locale=sv&q=The%20Alchemist%20of%20All%20Hallows%20Eve%20-%20Accidental%20Alchemist%20Mysteries%2C%20The%20Alchemist%20of%20All%20Hallows%20Eve
2026-09-27 19:13:11,759 INFO    ags.gui: ui-status: Provar reservkällor (Storytel/BookBeat/Open Library) …
2026-09-27 19:13:12,460 DEBUG   ags.ags.nordic:   <- 200, 29 bytes
2026-09-27 19:13:12,463 INFO    ags.ags.nordic: Storytel: 0 träffar för 'The Alchemist of All Hallows Eve - Accidental Alchemist Mysteries, The Alchemist of All Hallows Eve'
2026-09-27 19:13:12,464 DEBUG   ags.ags.nordic: GET https://search-api.bookbeat.com/api/appsearch/suggest?includeErotic=false&market=sweden&query=The%20Alchemist%20of%20All%20Hallows%20Eve%20-%20Accidental%20Alchemist%20Mysteries%2C%20The%20Alchemist%20of%20All%20Hallows%20Eve&v=18
2026-09-27 19:13:13,354 DEBUG   ags.ags.nordic:   <- 200, 39 bytes
2026-09-27 19:13:13,357 INFO    ags.ags.nordic: BookBeat: 0 träffar för 'The Alchemist of All Hallows Eve - Accidental Alchemist Mysteries, The Alchemist of All Hallows Eve'
2026-09-27 19:13:13,611 WARNING ags.engine: matchning 'The Alchemist of All Hallows Eve - Accidental Alchemist Mysteries, Book 10' -> ej matchad. Orsak: sökfråga rensad till 'The Alchemist of All Hallows Eve - Accidental Alchemist Mysteries, The Alchemist of All Hallows Eve'
2026-09-27 19:13:13,637 INFO    ags.gui: ui-status: Söker: lazylibrarian
2026-09-27 19:13:13,638 INFO    ags.gui: ui-status: hämtar https://www.goodreads.com/search?page=1&q=lazylibrarian+Eli+Snow
2026-09-27 19:13:13,743 DEBUG   ags.gui: logg: tail
2026-09-27 19:13:14,125 INFO    ags.goodreads: GET https://www.goodreads.com/search?page=1&q=lazylibrarian+Eli+Snow -> 200 (159060 byte)
2026-09-27 19:13:14,153 INFO    ags.engine.match: goodreads gav 0 träffar för 'lazylibrarian Eli Snow' — provar originaltitlar via Wikipedia
2026-09-27 19:13:14,153 INFO    ags.engine.match: inga träffar för 'lazylibrarian Eli Snow' från goodreads/bridge — provar reservkällor
2026-09-27 19:13:14,153 DEBUG   ags.ags.nordic: GET https://www.storytel.com/api/search.action?request_locale=sv&q=lazylibrarian%20Eli%20Snow
2026-09-27 19:13:14,157 INFO    ags.gui: ui-status: Provar reservkällor (Storytel/BookBeat/Open Library) …
2026-09-27 19:13:14,910 DEBUG   ags.ags.nordic:   <- 200, 29 bytes
2026-09-27 19:13:14,913 INFO    ags.ags.nordic: Storytel: 0 träffar för 'lazylibrarian Eli Snow'
2026-09-27 19:13:14,914 DEBUG   ags.ags.nordic: GET https://search-api.bookbeat.com/api/appsearch/suggest?includeErotic=false&market=sweden&query=lazylibrarian%20Eli%20Snow&v=18
2026-09-27 19:13:15,604 DEBUG   ags.ags.nordic:   <- 429, 53 bytes
2026-09-27 19:13:15,604 WARNING ags.ags.nordic: BookBeat-fel: 429 Client Error: Too Many Requests for url: https://search-api.bookbeat.com/api/appsearch/suggest?includeErotic=false&market=sweden&query=lazylibrarian%20Eli%20Snow&v=18
2026-09-27 19:13:16,275 DEBUG   ags.gui: logg: tail
2026-09-27 19:13:17,458 INFO    ags.gui: ui-status: Söker: The Divine Gardener's Handbook
2026-09-27 19:13:17,459 INFO    ags.gui: ui-status: hämtar https://www.goodreads.com/search?page=1&q=The+Divine+Gardener%27s+Handbook+Eli+Snow
2026-09-27 19:13:17,876 INFO    ags.goodreads: GET https://www.goodreads.com/search?page=1&q=The+Divine+Gardener%27s+Handbook+Eli+Snow -> 200 (219204 byte)
2026-09-27 19:13:18,807 DEBUG   ags.gui: logg: tail
2026-09-27 19:13:18,891 INFO    ags.gui: ui-status: hämtar https://www.goodreads.com/search?page=1&q=The+Divine+Gardener%27s+Eli+Snow
2026-09-27 19:13:19,542 INFO    ags.goodreads: GET https://www.goodreads.com/search?page=1&q=The+Divine+Gardener%27s+Eli+Snow -> 200 (219164 byte)
2026-09-27 19:13:19,618 INFO    ags.engine.match: goodreads gav 0 träffar för "The Divine Gardener's Handbook Eli Snow" — provar originaltitlar via Wikipedia
2026-09-27 19:13:19,818 INFO    ags.engine.match: inga träffar för "The Divine Gardener's Handbook Eli Snow" från goodreads/bridge — provar reservkällor
2026-09-27 19:13:19,818 DEBUG   ags.ags.nordic: GET https://www.storytel.com/api/search.action?request_locale=sv&q=The%20Divine%20Gardener%27s%20Handbook%20Eli%20Snow
2026-09-27 19:13:19,899 INFO    ags.gui: ui-status: Provar reservkällor (Storytel/BookBeat/Open Library) …
2026-09-27 19:13:20,593 DEBUG   ags.ags.nordic:   <- 200, 29 bytes
2026-09-27 19:13:20,596 INFO    ags.ags.nordic: Storytel: 0 träffar för "The Divine Gardener's Handbook Eli Snow"
2026-09-27 19:13:20,596 DEBUG   ags.ags.nordic: GET https://search-api.bookbeat.com/api/appsearch/suggest?includeErotic=false&market=sweden&query=The%20Divine%20Gardener%27s%20Handbook%20Eli%20Snow&v=18
2026-09-27 19:13:21,326 DEBUG   ags.ags.nordic:   <- 429, 53 bytes
2026-09-27 19:13:21,326 WARNING ags.ags.nordic: BookBeat-fel: 429 Client Error: Too Many Requests for url: https://search-api.bookbeat.com/api/appsearch/suggest?includeErotic=false&market=sweden&query=The%20Divine%20Gardener%27s%20Handbook%20Eli%20Snow&v=18
2026-09-27 19:13:21,340 DEBUG   ags.gui: logg: tail
2026-09-27 19:13:21,790 INFO    ags.gui: ui-status: Söker: The Divine Gardener's Handbook - Eli Snow
2026-09-27 19:13:21,791 INFO    ags.gui: ui-status: hämtar https://www.goodreads.com/search?page=1&q=The+Divine+Gardener%27s+Handbook+-+Eli+Snow+Eli+Snow
2026-09-27 19:13:22,282 INFO    ags.goodreads: GET https://www.goodreads.com/search?page=1&q=The+Divine+Gardener%27s+Handbook+-+Eli+Snow+Eli+Snow -> 200 (219309 byte)
2026-09-27 19:13:22,360 INFO    ags.engine.match: goodreads gav 0 träffar för "The Divine Gardener's Handbook - Eli Snow Eli Snow" — provar originaltitlar via Wikipedia
2026-09-27 19:13:22,550 INFO    ags.engine.match: inga träffar för "The Divine Gardener's Handbook - Eli Snow Eli Snow" från goodreads/bridge — provar reservkällor
2026-09-27 19:13:22,550 DEBUG   ags.ags.nordic: GET https://www.storytel.com/api/search.action?request_locale=sv&q=The%20Divine%20Gardener%27s%20Handbook%20-%20Eli%20Snow%20Eli%20Snow
2026-09-27 19:13:22,556 INFO    ags.gui: ui-status: Provar reservkällor (Storytel/BookBeat/Open Library) …
2026-09-27 19:13:23,320 DEBUG   ags.ags.nordic:   <- 200, 29 bytes
2026-09-27 19:13:23,324 INFO    ags.ags.nordic: Storytel: 0 träffar för "The Divine Gardener's Handbook - Eli Snow Eli Snow"
2026-09-27 19:13:23,324 DEBUG   ags.ags.nordic: GET https://search-api.bookbeat.com/api/appsearch/suggest?includeErotic=false&market=sweden&query=The%20Divine%20Gardener%27s%20Handbook%20-%20Eli%20Snow%20Eli%20Snow&v=18
2026-09-27 19:13:23,870 DEBUG   ags.gui: logg: tail
2026-09-27 19:13:24,040 DEBUG   ags.ags.nordic:   <- 429, 53 bytes
2026-09-27 19:13:24,040 WARNING ags.ags.nordic: BookBeat-fel: 429 Client Error: Too Many Requests for url: https://search-api.bookbeat.com/api/appsearch/suggest?includeErotic=false&market=sweden&query=The%20Divine%20Gardener%27s%20Handbook%20-%20Eli%20Snow%20Eli%20Snow&v=18
2026-09-27 19:13:24,336 WARNING ags.engine: matchning "The Divine Gardener's Handbook" -> ej matchad. Orsak: sökfråga rensad till 'The Divine Gardener's Handbook - Eli Snow Eli Snow'
2026-09-27 19:13:24,465 INFO    ags.gui: ui-status: Söker: The Friend of the Family.MP3
2026-09-27 19:13:24,466 INFO    ags.gui: ui-status: hämtar https://www.goodreads.com/search?page=1&q=The+Friend+of+the+Family.MP3+Dean+Koontz
2026-09-27 19:13:24,770 INFO    ags.goodreads: GET https://www.goodreads.com/search?page=1&q=The+Friend+of+the+Family.MP3+Dean+Koontz -> 200 (159307 byte)
2026-09-27 19:13:25,974 INFO    ags.gui: ui-status: hämtar https://www.goodreads.com/search?page=1&q=The+Friend+Dean+Koontz
2026-09-27 19:13:26,385 DEBUG   ags.gui: logg: tail
2026-09-27 19:13:26,551 INFO    ags.goodreads: GET https://www.goodreads.com/search?page=1&q=The+Friend+Dean+Koontz -> 200 (282090 byte)
2026-09-27 19:13:27,397 INFO    ags.gui: ui-status: hämtar https://www.goodreads.com/search?page=1&q=The+Friend+6
2026-09-27 19:13:28,917 DEBUG   ags.gui: logg: tail
2026-09-27 19:13:29,670 INFO    ags.goodreads: GET https://www.goodreads.com/search?page=1&q=The+Friend+6 -> 200 (572831 byte)
2026-09-27 19:13:29,815 INFO    ags.engine.match: goodreads gav 0 träffar för 'The Friend of the Family.MP3 Dean Koontz' — provar originaltitlar via Wikipedia
2026-09-27 19:13:29,986 INFO    ags.engine.match: inga träffar för 'The Friend of the Family.MP3 Dean Koontz' från goodreads/bridge — provar reservkällor
2026-09-27 19:13:29,987 DEBUG   ags.ags.nordic: GET https://www.storytel.com/api/search.action?request_locale=sv&q=The%20Friend%20of%20the%20Family.MP3%20Dean%20Koontz
2026-09-27 19:13:30,064 INFO    ags.gui: ui-status: Provar reservkällor (Storytel/BookBeat/Open Library) …
2026-09-27 19:13:30,734 DEBUG   ags.ags.nordic:   <- 200, 29 bytes
2026-09-27 19:13:30,737 INFO    ags.ags.nordic: Storytel: 0 träffar för 'The Friend of the Family.MP3 Dean Koontz'
2026-09-27 19:13:30,738 DEBUG   ags.ags.nordic: GET https://search-api.bookbeat.com/api/appsearch/suggest?includeErotic=false&market=sweden&query=The%20Friend%20of%20the%20Family.MP3%20Dean%20Koontz&v=18
2026-09-27 19:13:31,455 DEBUG   ags.gui: logg: tail
2026-09-27 19:13:31,590 DEBUG   ags.ags.nordic:   <- 200, 39 bytes
2026-09-27 19:13:31,594 INFO    ags.ags.nordic: BookBeat: 0 träffar för 'The Friend of the Family.MP3 Dean Koontz'
2026-09-27 19:13:32,002 INFO    ags.gui: ui-status: Söker: The Friend of the Family - 007
2026-09-27 19:13:32,003 INFO    ags.gui: ui-status: hämtar https://www.goodreads.com/search?page=1&q=The+Friend+of+the+Family+-+007+Dean+Koontz
2026-09-27 19:13:32,346 INFO    ags.goodreads: GET https://www.goodreads.com/search?page=1&q=The+Friend+of+the+Family+-+007+Dean+Koontz -> 200 (159331 byte)
2026-09-27 19:13:32,538 INFO    ags.engine.match: goodreads gav 0 träffar för 'The Friend of the Family - 007 Dean Koontz' — provar originaltitlar via Wikipedia
2026-09-27 19:13:32,697 INFO    ags.engine.match: inga träffar för 'The Friend of the Family - 007 Dean Koontz' från goodreads/bridge — provar reservkällor
2026-09-27 19:13:32,697 DEBUG   ags.ags.nordic: GET https://www.storytel.com/api/search.action?request_locale=sv&q=The%20Friend%20of%20the%20Family%20-%20007%20Dean%20Koontz
2026-09-27 19:13:32,744 INFO    ags.gui: ui-status: Provar reservkällor (Storytel/BookBeat/Open Library) …
2026-09-27 19:13:33,470 DEBUG   ags.ags.nordic:   <- 200, 29 bytes
2026-09-27 19:13:33,473 INFO    ags.ags.nordic: Storytel: 0 träffar för 'The Friend of the Family - 007 Dean Koontz'
2026-09-27 19:13:33,473 DEBUG   ags.ags.nordic: GET https://search-api.bookbeat.com/api/appsearch/suggest?includeErotic=false&market=sweden&query=The%20Friend%20of%20the%20Family%20-%20007%20Dean%20Koontz&v=18
2026-09-27 19:13:33,978 DEBUG   ags.gui: logg: tail
2026-09-27 19:13:34,346 DEBUG   ags.ags.nordic:   <- 200, 39 bytes
2026-09-27 19:13:34,348 INFO    ags.ags.nordic: BookBeat: 0 träffar för 'The Friend of the Family - 007 Dean Koontz'
2026-09-27 19:13:34,759 INFO    ags.gui: ui-status: Söker: The Friend of the Family
2026-09-27 19:13:34,760 INFO    ags.gui: ui-status: hämtar https://www.goodreads.com/search?page=1&q=The+Friend+of+the+Family+Dean+Koontz
2026-09-27 19:13:35,351 INFO    ags.goodreads: GET https://www.goodreads.com/search?page=1&q=The+Friend+of+the+Family+Dean+Koontz -> 200 (213523 byte)
2026-09-27 19:13:35,581 INFO    ags.engine.match: goodreads gav 0 träffar för 'The Friend of the Family Dean Koontz' — provar originaltitlar via Wikipedia
2026-09-27 19:13:35,757 INFO    ags.engine.match: inga träffar för 'The Friend of the Family Dean Koontz' från goodreads/bridge — provar reservkällor
2026-09-27 19:13:35,757 DEBUG   ags.ags.nordic: GET https://www.storytel.com/api/search.action?request_locale=sv&q=The%20Friend%20of%20the%20Family%20Dean%20Koontz
2026-09-27 19:13:35,791 INFO    ags.gui: ui-status: Provar reservkällor (Storytel/BookBeat/Open Library) …
2026-09-27 19:13:36,498 DEBUG   ags.gui: logg: tail
2026-09-27 19:13:36,526 DEBUG   ags.ags.nordic:   <- 200, 15531 bytes
2026-09-27 19:13:36,530 INFO    ags.ags.nordic: Storytel: 5 träffar för 'The Friend of the Family Dean Koontz'
2026-09-27 19:13:36,530 DEBUG   ags.ags.nordic: GET https://search-api.bookbeat.com/api/appsearch/suggest?includeErotic=false&market=sweden&query=The%20Friend%20of%20the%20Family%20Dean%20Koontz&v=18
2026-09-27 19:13:37,339 DEBUG   ags.ags.nordic:   <- 200, 39 bytes
2026-09-27 19:13:37,341 INFO    ags.ags.nordic: BookBeat: 0 träffar för 'The Friend of the Family Dean Koontz'
2026-09-27 19:13:37,580 INFO    ags.engine.match: reservkälla gav 5 träffar för 'The Friend of the Family Dean Koontz' (källa=storytel)
2026-09-27 19:13:37,604 INFO    ags.engine: match 'The Friend of the Family  (47 filer)' -> 'Deep in the Woods: A Small Town Thriller — Mica Merrill Rice' (0.16, ej matchad, minus 0.12)
2026-09-27 19:13:37,605 INFO    ags.engine: matchning 'The Friend of the Family  (47 filer)' -> ej matchad (källa=storytel, poäng=0.16) sökfråga rensad till 'The Friend of the Family Dean Koontz' | träffar från Storytel (Goodreads ej tillgänglig)
2026-09-27 19:13:37,683 INFO    ags.gui: ui-status: Söker: The House at the End of the World 64k
2026-09-27 19:13:37,683 INFO    ags.gui: ui-status: hämtar https://www.goodreads.com/search?page=1&q=The+House+at+the+End+of+the+World+64k+Dean+Koontz
2026-09-27 19:13:38,064 INFO    ags.goodreads: GET https://www.goodreads.com/search?page=1&q=The+House+at+the+End+of+the+World+64k+Dean+Koontz -> 200 (159362 byte)
2026-09-27 19:13:39,033 DEBUG   ags.gui: logg: tail
2026-09-27 19:13:39,180 INFO    ags.gui: ui-status: hämtar https://www.goodreads.com/search?page=1&q=The+House+at+Dean+Koontz
2026-09-27 19:13:39,813 INFO    ags.goodreads: GET https://www.goodreads.com/search?page=1&q=The+House+at+Dean+Koontz -> 200 (234731 byte)
2026-09-27 19:13:40,689 INFO    ags.gui: ui-status: hämtar https://www.goodreads.com/search?page=1&q=The+House+1
2026-09-27 19:13:41,563 DEBUG   ags.gui: logg: tail
2026-09-27 19:13:42,146 INFO    ags.goodreads: GET https://www.goodreads.com/search?page=1&q=The+House+1 -> 200 (645202 byte)
2026-09-27 19:13:42,423 INFO    ags.engine.match: goodreads gav 0 träffar för 'The House at the End of the World 64k Dean Koontz' — provar originaltitlar via Wikipedia
2026-09-27 19:13:42,596 INFO    ags.engine.match: inga träffar för 'The House at the End of the World 64k Dean Koontz' från goodreads/bridge — provar reservkällor
2026-09-27 19:13:42,596 DEBUG   ags.ags.nordic: GET https://www.storytel.com/api/search.action?request_locale=sv&q=The%20House%20at%20the%20End%20of%20the%20World%2064k%20Dean%20Koontz
2026-09-27 19:13:42,705 INFO    ags.gui: ui-status: Provar reservkällor (Storytel/BookBeat/Open Library) …
2026-09-27 19:13:43,397 DEBUG   ags.ags.nordic:   <- 200, 29 bytes
2026-09-27 19:13:43,399 INFO    ags.ags.nordic: Storytel: 0 träffar för 'The House at the End of the World 64k Dean Koontz'
2026-09-27 19:13:43,399 DEBUG   ags.ags.nordic: GET https://search-api.bookbeat.com/api/appsearch/suggest?includeErotic=false&market=sweden&query=The%20House%20at%20the%20End%20of%20the%20World%2064k%20Dean%20Koontz&v=18
2026-09-27 19:13:44,102 DEBUG   ags.gui: logg: tail
2026-09-27 19:13:44,332 DEBUG   ags.ags.nordic:   <- 200, 38 bytes
2026-09-27 19:13:44,335 INFO    ags.ags.nordic: BookBeat: 0 träffar för 'The House at the End of the World 64k Dean Koontz'
2026-09-27 19:13:45,023 INFO    ags.gui: ui-status: Söker: The House at the End of the World - 01 of 90
2026-09-27 19:13:45,023 INFO    ags.gui: ui-status: hämtar https://www.goodreads.com/search?page=1&q=The+House+at+the+End+of+the+World+-+01+of+90+Dean+Koontz
2026-09-27 19:13:45,357 INFO    ags.goodreads: GET https://www.goodreads.com/search?page=1&q=The+House+at+the+End+of+the+World+-+01+of+90+Dean+Koontz -> 200 (159541 byte)
2026-09-27 19:13:45,554 INFO    ags.engine.match: goodreads gav 0 träffar för 'The House at the End of the World - 01 of 90 Dean Koontz' — provar originaltitlar via Wikipedia
2026-09-27 19:13:45,769 INFO    ags.engine.match: inga träffar för 'The House at the End of the World - 01 of 90 Dean Koontz' från goodreads/bridge — provar reservkällor
2026-09-27 19:13:45,769 DEBUG   ags.ags.nordic: GET https://www.storytel.com/api/search.action?request_locale=sv&q=The%20House%20at%20the%20End%20of%20the%20World%20-%2001%20of%2090%20Dean%20Koontz
2026-09-27 19:13:45,807 INFO    ags.gui: ui-status: Provar reservkällor (Storytel/BookBeat/Open Library) …
2026-09-27 19:13:46,626 DEBUG   ags.gui: logg: tail
2026-09-27 19:13:46,646 DEBUG   ags.ags.nordic:   <- 200, 29 bytes
2026-09-27 19:13:46,648 INFO    ags.ags.nordic: Storytel: 0 träffar för 'The House at the End of the World - 01 of 90 Dean Koontz'
2026-09-27 19:13:46,648 DEBUG   ags.ags.nordic: GET https://search-api.bookbeat.com/api/appsearch/suggest?includeErotic=false&market=sweden&query=The%20House%20at%20the%20End%20of%20the%20World%20-%2001%20of%2090%20Dean%20Koontz&v=18
2026-09-27 19:13:47,540 DEBUG   ags.ags.nordic:   <- 200, 38 bytes
2026-09-27 19:13:47,541 INFO    ags.ags.nordic: BookBeat: 0 träffar för 'The House at the End of the World - 01 of 90 Dean Koontz'
2026-09-27 19:13:47,858 INFO    ags.gui: ui-status: Söker: The House at the End of the World - 01 of
2026-09-27 19:13:47,858 INFO    ags.gui: ui-status: hämtar https://www.goodreads.com/search?page=1&q=The+House+at+the+End+of+the+World+-+01+of+Dean+Koontz
2026-09-27 19:13:48,257 INFO    ags.goodreads: GET https://www.goodreads.com/search?page=1&q=The+House+at+the+End+of+the+World+-+01+of+Dean+Koontz -> 200 (159552 byte)
2026-09-27 19:13:48,463 INFO    ags.engine.match: goodreads gav 0 träffar för 'The House at the End of the World - 01 of Dean Koontz' — provar originaltitlar via Wikipedia
2026-09-27 19:13:48,595 INFO    ags.engine.match: inga träffar för 'The House at the End of the World - 01 of Dean Koontz' från goodreads/bridge — provar reservkällor
2026-09-27 19:13:48,596 DEBUG   ags.ags.nordic: GET https://www.storytel.com/api/search.action?request_locale=sv&q=The%20House%20at%20the%20End%20of%20the%20World%20-%2001%20of%20Dean%20Koontz
2026-09-27 19:13:48,609 INFO    ags.gui: ui-status: Provar reservkällor (Storytel/BookBeat/Open Library) …
2026-09-27 19:13:49,144 DEBUG   ags.gui: logg: tail
2026-09-27 19:13:49,388 DEBUG   ags.ags.nordic:   <- 200, 29 bytes
2026-09-27 19:13:49,390 INFO    ags.ags.nordic: Storytel: 0 träffar för 'The House at the End of the World - 01 of Dean Koontz'
2026-09-27 19:13:49,390 DEBUG   ags.ags.nordic: GET https://search-api.bookbeat.com/api/appsearch/suggest?includeErotic=false&market=sweden&query=The%20House%20at%20the%20End%20of%20the%20World%20-%2001%20of%20Dean%20Koontz&v=18
2026-09-27 19:13:50,294 DEBUG   ags.ags.nordic:   <- 200, 38 bytes
2026-09-27 19:13:50,296 INFO    ags.ags.nordic: BookBeat: 0 träffar för 'The House at the End of the World - 01 of Dean Koontz'
2026-09-27 19:13:50,646 INFO    ags.gui: ui-status: Söker: The House at the End of the World
2026-09-27 19:13:50,647 INFO    ags.gui: ui-status: hämtar https://www.goodreads.com/search?page=1&q=The+House+at+the+End+of+the+World+Dean+Koontz
2026-09-27 19:13:51,143 INFO    ags.goodreads: GET https://www.goodreads.com/search?page=1&q=The+House+at+the+End+of+the+World+Dean+Koontz -> 200 (234938 byte)
2026-09-27 19:13:51,585 INFO    ags.engine.match: goodreads gav 0 träffar för 'The House at the End of the World Dean Koontz' — provar originaltitlar via Wikipedia
2026-09-27 19:13:51,659 DEBUG   ags.gui: logg: tail
2026-09-27 19:13:51,716 INFO    ags.engine.match: inga träffar för 'The House at the End of the World Dean Koontz' från goodreads/bridge — provar reservkällor
2026-09-27 19:13:51,716 DEBUG   ags.ags.nordic: GET https://www.storytel.com/api/search.action?request_locale=sv&q=The%20House%20at%20the%20End%20of%20the%20World%20Dean%20Koontz
2026-09-27 19:13:51,815 INFO    ags.gui: ui-status: Provar reservkällor (Storytel/BookBeat/Open Library) …
2026-09-27 19:13:52,614 DEBUG   ags.ags.nordic:   <- 200, 3820 bytes
2026-09-27 19:13:52,619 INFO    ags.ags.nordic: Storytel: 1 träffar för 'The House at the End of the World Dean Koontz'
2026-09-27 19:13:52,619 DEBUG   ags.ags.nordic: GET https://search-api.bookbeat.com/api/appsearch/suggest?includeErotic=false&market=sweden&query=The%20House%20at%20the%20End%20of%20the%20World%20Dean%20Koontz&v=18
2026-09-27 19:13:53,792 DEBUG   ags.ags.nordic:   <- 200, 38 bytes
2026-09-27 19:13:53,794 INFO    ags.ags.nordic: BookBeat: 0 träffar för 'The House at the End of the World Dean Koontz'
2026-09-27 19:13:54,197 DEBUG   ags.gui: logg: tail
2026-09-27 19:13:54,292 INFO    ags.engine.match: reservkälla gav 2 träffar för 'The House at the End of the World Dean Koontz' (källa=storytel)
2026-09-27 19:13:54,299 INFO    ags.engine: match 'The House at the End of the World  (90 filer)' -> 'The House at the End of the World — Dean Koontz' (0.94, matchad)
2026-09-27 19:13:54,300 INFO    ags.engine: matchning 'The House at the End of the World  (90 filer)' -> matchad (källa=storytel, poäng=0.94) sökfråga rensad till 'The House at the End of the World Dean Koontz' | träffar från Storytel (Goodreads ej tillgänglig)
2026-09-27 19:13:54,345 INFO    ags.gui: ui-status: Söker: Unchained: Welcome to the Multiverse, 11
2026-09-27 19:13:54,346 INFO    ags.gui: ui-status: hämtar https://www.goodreads.com/search?page=1&q=Unchained%3A+Welcome+to+the+Multiverse%2C+11+Sean+Oswald
2026-09-27 19:13:54,794 INFO    ags.goodreads: GET https://www.goodreads.com/search?page=1&q=Unchained%3A+Welcome+to+the+Multiverse%2C+11+Sean+Oswald -> 200 (194288 byte)
2026-09-27 19:13:55,880 INFO    ags.gui: ui-status: hämtar https://www.goodreads.com/search?page=1&q=Unchained%3A+Welcome+to+Sean+Oswald
2026-09-27 19:13:56,296 INFO    ags.goodreads: GET https://www.goodreads.com/search?page=1&q=Unchained%3A+Welcome+to+Sean+Oswald -> 200 (194004 byte)
2026-09-27 19:13:56,727 DEBUG   ags.gui: logg: tail
2026-09-27 19:13:57,399 INFO    ags.gui: ui-status: hämtar https://www.goodreads.com/search?page=1&q=Unchained%3A+Welcome+11
2026-09-27 19:13:57,803 INFO    ags.goodreads: GET https://www.goodreads.com/search?page=1&q=Unchained%3A+Welcome+11 -> 200 (193872 byte)
2026-09-27 19:13:57,830 INFO    ags.engine.match: goodreads gav 0 träffar för 'Unchained: Welcome to the Multiverse, 11 Sean Oswald' — provar originaltitlar via Wikipedia
2026-09-27 19:13:57,959 INFO    ags.engine.match: inga träffar för 'Unchained: Welcome to the Multiverse, 11 Sean Oswald' från goodreads/bridge — provar reservkällor
2026-09-27 19:13:57,959 DEBUG   ags.ags.nordic: GET https://www.storytel.com/api/search.action?request_locale=sv&q=Unchained%3A%20Welcome%20to%20the%20Multiverse%2C%2011%20Sean%20Oswald
2026-09-27 19:13:58,032 INFO    ags.gui: ui-status: Provar reservkällor (Storytel/BookBeat/Open Library) …
2026-09-27 19:13:58,881 DEBUG   ags.ags.nordic:   <- 200, 29 bytes
2026-09-27 19:13:58,883 INFO    ags.ags.nordic: Storytel: 0 träffar för 'Unchained: Welcome to the Multiverse, 11 Sean Oswald'
2026-09-27 19:13:58,884 DEBUG   ags.ags.nordic: GET https://search-api.bookbeat.com/api/appsearch/suggest?includeErotic=false&market=sweden&query=Unchained%3A%20Welcome%20to%20the%20Multiverse%2C%2011%20Sean%20Oswald&v=18
2026-09-27 19:13:59,273 DEBUG   ags.gui: logg: tail
2026-09-27 19:13:59,940 DEBUG   ags.ags.nordic:   <- 200, 39 bytes
2026-09-27 19:13:59,944 INFO    ags.ags.nordic: BookBeat: 0 träffar för 'Unchained: Welcome to the Multiverse, 11 Sean Oswald'
2026-09-27 19:14:00,325 INFO    ags.gui: ui-status: Söker: lazylibrarian
2026-09-27 19:14:00,326 INFO    ags.gui: ui-status: hämtar https://www.goodreads.com/search?page=1&q=lazylibrarian+Sean+Oswald
2026-09-27 19:14:00,665 INFO    ags.goodreads: GET https://www.goodreads.com/search?page=1&q=lazylibrarian+Sean+Oswald -> 200 (159102 byte)
2026-09-27 19:14:01,798 DEBUG   ags.gui: logg: tail
2026-09-27 19:14:01,879 INFO    ags.gui: ui-status: hämtar https://www.goodreads.com/search?page=1&q=lazylibrarian+11
2026-09-27 19:14:02,154 INFO    ags.goodreads: GET https://www.goodreads.com/search?page=1&q=lazylibrarian+11 -> 200 (158974 byte)
2026-09-27 19:14:02,204 INFO    ags.engine.match: goodreads gav 0 träffar för 'lazylibrarian Sean Oswald' — provar originaltitlar via Wikipedia
2026-09-27 19:14:02,204 INFO    ags.engine.match: inga träffar för 'lazylibrarian Sean Oswald' från goodreads/bridge — provar reservkällor
2026-09-27 19:14:02,204 DEBUG   ags.ags.nordic: GET https://www.storytel.com/api/search.action?request_locale=sv&q=lazylibrarian%20Sean%20Oswald
2026-09-27 19:14:02,260 INFO    ags.gui: ui-status: Provar reservkällor (Storytel/BookBeat/Open Library) …
2026-09-27 19:14:03,151 DEBUG   ags.ags.nordic:   <- 200, 29 bytes
2026-09-27 19:14:03,155 INFO    ags.ags.nordic: Storytel: 0 träffar för 'lazylibrarian Sean Oswald'
2026-09-27 19:14:03,155 DEBUG   ags.ags.nordic: GET https://search-api.bookbeat.com/api/appsearch/suggest?includeErotic=false&market=sweden&query=lazylibrarian%20Sean%20Oswald&v=18
2026-09-27 19:14:04,208 DEBUG   ags.ags.nordic:   <- 200, 39 bytes
2026-09-27 19:14:04,210 INFO    ags.ags.nordic: BookBeat: 0 träffar för 'lazylibrarian Sean Oswald'
2026-09-27 19:14:04,326 DEBUG   ags.gui: logg: tail
2026-09-27 19:14:06,020 INFO    ags.gui: ui-status: Söker: Unchained
2026-09-27 19:14:06,021 INFO    ags.gui: ui-status: hämtar https://www.goodreads.com/search?page=1&q=Unchained+Sean+Oswald
2026-09-27 19:14:06,402 INFO    ags.goodreads: GET https://www.goodreads.com/search?page=1&q=Unchained+Sean+Oswald -> 200 (193868 byte)
2026-09-27 19:14:06,861 DEBUG   ags.gui: logg: tail
2026-09-27 19:14:07,439 INFO    ags.gui: ui-status: hämtar https://www.goodreads.com/search?page=1&q=Unchained+11
2026-09-27 19:14:07,950 INFO    ags.goodreads: GET https://www.goodreads.com/search?page=1&q=Unchained+11 -> 200 (350319 byte)
2026-09-27 19:14:08,010 INFO    ags.engine.match: goodreads gav 0 träffar för 'Unchained Sean Oswald' — provar originaltitlar via Wikipedia
2026-09-27 19:14:08,407 INFO    ags.engine.match: originaltitel-kandidat: 'Unchained'
2026-09-27 19:14:08,439 INFO    ags.engine.match: inga träffar för 'Unchained Sean Oswald' från goodreads/bridge — provar reservkällor
2026-09-27 19:14:08,439 DEBUG   ags.ags.nordic: GET https://www.storytel.com/api/search.action?request_locale=sv&q=Unchained%20Sean%20Oswald
2026-09-27 19:14:08,490 INFO    ags.gui: ui-status: Provar originaltitel: Unchained
2026-09-27 19:14:08,490 INFO    ags.gui: ui-status: Provar reservkällor (Storytel/BookBeat/Open Library) …
2026-09-27 19:14:09,198 DEBUG   ags.ags.nordic:   <- 200, 29 bytes
2026-09-27 19:14:09,202 INFO    ags.ags.nordic: Storytel: 0 träffar för 'Unchained Sean Oswald'
2026-09-27 19:14:09,202 DEBUG   ags.ags.nordic: GET https://search-api.bookbeat.com/api/appsearch/suggest?includeErotic=false&market=sweden&query=Unchained%20Sean%20Oswald&v=18
2026-09-27 19:14:09,389 DEBUG   ags.gui: logg: tail
2026-09-27 19:14:10,047 DEBUG   ags.ags.nordic:   <- 200, 38 bytes
2026-09-27 19:14:10,050 INFO    ags.ags.nordic: BookBeat: 0 träffar för 'Unchained Sean Oswald'
2026-09-27 19:14:10,294 INFO    ags.gui: ui-status: Söker: Unchained: Welcome to the Multiverse,
2026-09-27 19:14:10,294 INFO    ags.gui: ui-status: hämtar https://www.goodreads.com/search?page=1&q=Unchained%3A+Welcome+to+the+Multiverse%2C+Sean+Oswald
2026-09-27 19:14:10,755 INFO    ags.goodreads: GET https://www.goodreads.com/search?page=1&q=Unchained%3A+Welcome+to+the+Multiverse%2C+Sean+Oswald -> 200 (194156 byte)
2026-09-27 19:14:10,856 INFO    ags.engine.match: goodreads gav 0 träffar för 'Unchained: Welcome to the Multiverse, Sean Oswald' — provar originaltitlar via Wikipedia
2026-09-27 19:14:11,020 INFO    ags.engine.match: inga träffar för 'Unchained: Welcome to the Multiverse, Sean Oswald' från goodreads/bridge — provar reservkällor
2026-09-27 19:14:11,020 DEBUG   ags.ags.nordic: GET https://www.storytel.com/api/search.action?request_locale=sv&q=Unchained%3A%20Welcome%20to%20the%20Multiverse%2C%20Sean%20Oswald
2026-09-27 19:14:11,041 INFO    ags.gui: ui-status: Provar reservkällor (Storytel/BookBeat/Open Library) …
2026-09-27 19:14:11,822 DEBUG   ags.ags.nordic:   <- 200, 29 bytes
2026-09-27 19:14:11,826 INFO    ags.ags.nordic: Storytel: 0 träffar för 'Unchained: Welcome to the Multiverse, Sean Oswald'
2026-09-27 19:14:11,826 DEBUG   ags.ags.nordic: GET https://search-api.bookbeat.com/api/appsearch/suggest?includeErotic=false&market=sweden&query=Unchained%3A%20Welcome%20to%20the%20Multiverse%2C%20Sean%20Oswald&v=18
2026-09-27 19:14:11,906 DEBUG   ags.gui: logg: tail
2026-09-27 19:14:12,532 DEBUG   ags.ags.nordic:   <- 429, 53 bytes
2026-09-27 19:14:12,532 WARNING ags.ags.nordic: BookBeat-fel: 429 Client Error: Too Many Requests for url: https://search-api.bookbeat.com/api/appsearch/suggest?includeErotic=false&market=sweden&query=Unchained%3A%20Welcome%20to%20the%20Multiverse%2C%20Sean%20Oswald&v=18
2026-09-27 19:14:12,894 INFO    ags.gui: ui-status: Söker: Welcome to the Multiverse - Book 11 - Unchained
2026-09-27 19:14:12,895 INFO    ags.gui: ui-status: hämtar https://www.goodreads.com/search?page=1&q=Welcome+to+the+Multiverse+-+Book+11+-+Unchained+Sean+Oswald
2026-09-27 19:14:13,430 INFO    ags.goodreads: GET https://www.goodreads.com/search?page=1&q=Welcome+to+the+Multiverse+-+Book+11+-+Unchained+Sean+Oswald -> 200 (194392 byte)
2026-09-27 19:14:14,427 DEBUG   ags.gui: logg: tail
2026-09-27 19:14:14,454 INFO    ags.gui: ui-status: hämtar https://www.goodreads.com/search?page=1&q=Welcome+to+Sean+Oswald
2026-09-27 19:14:15,193 INFO    ags.goodreads: GET https://www.goodreads.com/search?page=1&q=Welcome+to+Sean+Oswald -> 200 (577942 byte)
2026-09-27 19:14:15,944 INFO    ags.gui: ui-status: hämtar https://www.goodreads.com/search?page=1&q=Welcome+to+11
2026-09-27 19:14:16,960 DEBUG   ags.gui: logg: tail
2026-09-27 19:14:17,124 INFO    ags.goodreads: GET https://www.goodreads.com/search?page=1&q=Welcome+to+11 -> 200 (519588 byte)
2026-09-27 19:14:17,239 INFO    ags.engine.match: goodreads gav 0 träffar för 'Welcome to the Multiverse - Book 11 - Unchained Sean Oswald' — provar originaltitlar via Wikipedia
2026-09-27 19:14:17,423 INFO    ags.engine.match: inga träffar för 'Welcome to the Multiverse - Book 11 - Unchained Sean Oswald' från goodreads/bridge — provar reservkällor
2026-09-27 19:14:17,423 DEBUG   ags.ags.nordic: GET https://www.storytel.com/api/search.action?request_locale=sv&q=Welcome%20to%20the%20Multiverse%20-%20Book%2011%20-%20Unchained%20Sean%20Oswald
2026-09-27 19:14:17,492 INFO    ags.gui: ui-status: Provar reservkällor (Storytel/BookBeat/Open Library) …
2026-09-27 19:14:18,171 DEBUG   ags.ags.nordic:   <- 200, 29 bytes
2026-09-27 19:14:18,174 INFO    ags.ags.nordic: Storytel: 0 träffar för 'Welcome to the Multiverse - Book 11 - Unchained Sean Oswald'
2026-09-27 19:14:18,174 DEBUG   ags.ags.nordic: GET https://search-api.bookbeat.com/api/appsearch/suggest?includeErotic=false&market=sweden&query=Welcome%20to%20the%20Multiverse%20-%20Book%2011%20-%20Unchained%20Sean%20Oswald&v=18
2026-09-27 19:14:18,870 DEBUG   ags.ags.nordic:   <- 429, 53 bytes
2026-09-27 19:14:18,870 WARNING ags.ags.nordic: BookBeat-fel: 429 Client Error: Too Many Requests for url: https://search-api.bookbeat.com/api/appsearch/suggest?includeErotic=false&market=sweden&query=Welcome%20to%20the%20Multiverse%20-%20Book%2011%20-%20Unchained%20Sean%20Oswald&v=18
2026-09-27 19:14:19,321 WARNING ags.engine: matchning 'Unchained: Welcome to the Multiverse, Book 11' -> ej matchad. Orsak: sökfråga rensad till 'Welcome to the Multiverse - Book 11 - Unchained Sean Oswald'
2026-09-27 19:14:19,322 INFO    ags.engine: flera versioner av 'The Complete Works of H. P. Lovecraft: Cosmic Horror, Cthulhu Mythos & the Foundations of Modern Dark Fiction' — behåller 'The Dark Worlds of H. P. Lovecraft (Volume 5)  (3 filer)', hoppar över 'The Dark Worlds of H. P. Lovecraft (Volume 3)  (4 filer)'
2026-09-27 19:14:19,322 INFO    ags.engine: flera versioner av 'The Complete Works of H. P. Lovecraft: Cosmic Horror, Cthulhu Mythos & the Foundations of Modern Dark Fiction' — behåller 'The Dark Worlds of H. P. Lovecraft (Volume 5)  (3 filer)', hoppar över 'The Dark Worlds of H. P. Lovecraft (Volume 4)  (3 filer)'
2026-09-27 19:14:19,322 INFO    ags.gui: SKANNING klar: 1881 ljudfiler, 56 grupper
2026-09-27 19:14:19,373 INFO    ags.gui: ui-status: 2 sämre dubblettversioner markerade (bästa versionen behålls)
2026-09-27 19:14:19,373 INFO    ags.gui: jobb klart: Skannar
2026-09-27 19:14:19,374 DEBUG   ags.gui: historikfliken uppdateras
2026-09-27 19:14:19,500 DEBUG   ags.gui: logg: tail
2026-09-27 19:14:22,032 DEBUG   ags.gui: logg: tail
2026-09-27 19:14:24,560 DEBUG   ags.gui: logg: tail
2026-09-27 19:14:27,069 DEBUG   ags.gui: högerklicksmeny öppnad
2026-09-27 19:14:27,074 DEBUG   ags.gui: detaljvy uppdaterad
2026-09-27 19:14:27,140 DEBUG   ags.gui: logg: tail
2026-09-27 19:14:29,302 INFO    ags.gui: högerklick: Öppna i filhanterare (markera fil)
2026-09-27 19:14:29,565 INFO    ags.gui: öppnade filhanteraren för 'C:\\Users\\monon\\Documents\\lazylibrarian\\Sean Oswald - An Unwitting Prince.MP3\\Sean Oswald - An Unwitting Prince.mp3'
2026-09-27 19:14:29,654 DEBUG   ags.gui: logg: tail
2026-09-27 19:14:32,174 DEBUG   ags.gui: logg: tail
2026-09-27 19:14:34,700 DEBUG   ags.gui: logg: tail
2026-09-27 19:14:37,221 DEBUG   ags.gui: logg: tail
2026-09-27 19:14:39,760 DEBUG   ags.gui: logg: tail
2026-09-27 19:14:42,275 DEBUG   ags.gui: logg: tail
2026-09-27 19:14:44,446 DEBUG   ags.gui: högerklicksmeny öppnad
2026-09-27 19:14:44,453 DEBUG   ags.gui: detaljvy uppdaterad
2026-09-27 19:14:44,805 DEBUG   ags.gui: logg: tail
2026-09-27 19:14:46,091 INFO    ags.gui: högerklick: Öppna i filhanterare (markera fil)
2026-09-27 19:14:46,357 INFO    ags.gui: öppnade filhanteraren för 'C:\\Users\\monon\\Documents\\lazylibrarian\\Sean Oswald - Welcome to the Multiverse 3 - Collapse\\Sean Oswald - Welcome to the Multiverse 3 - Collapse.m4b'
2026-09-27 19:14:47,337 DEBUG   ags.gui: logg: tail
2026-09-27 19:14:49,859 DEBUG   ags.gui: logg: tail
2026-09-27 19:14:52,384 DEBUG   ags.gui: logg: tail
2026-09-27 19:14:54,899 DEBUG   ags.gui: logg: tail
2026-09-27 19:14:57,426 DEBUG   ags.gui: logg: tail
2026-09-27 19:14:59,942 DEBUG   ags.gui: logg: tail
2026-09-27 19:15:01,092 DEBUG   ags.gui: detaljvy uppdaterad
2026-09-27 19:15:02,470 DEBUG   ags.gui: logg: tail
2026-09-27 19:15:05,009 DEBUG   ags.gui: logg: tail
2026-09-27 19:15:07,544 DEBUG   ags.gui: logg: tail
2026-09-27 19:15:10,081 DEBUG   ags.gui: logg: tail
2026-09-27 19:15:12,609 DEBUG   ags.gui: logg: tail
2026-09-27 19:15:15,143 DEBUG   ags.gui: logg: tail
2026-09-27 19:15:17,677 DEBUG   ags.gui: logg: tail
2026-09-27 19:15:20,215 DEBUG   ags.gui: logg: tail
2026-09-27 19:15:22,743 DEBUG   ags.gui: logg: tail
2026-09-27 19:15:25,260 DEBUG   ags.gui: logg: tail
2026-09-27 19:15:27,790 DEBUG   ags.gui: logg: tail
2026-09-27 19:15:30,324 DEBUG   ags.gui: logg: tail
2026-09-27 19:15:32,854 DEBUG   ags.gui: logg: tail
2026-09-27 19:15:35,378 DEBUG   ags.gui: logg: tail
2026-09-27 19:15:37,901 DEBUG   ags.gui: logg: tail
2026-09-27 19:15:40,423 DEBUG   ags.gui: logg: tail
2026-09-27 19:15:42,956 DEBUG   ags.gui: logg: tail
2026-09-27 19:15:45,491 DEBUG   ags.gui: logg: tail
2026-09-27 19:15:48,022 DEBUG   ags.gui: logg: tail
2026-09-27 19:15:50,544 DEBUG   ags.gui: logg: tail
2026-09-27 19:15:53,081 DEBUG   ags.gui: logg: tail
2026-09-27 19:15:55,605 DEBUG   ags.gui: logg: tail
2026-09-27 19:15:58,138 DEBUG   ags.gui: logg: tail
2026-09-27 19:16:00,669 DEBUG   ags.gui: logg: tail
2026-09-27 19:16:03,200 DEBUG   ags.gui: logg: tail
2026-09-27 19:16:05,722 DEBUG   ags.gui: logg: tail
2026-09-27 19:16:08,236 DEBUG   ags.gui: logg: tail
2026-09-27 19:16:10,757 DEBUG   ags.gui: logg: tail
2026-09-27 19:16:13,276 DEBUG   ags.gui: logg: tail
2026-09-27 19:16:15,791 DEBUG   ags.gui: logg: tail
2026-09-27 19:16:18,318 DEBUG   ags.gui: logg: tail
2026-09-27 19:16:20,837 DEBUG   ags.gui: logg: tail
2026-09-27 19:16:23,368 DEBUG   ags.gui: logg: tail
2026-09-27 19:16:25,884 DEBUG   ags.gui: logg: tail
2026-09-27 19:16:28,409 DEBUG   ags.gui: logg: tail
2026-09-27 19:16:30,930 DEBUG   ags.gui: logg: tail
2026-09-27 19:16:33,463 DEBUG   ags.gui: logg: tail
2026-09-27 19:16:35,991 DEBUG   ags.gui: logg: tail
2026-09-27 19:16:38,523 DEBUG   ags.gui: logg: tail
2026-09-27 19:16:41,073 DEBUG   ags.gui: logg: tail
2026-09-27 19:16:43,592 DEBUG   ags.gui: logg: tail
2026-09-27 19:16:46,110 DEBUG   ags.gui: logg: tail
2026-09-27 19:16:48,637 DEBUG   ags.gui: logg: tail
2026-09-27 19:16:51,160 DEBUG   ags.gui: logg: tail
2026-09-27 19:16:53,682 DEBUG   ags.gui: logg: tail
2026-09-27 19:16:56,212 DEBUG   ags.gui: logg: tail
2026-09-27 19:16:58,727 DEBUG   ags.gui: logg: tail
2026-09-27 19:17:01,259 DEBUG   ags.gui: logg: tail
2026-09-27 19:17:03,775 DEBUG   ags.gui: logg: tail
2026-09-27 19:17:06,306 DEBUG   ags.gui: logg: tail
2026-09-27 19:17:08,869 DEBUG   ags.gui: logg: tail
2026-09-27 19:17:11,383 DEBUG   ags.gui: logg: tail
2026-09-27 19:17:13,916 DEBUG   ags.gui: logg: tail
2026-09-27 19:17:16,432 DEBUG   ags.gui: logg: tail
2026-09-27 19:17:18,436 INFO    ags.gui: SKANNING startad: 'C:/Users/monon/Documents/lazylibrarian'
2026-09-27 19:17:18,439 INFO    ags.ags.settings: inställningar sparade till C:\Users\monon\.audiobook-goodreads\settings.json
2026-09-27 19:17:18,439 INFO    ags.gui: inställningar sparade (silent=True): import='C:/Users/monon/Documents/lazylibrarian' output='C:/Users/monon/Documents/Ljudböcker' flytta=True serie=True skip_done=True
2026-09-27 19:17:18,440 INFO    ags.gui: jobb startar: Skannar
2026-09-27 19:17:18,440 DEBUG   ags.gui: jobbtråd kör: Skannar
2026-09-27 19:17:18,441 DEBUG   ags.gui: detaljvy uppdaterad
2026-09-27 19:17:18,558 INFO    ags.gui: ui-status: Skannar C:/Users/monon/Documents/lazylibrarian …
2026-09-27 19:17:18,952 DEBUG   ags.gui: logg: tail
2026-09-27 19:17:18,970 INFO    ags.gui: ui-status: 109 ljudfiler hittade
2026-09-27 19:17:18,971 INFO    ags.gui: ui-status: Söker: Alex Scarrow - A Thousand Suns 1
2026-09-27 19:17:19,312 INFO    ags.engine.match: goodreads gav 0 träffar för 'Alex Scarrow - A Thousand Suns 1 Alex Scarrow' — provar originaltitlar via Wikipedia
2026-09-27 19:17:20,818 INFO    ags.engine.match: inga träffar för 'Alex Scarrow - A Thousand Suns 1 Alex Scarrow' från goodreads/bridge — provar reservkällor
2026-09-27 19:17:20,818 DEBUG   ags.ags.nordic: GET https://www.storytel.com/api/search.action?request_locale=sv&q=Alex%20Scarrow%20-%20A%20Thousand%20Suns%201%20Alex%20Scarrow
2026-09-27 19:17:20,860 INFO    ags.gui: ui-status: Provar reservkällor (Storytel/BookBeat/Open Library) …
2026-09-27 19:17:21,471 DEBUG   ags.gui: logg: tail
2026-09-27 19:17:22,037 DEBUG   ags.ags.nordic:   <- 200, 29 bytes
2026-09-27 19:17:22,040 INFO    ags.ags.nordic: Storytel: 0 träffar för 'Alex Scarrow - A Thousand Suns 1 Alex Scarrow'
2026-09-27 19:17:22,040 DEBUG   ags.ags.nordic: GET https://search-api.bookbeat.com/api/appsearch/suggest?includeErotic=false&market=sweden&query=Alex%20Scarrow%20-%20A%20Thousand%20Suns%201%20Alex%20Scarrow&v=18
2026-09-27 19:17:24,015 DEBUG   ags.gui: logg: tail
2026-09-27 19:17:25,081 DEBUG   ags.ags.nordic:   <- 200, 39 bytes
2026-09-27 19:17:25,084 INFO    ags.ags.nordic: BookBeat: 0 träffar för 'Alex Scarrow - A Thousand Suns 1 Alex Scarrow'
2026-09-27 19:17:26,572 INFO    ags.gui: ui-status: Söker: Alex Scarrow - A Thousand Suns
2026-09-27 19:17:26,587 DEBUG   ags.gui: logg: tail
2026-09-27 19:17:26,942 INFO    ags.engine.match: goodreads gav 0 träffar för 'Alex Scarrow - A Thousand Suns Alex Scarrow' — provar originaltitlar via Wikipedia
2026-09-27 19:17:27,129 INFO    ags.engine.match: inga träffar för 'Alex Scarrow - A Thousand Suns Alex Scarrow' från goodreads/bridge — provar reservkällor
2026-09-27 19:17:27,129 DEBUG   ags.ags.nordic: GET https://www.storytel.com/api/search.action?request_locale=sv&q=Alex%20Scarrow%20-%20A%20Thousand%20Suns%20Alex%20Scarrow
2026-09-27 19:17:27,201 INFO    ags.gui: ui-status: Provar reservkällor (Storytel/BookBeat/Open Library) …
2026-09-27 19:17:27,891 DEBUG   ags.ags.nordic:   <- 200, 29 bytes
2026-09-27 19:17:27,894 INFO    ags.ags.nordic: Storytel: 0 träffar för 'Alex Scarrow - A Thousand Suns Alex Scarrow'
2026-09-27 19:17:27,894 DEBUG   ags.ags.nordic: GET https://search-api.bookbeat.com/api/appsearch/suggest?includeErotic=false&market=sweden&query=Alex%20Scarrow%20-%20A%20Thousand%20Suns%20Alex%20Scarrow&v=18
2026-09-27 19:17:28,775 DEBUG   ags.ags.nordic:   <- 200, 39 bytes
2026-09-27 19:17:28,777 INFO    ags.ags.nordic: BookBeat: 0 träffar för 'Alex Scarrow - A Thousand Suns Alex Scarrow'
2026-09-27 19:17:29,082 INFO    ags.gui: ui-status: Söker: A Thousand Suns  01/13
2026-09-27 19:17:29,115 DEBUG   ags.gui: logg: tail
2026-09-27 19:17:29,483 INFO    ags.engine: match 'A Thousand Suns  (13 filer)' -> 'A Thousand Suns — Alex Scarrow' (0.88, matchad, minus 0.06)
2026-09-27 19:17:29,484 INFO    ags.engine: matchning 'A Thousand Suns  (13 filer)' -> matchad (källa=goodreads, poäng=0.88) sökfråga rensad till 'A Thousand Suns 01/13 Alex Scarrow'
2026-09-27 19:17:29,500 INFO    ags.gui: ui-status: Söker: Dark Worlds of H. P. Lovecraft
2026-09-27 19:17:29,769 INFO    ags.engine.match: goodreads gav 0 träffar för 'Dark Worlds of H. P. Lovecraft H. P. Lovecraft' — provar originaltitlar via Wikipedia
2026-09-27 19:17:29,985 INFO    ags.engine.match: inga träffar för 'Dark Worlds of H. P. Lovecraft H. P. Lovecraft' från goodreads/bridge — provar reservkällor
2026-09-27 19:17:29,985 DEBUG   ags.ags.nordic: GET https://www.storytel.com/api/search.action?request_locale=sv&q=Dark%20Worlds%20of%20H.%20P.%20Lovecraft%20H.%20P.%20Lovecraft
2026-09-27 19:17:30,017 INFO    ags.gui: ui-status: Provar reservkällor (Storytel/BookBeat/Open Library) …
2026-09-27 19:17:30,879 DEBUG   ags.ags.nordic:   <- 200, 61449 bytes
2026-09-27 19:17:30,885 INFO    ags.ags.nordic: Storytel: 6 träffar för 'Dark Worlds of H. P. Lovecraft H. P. Lovecraft'
2026-09-27 19:17:30,885 INFO    ags.engine.match: reservkälla gav 6 träffar för 'Dark Worlds of H. P. Lovecraft H. P. Lovecraft' (källa=storytel)
2026-09-27 19:17:30,943 INFO    ags.engine: match 'The Dark Worlds of H. P. Lovecraft (Volume 4)  (3 filer)' -> 'The Complete Works of H. P. Lovecraft: Cosmic Horror, Cthulhu Mythos & the Foundations of Modern Dark Fiction — H. P. Lovecraft' (0.59, ej matchad)
2026-09-27 19:17:30,943 INFO    ags.engine: matchning 'The Dark Worlds of H. P. Lovecraft (Volume 4)  (3 filer)' -> behöver koll (källa=storytel, poäng=0.59) sökfråga rensad till 'Dark Worlds of H. P. Lovecraft H. P. Lovecraft' | träffar från Storytel (Goodreads ej tillgänglig) | Två nära träffar (0.59 vs 0.28)
2026-09-27 19:17:31,062 INFO    ags.gui: ui-status: Söker: Dark Worlds of H. P. Lovecraft
2026-09-27 19:17:31,277 INFO    ags.engine.match: goodreads gav 0 träffar för 'Dark Worlds of H. P. Lovecraft H. P. Lovecraft' — provar originaltitlar via Wikipedia
2026-09-27 19:17:31,277 INFO    ags.engine.match: inga träffar för 'Dark Worlds of H. P. Lovecraft H. P. Lovecraft' från goodreads/bridge — provar reservkällor
2026-09-27 19:17:31,278 DEBUG   ags.ags.nordic: GET https://www.storytel.com/api/search.action?request_locale=sv&q=Dark%20Worlds%20of%20H.%20P.%20Lovecraft%20H.%20P.%20Lovecraft
2026-09-27 19:17:31,306 INFO    ags.gui: ui-status: Provar reservkällor (Storytel/BookBeat/Open Library) …
2026-09-27 19:17:31,631 DEBUG   ags.gui: logg: tail
2026-09-27 19:17:32,073 DEBUG   ags.ags.nordic:   <- 200, 61449 bytes
2026-09-27 19:17:32,077 INFO    ags.ags.nordic: Storytel: 6 träffar för 'Dark Worlds of H. P. Lovecraft H. P. Lovecraft'
2026-09-27 19:17:32,077 INFO    ags.engine.match: reservkälla gav 6 träffar för 'Dark Worlds of H. P. Lovecraft H. P. Lovecraft' (källa=storytel)
2026-09-27 19:17:32,106 INFO    ags.engine: match 'The Dark Worlds of H. P. Lovecraft (Volume 3)  (4 filer)' -> 'The Complete Works of H. P. Lovecraft: Cosmic Horror, Cthulhu Mythos & the Foundations of Modern Dark Fiction — H. P. Lovecraft' (0.58, ej matchad)
2026-09-27 19:17:32,107 INFO    ags.engine: matchning 'The Dark Worlds of H. P. Lovecraft (Volume 3)  (4 filer)' -> behöver koll (källa=storytel, poäng=0.58) sökfråga rensad till 'Dark Worlds of H. P. Lovecraft H. P. Lovecraft' | träffar från Storytel (Goodreads ej tillgänglig) | Två nära träffar (0.58 vs 0.29)
2026-09-27 19:17:32,248 INFO    ags.gui: ui-status: Söker: Dean Koontz - The Big Dark Sky
2026-09-27 19:17:32,406 INFO    ags.engine.match: goodreads gav 0 träffar för 'Dean Koontz - The Big Dark Sky Documents' — provar originaltitlar via Wikipedia
2026-09-27 19:17:32,605 INFO    ags.engine.match: inga träffar för 'Dean Koontz - The Big Dark Sky Documents' från goodreads/bridge — provar reservkällor
2026-09-27 19:17:32,605 DEBUG   ags.ags.nordic: GET https://www.storytel.com/api/search.action?request_locale=sv&q=Dean%20Koontz%20-%20The%20Big%20Dark%20Sky%20Documents
2026-09-27 19:17:32,620 INFO    ags.gui: ui-status: Provar reservkällor (Storytel/BookBeat/Open Library) …
2026-09-27 19:17:33,377 DEBUG   ags.ags.nordic:   <- 200, 29 bytes
2026-09-27 19:17:33,380 INFO    ags.ags.nordic: Storytel: 0 träffar för 'Dean Koontz - The Big Dark Sky Documents'
2026-09-27 19:17:33,381 DEBUG   ags.ags.nordic: GET https://search-api.bookbeat.com/api/appsearch/suggest?includeErotic=false&market=sweden&query=Dean%20Koontz%20-%20The%20Big%20Dark%20Sky%20Documents&v=18
2026-09-27 19:17:34,156 DEBUG   ags.gui: logg: tail
2026-09-27 19:17:34,217 DEBUG   ags.ags.nordic:   <- 200, 38 bytes
2026-09-27 19:17:34,219 INFO    ags.ags.nordic: BookBeat: 0 träffar för 'Dean Koontz - The Big Dark Sky Documents'
2026-09-27 19:17:34,627 INFO    ags.gui: ui-status: Söker: The Big Dark Sky
2026-09-27 19:17:34,718 INFO    ags.engine.match: goodreads gav 0 träffar för 'The Big Dark Sky Documents' — provar originaltitlar via Wikipedia
2026-09-27 19:17:34,879 INFO    ags.engine.match: inga träffar för 'The Big Dark Sky Documents' från goodreads/bridge — provar reservkällor
2026-09-27 19:17:34,879 DEBUG   ags.ags.nordic: GET https://www.storytel.com/api/search.action?request_locale=sv&q=The%20Big%20Dark%20Sky%20Documents
2026-09-27 19:17:34,885 INFO    ags.gui: ui-status: Provar reservkällor (Storytel/BookBeat/Open Library) …
2026-09-27 19:17:35,717 DEBUG   ags.ags.nordic:   <- 200, 29 bytes
2026-09-27 19:17:35,718 INFO    ags.ags.nordic: Storytel: 0 träffar för 'The Big Dark Sky Documents'
2026-09-27 19:17:35,719 DEBUG   ags.ags.nordic: GET https://search-api.bookbeat.com/api/appsearch/suggest?includeErotic=false&market=sweden&query=The%20Big%20Dark%20Sky%20Documents&v=18
2026-09-27 19:17:36,498 DEBUG   ags.ags.nordic:   <- 200, 38 bytes
2026-09-27 19:17:36,500 INFO    ags.ags.nordic: BookBeat: 0 träffar för 'The Big Dark Sky Documents'
2026-09-27 19:17:36,680 DEBUG   ags.gui: logg: tail
2026-09-27 19:17:36,845 INFO    ags.engine.match: reservkälla gav 6 träffar för 'The Big Dark Sky Documents' (källa=openlibrary)
2026-09-27 19:17:36,869 INFO    ags.engine: match 'The Big Dark Sky  (89 filer)' -> 'The Human Planet — ' (0.23, ej matchad)
2026-09-27 19:17:36,870 INFO    ags.engine: matchning 'The Big Dark Sky  (89 filer)' -> ej matchad (källa=openlibrary, poäng=0.23) sökfråga rensad till 'The Big Dark Sky Documents' | träffar från Open Library (Goodreads ej tillgänglig)
2026-09-27 19:17:36,870 INFO    ags.engine: flera versioner av 'The Complete Works of H. P. Lovecraft: Cosmic Horror, Cthulhu Mythos & the Foundations of Modern Dark Fiction' — behåller 'The Dark Worlds of H. P. Lovecraft (Volume 3)  (4 filer)', hoppar över 'The Dark Worlds of H. P. Lovecraft (Volume 4)  (3 filer)'
2026-09-27 19:17:36,870 INFO    ags.gui: SKANNING klar: 109 ljudfiler, 4 grupper
2026-09-27 19:17:36,875 DEBUG   ags.gui: detaljvy uppdaterad
2026-09-27 19:17:37,035 INFO    ags.gui: ui-status: 1 sämre dubblettversioner markerade (bästa versionen behålls)
2026-09-27 19:17:37,035 INFO    ags.gui: jobb klart: Skannar
2026-09-27 19:17:37,035 DEBUG   ags.gui: historikfliken uppdateras
2026-09-27 19:17:39,212 DEBUG   ags.gui: logg: tail
2026-09-27 19:17:41,728 DEBUG   ags.gui: logg: tail
2026-09-27 19:17:44,243 DEBUG   ags.gui: logg: tail
2026-09-27 19:17:46,774 DEBUG   ags.gui: logg: tail
2026-09-27 19:17:49,306 DEBUG   ags.gui: logg: tail
2026-09-27 19:17:51,831 DEBUG   ags.gui: logg: tail
2026-09-27 19:17:54,356 DEBUG   ags.gui: logg: tail
2026-09-27 19:17:56,871 DEBUG   ags.gui: logg: tail
2026-09-27 19:17:59,389 DEBUG   ags.gui: logg: tail
2026-09-27 19:18:01,904 DEBUG   ags.gui: logg: tail
2026-09-27 19:18:04,443 DEBUG   ags.gui: logg: tail
2026-09-27 19:18:06,959 DEBUG   ags.gui: logg: tail
2026-09-27 19:18:09,494 DEBUG   ags.gui: logg: tail
2026-09-27 19:18:12,010 DEBUG   ags.gui: logg: tail
2026-09-27 19:18:14,533 DEBUG   ags.gui: logg: tail
2026-09-27 19:18:17,059 DEBUG   ags.gui: logg: tail
2026-09-27 19:18:19,593 DEBUG   ags.gui: logg: tail
2026-09-27 19:18:22,112 DEBUG   ags.gui: logg: tail
2026-09-27 19:18:24,660 DEBUG   ags.gui: logg: tail
2026-09-27 19:18:27,186 DEBUG   ags.gui: logg: tail
2026-09-27 19:18:29,699 DEBUG   ags.gui: logg: tail
2026-09-27 19:18:32,226 DEBUG   ags.gui: logg: tail
2026-09-27 19:18:34,759 DEBUG   ags.gui: logg: tail
2026-09-27 19:18:37,282 DEBUG   ags.gui: logg: tail
2026-09-27 19:18:39,811 DEBUG   ags.gui: logg: tail
2026-09-27 19:18:42,323 DEBUG   ags.gui: logg: tail
2026-09-27 19:18:44,838 DEBUG   ags.gui: logg: tail
2026-09-27 19:18:47,354 DEBUG   ags.gui: logg: tail
2026-09-27 19:18:49,893 DEBUG   ags.gui: logg: tail
2026-09-27 19:18:52,411 DEBUG   ags.gui: logg: tail
2026-09-27 19:18:54,929 DEBUG   ags.gui: logg: tail
2026-09-27 19:18:57,455 DEBUG   ags.gui: logg: tail
2026-09-27 19:18:59,976 DEBUG   ags.gui: logg: tail
2026-09-27 19:19:02,499 DEBUG   ags.gui: logg: tail
2026-09-27 19:19:05,032 DEBUG   ags.gui: logg: tail
2026-09-27 19:19:07,564 DEBUG   ags.gui: logg: tail
2026-09-27 19:19:10,090 DEBUG   ags.gui: logg: tail
2026-09-27 19:19:12,619 DEBUG   ags.gui: logg: tail
2026-09-27 19:19:15,154 DEBUG   ags.gui: logg: tail
2026-09-27 19:19:17,686 DEBUG   ags.gui: logg: tail
2026-09-27 19:19:20,211 DEBUG   ags.gui: logg: tail
2026-09-27 19:19:22,745 DEBUG   ags.gui: logg: tail
2026-09-27 19:19:25,276 DEBUG   ags.gui: logg: tail
2026-09-27 19:19:27,806 DEBUG   ags.gui: logg: tail
2026-09-27 19:19:30,328 DEBUG   ags.gui: logg: tail
2026-09-27 19:19:32,859 DEBUG   ags.gui: logg: tail
2026-09-27 19:19:35,399 DEBUG   ags.gui: logg: tail
2026-09-27 19:19:37,916 DEBUG   ags.gui: logg: tail
2026-09-27 19:19:40,440 DEBUG   ags.gui: logg: tail
2026-09-27 19:19:42,971 DEBUG   ags.gui: logg: tail
2026-09-27 19:19:45,501 DEBUG   ags.gui: logg: tail
2026-09-27 19:19:48,036 DEBUG   ags.gui: logg: tail
2026-09-27 19:19:50,566 DEBUG   ags.gui: logg: tail
2026-09-27 19:19:53,087 DEBUG   ags.gui: logg: tail
2026-09-27 19:19:55,610 DEBUG   ags.gui: logg: tail
2026-09-27 19:19:58,135 DEBUG   ags.gui: logg: tail
2026-09-27 19:20:00,659 DEBUG   ags.gui: logg: tail
2026-09-27 19:20:03,195 DEBUG   ags.gui: logg: tail
2026-09-27 19:20:05,728 DEBUG   ags.gui: logg: tail
2026-09-27 19:20:08,260 DEBUG   ags.gui: logg: tail
2026-09-27 19:20:10,791 DEBUG   ags.gui: logg: tail
2026-09-27 19:20:13,322 DEBUG   ags.gui: logg: tail
2026-09-27 19:20:15,854 DEBUG   ags.gui: logg: tail
2026-09-27 19:20:18,395 DEBUG   ags.gui: logg: tail
2026-09-27 19:20:20,915 DEBUG   ags.gui: logg: tail
2026-09-27 19:20:23,447 DEBUG   ags.gui: logg: tail
2026-09-27 19:20:25,967 DEBUG   ags.gui: logg: tail
2026-09-27 19:20:28,492 DEBUG   ags.gui: logg: tail
2026-09-27 19:20:31,025 DEBUG   ags.gui: logg: tail
2026-09-27 19:20:33,557 DEBUG   ags.gui: logg: tail
2026-09-27 19:20:36,081 DEBUG   ags.gui: logg: tail
2026-09-27 19:20:38,607 DEBUG   ags.gui: logg: tail
2026-09-27 19:20:41,134 DEBUG   ags.gui: logg: tail
2026-09-27 19:20:43,669 DEBUG   ags.gui: logg: tail
2026-09-27 19:20:46,201 DEBUG   ags.gui: logg: tail
2026-09-27 19:20:48,727 DEBUG   ags.gui: logg: tail
2026-09-27 19:20:51,261 DEBUG   ags.gui: logg: tail
2026-09-27 19:20:53,791 DEBUG   ags.gui: logg: tail
2026-09-27 19:20:56,322 DEBUG   ags.gui: logg: tail
2026-09-27 19:20:58,853 DEBUG   ags.gui: logg: tail
2026-09-27 19:21:01,374 DEBUG   ags.gui: logg: tail
2026-09-27 19:21:03,900 DEBUG   ags.gui: logg: tail
2026-09-27 19:21:06,431 DEBUG   ags.gui: logg: tail
2026-09-27 19:21:08,947 DEBUG   ags.gui: logg: tail
2026-09-27 19:21:11,472 DEBUG   ags.gui: logg: tail
2026-09-27 19:21:13,994 DEBUG   ags.gui: logg: tail
2026-09-27 19:21:16,525 DEBUG   ags.gui: logg: tail
2026-10-03 20:58:42,649 DEBUG   ags: loggning initierad -> C:\Users\monon\Downloads\workspace-01a0e205-0da8-7a1b-a518-40776e5da1f5\audiobook-goodreads-sync\logs\ags.log
2026-10-03 20:58:42,651 DEBUG   ags: loggning initierad -> C:\Users\monon\Downloads\workspace-01a0e205-0da8-7a1b-a518-40776e5da1f5\audiobook-goodreads-sync\logs\ags.log
2026-10-03 20:58:42,651 INFO    ags.gui: GUI startad (logg: C:\Users\monon\Downloads\workspace-01a0e205-0da8-7a1b-a518-40776e5da1f5\audiobook-goodreads-sync\logs\ags.log)
2026-10-03 20:58:43,480 DEBUG   ags.gui: laddar inställningar
2026-10-03 20:58:43,480 DEBUG   ags.ags.settings: inställningar lästa från C:\Users\monon\.audiobook-goodreads\settings.json
2026-10-03 20:58:43,512 DEBUG   ags.gui: historikfliken uppdateras
2026-10-03 20:58:43,989 DEBUG   ags.gui: logg: tail
2026-10-03 20:58:44,371 INFO    ags.gui: knapp: Kontrollera tillägg (manual=False)
2026-10-03 20:58:44,393 WARNING ags.ags.deps: beroenden saknas: tesseract (OCR-skärmbildsläget (fliken 'Skärmbild / text'))
2026-10-03 20:58:46,521 DEBUG   ags.gui: logg: tail
2026-10-03 20:58:49,037 DEBUG   ags.gui: logg: tail
2026-10-03 20:58:51,559 DEBUG   ags.gui: logg: tail
2026-10-03 20:58:56,993 INFO    ags.gui: SKANNING startad: 'D:/lazylibrarian'
2026-10-03 20:58:56,996 INFO    ags.ags.settings: inställningar sparade till C:\Users\monon\.audiobook-goodreads\settings.json
2026-10-03 20:58:56,996 INFO    ags.gui: inställningar sparade (silent=True): import='D:/lazylibrarian' output='D:/Ljudböcker' flytta=False serie=True skip_done=False
2026-10-03 20:58:56,996 INFO    ags.gui: jobb startar: Skannar
2026-10-03 20:58:56,997 DEBUG   ags.gui: jobbtråd kör: Skannar
2026-10-03 20:58:56,998 INFO    ags.gui: ui-status: Skannar D:/lazylibrarian …
2026-10-03 20:58:56,999 DEBUG   ags.gui: logg: tail
2026-10-03 20:58:59,527 DEBUG   ags.gui: logg: tail
2026-10-03 20:59:02,048 DEBUG   ags.gui: logg: tail
2026-10-03 20:59:04,572 DEBUG   ags.gui: logg: tail
2026-10-03 20:59:07,090 DEBUG   ags.gui: logg: tail
2026-10-03 20:59:09,039 INFO    ags.gui: ui-status: 6255 ljudfiler hittade
2026-10-03 20:59:09,338 INFO    ags.gui: ui-status: Söker: lazylibrarian 1
2026-10-03 20:59:09,339 INFO    ags.gui: ui-status: hämtar https://www.goodreads.com/search?page=1&q=lazylibrarian+1+1
2026-10-03 20:59:09,800 DEBUG   ags.gui: logg: tail
2026-10-03 20:59:10,899 INFO    ags.goodreads: GET https://www.goodreads.com/search?page=1&q=lazylibrarian+1+1 -> 200 (159029 byte)
2026-10-03 20:59:10,933 INFO    ags.engine.match: goodreads gav 0 träffar för 'lazylibrarian 1 Ryan Rimmel' — provar originaltitlar via Wikipedia
2026-10-03 20:59:11,927 INFO    ags.engine.match: inga träffar för 'lazylibrarian 1 Ryan Rimmel' från goodreads/bridge — provar reservkällor
2026-10-03 20:59:11,927 DEBUG   ags.ags.nordic: GET https://www.storytel.com/api/search.action?request_locale=sv&q=lazylibrarian%201%20Ryan%20Rimmel
2026-10-03 20:59:11,957 INFO    ags.gui: ui-status: Provar reservkällor (Storytel/BookBeat/Open Library) …
2026-10-03 20:59:12,322 DEBUG   ags.gui: logg: tail
2026-10-03 20:59:13,126 DEBUG   ags.ags.nordic:   <- 200, 29 bytes
2026-10-03 20:59:13,128 INFO    ags.ags.nordic: Storytel: 0 träffar för 'lazylibrarian 1 Ryan Rimmel'
2026-10-03 20:59:13,128 DEBUG   ags.ags.nordic: GET https://search-api.bookbeat.com/api/appsearch/suggest?includeErotic=false&market=sweden&query=lazylibrarian%201%20Ryan%20Rimmel&v=18
2026-10-03 20:59:14,053 DEBUG   ags.ags.nordic:   <- 200, 38 bytes
2026-10-03 20:59:14,055 INFO    ags.ags.nordic: BookBeat: 0 träffar för 'lazylibrarian 1 Ryan Rimmel'
2026-10-03 20:59:14,871 DEBUG   ags.gui: logg: tail
2026-10-03 20:59:15,789 INFO    ags.gui: ui-status: Söker: lazylibrarian
2026-10-03 20:59:15,922 INFO    ags.gui: ui-status: hämtar https://www.goodreads.com/search?page=1&q=lazylibrarian+1
2026-10-03 20:59:16,442 INFO    ags.goodreads: GET https://www.goodreads.com/search?page=1&q=lazylibrarian+1 -> 200 (158956 byte)
2026-10-03 20:59:16,468 INFO    ags.engine.match: goodreads gav 0 träffar för 'lazylibrarian Ryan Rimmel' — provar originaltitlar via Wikipedia
2026-10-03 20:59:16,669 INFO    ags.engine.match: inga träffar för 'lazylibrarian Ryan Rimmel' från goodreads/bridge — provar reservkällor
2026-10-03 20:59:16,669 DEBUG   ags.ags.nordic: GET https://www.storytel.com/api/search.action?request_locale=sv&q=lazylibrarian%20Ryan%20Rimmel
2026-10-03 20:59:16,693 INFO    ags.gui: ui-status: Provar reservkällor (Storytel/BookBeat/Open Library) …
2026-10-03 20:59:17,388 DEBUG   ags.gui: logg: tail
2026-10-03 20:59:17,608 DEBUG   ags.ags.nordic:   <- 200, 29 bytes
2026-10-03 20:59:17,611 INFO    ags.ags.nordic: Storytel: 0 träffar för 'lazylibrarian Ryan Rimmel'
2026-10-03 20:59:17,611 DEBUG   ags.ags.nordic: GET https://search-api.bookbeat.com/api/appsearch/suggest?includeErotic=false&market=sweden&query=lazylibrarian%20Ryan%20Rimmel&v=18
2026-10-03 20:59:18,410 DEBUG   ags.ags.nordic:   <- 200, 38 bytes
2026-10-03 20:59:18,412 INFO    ags.ags.nordic: BookBeat: 0 träffar för 'lazylibrarian Ryan Rimmel'
2026-10-03 20:59:19,903 DEBUG   ags.gui: logg: tail
2026-10-03 20:59:20,216 INFO    ags.gui: ui-status: Söker: The Mayor of Noobtown
2026-10-03 20:59:20,341 INFO    ags.gui: ui-status: hämtar https://www.goodreads.com/search?page=1&q=The+Mayor+1
2026-10-03 20:59:22,435 DEBUG   ags.gui: logg: tail
2026-10-03 20:59:22,465 INFO    ags.goodreads: GET https://www.goodreads.com/search?page=1&q=The+Mayor+1 -> 200 (611281 byte)
2026-10-03 20:59:22,586 INFO    ags.engine.match: goodreads gav 0 träffar för 'The Mayor of Noobtown Ryan Rimmel' — provar originaltitlar via Wikipedia
2026-10-03 20:59:22,756 INFO    ags.engine.match: inga träffar för 'The Mayor of Noobtown Ryan Rimmel' från goodreads/bridge — provar reservkällor
2026-10-03 20:59:22,756 DEBUG   ags.ags.nordic: GET https://www.storytel.com/api/search.action?request_locale=sv&q=The%20Mayor%20of%20Noobtown%20Ryan%20Rimmel
2026-10-03 20:59:22,841 INFO    ags.gui: ui-status: Provar reservkällor (Storytel/BookBeat/Open Library) …
2026-10-03 20:59:23,893 DEBUG   ags.ags.nordic:   <- 200, 5883 bytes
2026-10-03 20:59:23,895 INFO    ags.ags.nordic: Storytel: 2 träffar för 'The Mayor of Noobtown Ryan Rimmel'
2026-10-03 20:59:23,895 DEBUG   ags.ags.nordic: GET https://search-api.bookbeat.com/api/appsearch/suggest?includeErotic=false&market=sweden&query=The%20Mayor%20of%20Noobtown%20Ryan%20Rimmel&v=18
2026-10-03 20:59:24,713 DEBUG   ags.ags.nordic:   <- 200, 38 bytes
2026-10-03 20:59:24,717 INFO    ags.ags.nordic: BookBeat: 0 träffar för 'The Mayor of Noobtown Ryan Rimmel'
2026-10-03 20:59:24,940 INFO    ags.engine.match: reservkälla gav 3 träffar för 'The Mayor of Noobtown Ryan Rimmel' (källa=storytel)
2026-10-03 20:59:24,944 INFO    ags.engine: match 'The Mayor of Noobtown' -> 'The Mayor of Noobtown — Ryan Rimmel [Noobtown #1]' (0.89, matchad, minus 0.18)
2026-10-03 20:59:24,944 INFO    ags.engine: matchning 'The Mayor of Noobtown' -> matchad (källa=storytel, poäng=0.89) sökfråga rensad till 'The Mayor of Noobtown Ryan Rimmel' | träffar från Storytel (Goodreads ej tillgänglig)
2026-10-03 20:59:24,951 DEBUG   ags.gui: logg: tail
2026-10-03 20:59:24,968 INFO    ags.gui: ui-status: Söker: D:/lazylibrarian\01 Behind Blue Eyes, Books 1
2026-10-03 20:59:24,971 INFO    ags.gui: ui-status: hämtar https://www.goodreads.com/search?page=1&q=D%3A%2Flazylibrarian%5C01+Behind+Blue+Anna+Mocikat
2026-10-03 20:59:25,494 INFO    ags.goodreads: GET https://www.goodreads.com/search?page=1&q=D%3A%2Flazylibrarian%5C01+Behind+Blue+Anna+Mocikat -> 200 (159333 byte)
2026-10-03 20:59:26,596 INFO    ags.gui: ui-status: hämtar https://www.goodreads.com/search?page=1&q=D%3A%2Flazylibrarian%5C01+Behind+1
2026-10-03 20:59:26,870 INFO    ags.goodreads: GET https://www.goodreads.com/search?page=1&q=D%3A%2Flazylibrarian%5C01+Behind+1 -> 200 (159177 byte)
2026-10-03 20:59:26,899 INFO    ags.engine.match: goodreads gav 0 träffar för 'D:/lazylibrarian\\01 Behind Blue Eyes, Books 1 Anna Mocikat' — provar originaltitlar via Wikipedia
2026-10-03 20:59:27,076 INFO    ags.engine.match: inga träffar för 'D:/lazylibrarian\\01 Behind Blue Eyes, Books 1 Anna Mocikat' från goodreads/bridge — provar reservkällor
2026-10-03 20:59:27,076 DEBUG   ags.ags.nordic: GET https://www.storytel.com/api/search.action?request_locale=sv&q=D%3A/lazylibrarian%5C01%20Behind%20Blue%20Eyes%2C%20Books%201%20Anna%20Mocikat
2026-10-03 20:59:27,096 INFO    ags.gui: ui-status: Provar reservkällor (Storytel/BookBeat/Open Library) …
2026-10-03 20:59:27,471 DEBUG   ags.gui: logg: tail
2026-10-03 20:59:28,068 DEBUG   ags.ags.nordic:   <- 200, 29 bytes
2026-10-03 20:59:28,072 INFO    ags.ags.nordic: Storytel: 0 träffar för 'D:/lazylibrarian\\01 Behind Blue Eyes, Books 1 Anna Mocikat'
2026-10-03 20:59:28,072 DEBUG   ags.ags.nordic: GET https://search-api.bookbeat.com/api/appsearch/suggest?includeErotic=false&market=sweden&query=D%3A/lazylibrarian%5C01%20Behind%20Blue%20Eyes%2C%20Books%201%20Anna%20Mocikat&v=18
2026-10-03 20:59:28,800 DEBUG   ags.ags.nordic:   <- 400, 250 bytes
2026-10-03 20:59:28,800 WARNING ags.ags.nordic: BookBeat-fel: 400 Client Error: Bad Request for url: https://search-api.bookbeat.com/api/appsearch/suggest?includeErotic=false&market=sweden&query=D%3A/lazylibrarian%5C01%20Behind%20Blue%20Eyes%2C%20Books%201%20Anna%20Mocikat&v=18
2026-10-03 20:59:29,093 INFO    ags.gui: ui-status: Söker: lazylibrarian
2026-10-03 20:59:29,100 INFO    ags.engine.match: goodreads gav 0 träffar för 'lazylibrarian Anna Mocikat' — provar originaltitlar via Wikipedia
2026-10-03 20:59:29,100 INFO    ags.engine.match: inga träffar för 'lazylibrarian Anna Mocikat' från goodreads/bridge — provar reservkällor
2026-10-03 20:59:29,100 DEBUG   ags.ags.nordic: GET https://www.storytel.com/api/search.action?request_locale=sv&q=lazylibrarian%20Anna%20Mocikat
2026-10-03 20:59:29,218 INFO    ags.gui: ui-status: Provar reservkällor (Storytel/BookBeat/Open Library) …
2026-10-03 20:59:29,985 DEBUG   ags.gui: logg: tail
2026-10-03 20:59:30,055 DEBUG   ags.ags.nordic:   <- 200, 29 bytes
2026-10-03 20:59:30,058 INFO    ags.ags.nordic: Storytel: 0 träffar för 'lazylibrarian Anna Mocikat'
2026-10-03 20:59:30,059 DEBUG   ags.ags.nordic: GET https://search-api.bookbeat.com/api/appsearch/suggest?includeErotic=false&market=sweden&query=lazylibrarian%20Anna%20Mocikat&v=18
2026-10-03 20:59:30,888 DEBUG   ags.ags.nordic:   <- 200, 39 bytes
2026-10-03 20:59:30,890 INFO    ags.ags.nordic: BookBeat: 0 träffar för 'lazylibrarian Anna Mocikat'
2026-10-03 20:59:32,516 DEBUG   ags.gui: logg: tail
2026-10-03 20:59:32,734 INFO    ags.gui: ui-status: Söker: Behind Blue Eyes, Books 1-3
2026-10-03 20:59:33,128 INFO    ags.engine: match 'Behind Blue Eyes, Books 1-3' -> 'Behind Blue Eyes — Anna Mocikat [Behind Blue Eyes #1]' (1.00, matchad)
2026-10-03 20:59:33,129 INFO    ags.engine: matchning 'Behind Blue Eyes, Books 1-3' -> matchad (källa=goodreads, poäng=1.00) sökfråga rensad till 'Behind Blue Eyes, Books 1-3 Anna Mocikat'
2026-10-03 20:59:33,169 INFO    ags.engine.match: goodreads gav 0 träffar för 'lazylibrarian Neil Gaiman' — provar originaltitlar via Wikipedia
2026-10-03 20:59:33,169 INFO    ags.engine.match: inga träffar för 'lazylibrarian Neil Gaiman' från goodreads/bridge — provar reservkällor
2026-10-03 20:59:33,169 DEBUG   ags.ags.nordic: GET https://www.storytel.com/api/search.action?request_locale=sv&q=lazylibrarian%20Neil%20Gaiman
2026-10-03 20:59:33,250 INFO    ags.gui: ui-status: Söker: lazylibrarian
2026-10-03 20:59:33,251 INFO    ags.gui: ui-status: Provar reservkällor (Storytel/BookBeat/Open Library) …
2026-10-03 20:59:34,066 DEBUG   ags.ags.nordic:   <- 200, 29 bytes
2026-10-03 20:59:34,069 INFO    ags.ags.nordic: Storytel: 0 träffar för 'lazylibrarian Neil Gaiman'
2026-10-03 20:59:34,069 DEBUG   ags.ags.nordic: GET https://search-api.bookbeat.com/api/appsearch/suggest?includeErotic=false&market=sweden&query=lazylibrarian%20Neil%20Gaiman&v=18
2026-10-03 20:59:34,873 DEBUG   ags.ags.nordic:   <- 200, 39 bytes
2026-10-03 20:59:34,875 INFO    ags.ags.nordic: BookBeat: 0 träffar för 'lazylibrarian Neil Gaiman'
2026-10-03 20:59:35,048 DEBUG   ags.gui: logg: tail
2026-10-03 20:59:36,626 INFO    ags.gui: ui-status: Söker: Neverwhere
2026-10-03 20:59:36,751 INFO    ags.gui: ui-status: hämtar https://www.goodreads.com/search?page=1&q=Neverwhere+1
2026-10-03 20:59:37,579 DEBUG   ags.gui: logg: tail
2026-10-03 20:59:38,126 INFO    ags.goodreads: GET https://www.goodreads.com/search?page=1&q=Neverwhere+1 -> 200 (288738 byte)
2026-10-03 20:59:38,187 INFO    ags.engine.match: goodreads gav 0 träffar för 'Neverwhere Neil Gaiman' — provar originaltitlar via Wikipedia
2026-10-03 20:59:38,547 INFO    ags.engine.match: originaltitel-kandidat: 'Neverwhere'
2026-10-03 20:59:38,626 INFO    ags.gui: ui-status: Provar originaltitel: Neverwhere
2026-10-03 20:59:38,644 INFO    ags.engine.match: inga träffar för 'Neverwhere Neil Gaiman' från goodreads/bridge — provar reservkällor
2026-10-03 20:59:38,644 DEBUG   ags.ags.nordic: GET https://www.storytel.com/api/search.action?request_locale=sv&q=Neverwhere%20Neil%20Gaiman
2026-10-03 20:59:38,751 INFO    ags.gui: ui-status: Provar reservkällor (Storytel/BookBeat/Open Library) …
2026-10-03 20:59:39,732 DEBUG   ags.ags.nordic:   <- 200, 55305 bytes
2026-10-03 20:59:39,736 INFO    ags.ags.nordic: Storytel: 6 träffar för 'Neverwhere Neil Gaiman'
2026-10-03 20:59:39,736 INFO    ags.engine.match: reservkälla gav 6 träffar för 'Neverwhere Neil Gaiman' (källa=storytel)
2026-10-03 20:59:39,745 INFO    ags.engine: match 'Neverwhere' -> 'Neverwhere — Neil Gaiman' (0.92, matchad)
2026-10-03 20:59:39,745 INFO    ags.engine: matchning 'Neverwhere' -> matchad (källa=storytel, poäng=0.92) sökfråga rensad till 'Neverwhere Neil Gaiman' | träffar från Storytel (Goodreads ej tillgänglig)
2026-10-03 20:59:39,751 INFO    ags.gui: ui-status: Söker: lazylibrarian
2026-10-03 20:59:39,793 INFO    ags.engine.match: goodreads gav 0 träffar för 'lazylibrarian Leonard Petracci' — provar originaltitlar via Wikipedia
2026-10-03 20:59:39,793 INFO    ags.engine.match: inga träffar för 'lazylibrarian Leonard Petracci' från goodreads/bridge — provar reservkällor
2026-10-03 20:59:39,793 DEBUG   ags.ags.nordic: GET https://www.storytel.com/api/search.action?request_locale=sv&q=lazylibrarian%20Leonard%20Petracci
2026-10-03 20:59:39,877 INFO    ags.gui: ui-status: Provar reservkällor (Storytel/BookBeat/Open Library) …
2026-10-03 20:59:40,095 DEBUG   ags.gui: logg: tail
2026-10-03 20:59:40,740 DEBUG   ags.ags.nordic:   <- 200, 29 bytes
2026-10-03 20:59:40,744 INFO    ags.ags.nordic: Storytel: 0 träffar för 'lazylibrarian Leonard Petracci'
2026-10-03 20:59:40,744 DEBUG   ags.ags.nordic: GET https://search-api.bookbeat.com/api/appsearch/suggest?includeErotic=false&market=sweden&query=lazylibrarian%20Leonard%20Petracci&v=18
2026-10-03 20:59:41,591 DEBUG   ags.ags.nordic:   <- 200, 39 bytes
2026-10-03 20:59:41,594 INFO    ags.ags.nordic: BookBeat: 0 träffar för 'lazylibrarian Leonard Petracci'
2026-10-03 20:59:42,615 DEBUG   ags.gui: logg: tail
2026-10-03 20:59:43,403 INFO    ags.gui: ui-status: Söker: Til Death Do Us Part
2026-10-03 20:59:43,404 INFO    ags.gui: ui-status: hämtar https://www.goodreads.com/search?page=1&q=Til+Death+1
2026-10-03 20:59:45,152 DEBUG   ags.gui: logg: tail
2026-10-03 20:59:45,472 INFO    ags.goodreads: GET https://www.goodreads.com/search?page=1&q=Til+Death+1 -> 200 (587995 byte)
2026-10-03 20:59:45,605 INFO    ags.engine.match: goodreads gav 0 träffar för 'Til Death Do Us Part Leonard Petracci' — provar originaltitlar via Wikipedia
2026-10-03 20:59:45,794 INFO    ags.engine.match: inga träffar för 'Til Death Do Us Part Leonard Petracci' från goodreads/bridge — provar reservkällor
2026-10-03 20:59:45,794 DEBUG   ags.ags.nordic: GET https://www.storytel.com/api/search.action?request_locale=sv&q=Til%20Death%20Do%20Us%20Part%20Leonard%20Petracci
2026-10-03 20:59:45,806 INFO    ags.gui: ui-status: Provar reservkällor (Storytel/BookBeat/Open Library) …
2026-10-03 20:59:46,812 DEBUG   ags.ags.nordic:   <- 200, 29 bytes
2026-10-03 20:59:46,815 INFO    ags.ags.nordic: Storytel: 0 träffar för 'Til Death Do Us Part Leonard Petracci'
2026-10-03 20:59:46,815 DEBUG   ags.ags.nordic: GET https://search-api.bookbeat.com/api/appsearch/suggest?includeErotic=false&market=sweden&query=Til%20Death%20Do%20Us%20Part%20Leonard%20Petracci&v=18
2026-10-03 20:59:47,634 DEBUG   ags.ags.nordic:   <- 200, 38 bytes
2026-10-03 20:59:47,635 INFO    ags.ags.nordic: BookBeat: 0 träffar för 'Til Death Do Us Part Leonard Petracci'
2026-10-03 20:59:47,690 DEBUG   ags.gui: logg: tail
2026-10-03 20:59:47,879 INFO    ags.engine.match: reservkälla gav 1 träffar för 'Til Death Do Us Part Leonard Petracci' (källa=openlibrary)
2026-10-03 20:59:47,881 INFO    ags.engine: match 'Til Death Do Us Part' -> 'Til Death Do Us Part — Leonard Petracci' (0.92, matchad)
2026-10-03 20:59:47,882 INFO    ags.engine: matchning 'Til Death Do Us Part' -> matchad (källa=openlibrary, poäng=0.92) sökfråga rensad till 'Til Death Do Us Part Leonard Petracci' | träffar från Open Library (Goodreads ej tillgänglig)
2026-10-03 20:59:48,011 INFO    ags.gui: ui-status: Söker: Dust
2026-10-03 20:59:48,143 INFO    ags.gui: ui-status: hämtar https://www.goodreads.com/search?page=1&q=Dust+3
2026-10-03 20:59:49,275 INFO    ags.goodreads: GET https://www.goodreads.com/search?page=1&q=Dust+3 -> 200 (637476 byte)
2026-10-03 20:59:49,421 INFO    ags.engine.match: goodreads gav 0 träffar för 'Dust Hugh Howey' — provar originaltitlar via Wikipedia
2026-10-03 20:59:49,824 INFO    ags.engine.match: originaltitel-kandidat: 'Dust (disambiguation)'
2026-10-03 20:59:49,864 INFO    ags.engine.match: inga träffar för 'Dust Hugh Howey' från goodreads/bridge — provar reservkällor
2026-10-03 20:59:49,864 DEBUG   ags.ags.nordic: GET https://www.storytel.com/api/search.action?request_locale=sv&q=Dust%20Hugh%20Howey
2026-10-03 20:59:49,879 INFO    ags.gui: ui-status: Provar originaltitel: Dust (disambiguation)
2026-10-03 20:59:49,879 INFO    ags.gui: ui-status: Provar reservkällor (Storytel/BookBeat/Open Library) …
2026-10-03 20:59:50,208 DEBUG   ags.gui: logg: tail
2026-10-03 20:59:50,729 DEBUG   ags.ags.nordic:   <- 200, 5591 bytes
2026-10-03 20:59:50,733 INFO    ags.ags.nordic: Storytel: 2 träffar för 'Dust Hugh Howey'
2026-10-03 20:59:50,734 DEBUG   ags.ags.nordic: GET https://search-api.bookbeat.com/api/appsearch/suggest?includeErotic=false&market=sweden&query=Dust%20Hugh%20Howey&v=18
2026-10-03 20:59:51,540 DEBUG   ags.ags.nordic:   <- 200, 38 bytes
2026-10-03 20:59:51,542 INFO    ags.ags.nordic: BookBeat: 0 träffar för 'Dust Hugh Howey'
2026-10-03 20:59:51,788 INFO    ags.engine.match: reservkälla gav 6 träffar för 'Dust Hugh Howey' (källa=storytel)
2026-10-03 20:59:51,797 INFO    ags.engine: match '03 Dust' -> 'Dust — Hugh Howey [The Silo Saga #3]' (1.00, matchad)
2026-10-03 20:59:51,798 INFO    ags.engine: matchning '03 Dust' -> matchad (källa=storytel, poäng=1.00) sökfråga rensad till 'Dust Hugh Howey' | träffar från Storytel (Goodreads ej tillgänglig)
2026-10-03 20:59:51,896 INFO    ags.gui: ui-status: Söker: Blood Rites
2026-10-03 20:59:52,259 INFO    ags.engine: match '06 Blood Rites' -> 'Blood Rites — Jim Butcher [The Dresden Files #6]' (1.00, matchad)
2026-10-03 20:59:52,259 INFO    ags.engine: matchning '06 Blood Rites' -> matchad (källa=goodreads, poäng=1.00) sökfråga rensad till 'Blood Rites Jim Butcher'
2026-10-03 20:59:52,282 INFO    ags.gui: ui-status: Söker: [M4B] Andy Weir - Project Hail Mary
2026-10-03 20:59:52,327 INFO    ags.engine.match: goodreads gav 0 träffar för '[M4B] Andy Weir - Project Hail Mary Andy Weir' — provar originaltitlar via Wikipedia
2026-10-03 20:59:52,613 INFO    ags.engine.match: inga träffar för '[M4B] Andy Weir - Project Hail Mary Andy Weir' från goodreads/bridge — provar reservkällor
2026-10-03 20:59:52,613 DEBUG   ags.ags.nordic: GET https://www.storytel.com/api/search.action?request_locale=sv&q=%5BM4B%5D%20Andy%20Weir%20-%20Project%20Hail%20Mary%20Andy%20Weir
2026-10-03 20:59:52,659 INFO    ags.gui: ui-status: Provar reservkällor (Storytel/BookBeat/Open Library) …
2026-10-03 20:59:52,734 DEBUG   ags.gui: logg: tail
2026-10-03 20:59:53,557 DEBUG   ags.ags.nordic:   <- 200, 29 bytes
2026-10-03 20:59:53,560 INFO    ags.ags.nordic: Storytel: 0 träffar för '[M4B] Andy Weir - Project Hail Mary Andy Weir'
2026-10-03 20:59:53,561 DEBUG   ags.ags.nordic: GET https://search-api.bookbeat.com/api/appsearch/suggest?includeErotic=false&market=sweden&query=%5BM4B%5D%20Andy%20Weir%20-%20Project%20Hail%20Mary%20Andy%20Weir&v=18
2026-10-03 20:59:54,405 DEBUG   ags.ags.nordic:   <- 200, 38 bytes
2026-10-03 20:59:54,408 INFO    ags.ags.nordic: BookBeat: 0 träffar för '[M4B] Andy Weir - Project Hail Mary Andy Weir'
2026-10-03 20:59:54,822 INFO    ags.gui: ui-status: Söker: Project Hail Mary
2026-10-03 20:59:54,854 INFO    ags.engine.match: goodreads gav 0 träffar för 'Project Hail Mary Andy Weir' — provar originaltitlar via Wikipedia
2026-10-03 20:59:54,973 INFO    ags.engine.match: inga träffar för 'Project Hail Mary Andy Weir' från goodreads/bridge — provar reservkällor
2026-10-03 20:59:54,973 DEBUG   ags.ags.nordic: GET https://www.storytel.com/api/search.action?request_locale=sv&q=Project%20Hail%20Mary%20Andy%20Weir
2026-10-03 20:59:55,075 INFO    ags.gui: ui-status: Provar reservkällor (Storytel/BookBeat/Open Library) …
2026-10-03 20:59:55,270 DEBUG   ags.gui: logg: tail
2026-10-03 20:59:56,188 DEBUG   ags.ags.nordic:   <- 200, 144228 bytes
2026-10-03 20:59:56,199 INFO    ags.ags.nordic: Storytel: 6 träffar för 'Project Hail Mary Andy Weir'
2026-10-03 20:59:56,200 INFO    ags.engine.match: reservkälla gav 6 träffar för 'Project Hail Mary Andy Weir' (källa=storytel)
2026-10-03 20:59:56,223 INFO    ags.engine: match 'Project Hail Mary' -> 'Project Hail Mary with Andy Weir — Neil deGrasse Tyson [StarTalk Radio #1091]' (0.45, ej matchad, minus 0.12)
2026-10-03 20:59:56,223 INFO    ags.engine: matchning 'Project Hail Mary' -> behöver koll (källa=storytel, poäng=0.45) sökfråga rensad till 'Project Hail Mary Andy Weir' | träffar från Storytel (Goodreads ej tillgänglig) | Två nära träffar (0.45 vs 0.45)
2026-10-03 20:59:56,347 INFO    ags.gui: ui-status: Söker: A Boy and His Dog at the End of the World 1
2026-10-03 20:59:57,099 INFO    ags.engine: match 'A Boy and His Dog at the End of the World  (10 filer)' -> 'A Boy and His Dog at the End of the World — C.A. Fletcher' (0.89, matchad, minus 0.06)
2026-10-03 20:59:57,100 INFO    ags.engine: matchning 'A Boy and His Dog at the End of the World  (10 filer)' -> matchad (källa=goodreads, poäng=0.89) sökfråga rensad till 'A Boy and His Dog at the End of the World 1 C. A. Fletcher'
2026-10-03 20:59:57,178 INFO    ags.gui: ui-status: Söker: A Litter of Bones - JD Kirk - DCI Logan 01 M4B
2026-10-03 20:59:57,179 INFO    ags.gui: ui-status: hämtar https://www.goodreads.com/search?page=1&q=A+Litter+1
2026-10-03 20:59:57,786 DEBUG   ags.gui: logg: tail
2026-10-03 20:59:59,247 INFO    ags.goodreads: GET https://www.goodreads.com/search?page=1&q=A+Litter+1 -> 200 (581765 byte)
2026-10-03 20:59:59,368 INFO    ags.engine.match: goodreads gav 0 träffar för 'A Litter of Bones - JD Kirk - DCI Logan 01 M4B JD Kirk' — provar originaltitlar via Wikipedia
2026-10-03 20:59:59,512 INFO    ags.engine.match: inga träffar för 'A Litter of Bones - JD Kirk - DCI Logan 01 M4B JD Kirk' från goodreads/bridge — provar reservkällor
2026-10-03 20:59:59,512 DEBUG   ags.ags.nordic: GET https://www.storytel.com/api/search.action?request_locale=sv&q=A%20Litter%20of%20Bones%20-%20JD%20Kirk%20-%20DCI%20Logan%2001%20M4B%20JD%20Kirk
2026-10-03 20:59:59,639 INFO    ags.gui: ui-status: Provar reservkällor (Storytel/BookBeat/Open Library) …
2026-10-03 21:00:00,320 DEBUG   ags.gui: logg: tail
2026-10-03 21:00:00,564 DEBUG   ags.ags.nordic:   <- 200, 29 bytes
2026-10-03 21:00:00,566 INFO    ags.ags.nordic: Storytel: 0 träffar för 'A Litter of Bones - JD Kirk - DCI Logan 01 M4B JD Kirk'
2026-10-03 21:00:00,566 DEBUG   ags.ags.nordic: GET https://search-api.bookbeat.com/api/appsearch/suggest?includeErotic=false&market=sweden&query=A%20Litter%20of%20Bones%20-%20JD%20Kirk%20-%20DCI%20Logan%2001%20M4B%20JD%20Kirk&v=18
2026-10-03 21:00:01,559 DEBUG   ags.ags.nordic:   <- 429, 53 bytes
2026-10-03 21:00:01,559 WARNING ags.ags.nordic: BookBeat-fel: 429 Client Error: Too Many Requests for url: https://search-api.bookbeat.com/api/appsearch/suggest?includeErotic=false&market=sweden&query=A%20Litter%20of%20Bones%20-%20JD%20Kirk%20-%20DCI%20Logan%2001%20M4B%20JD%20Kirk&v=18
2026-10-03 21:00:02,072 INFO    ags.gui: ui-status: Söker: 01 A Litter of Bones
2026-10-03 21:00:02,391 INFO    ags.engine: match 'DCI Logan 01 M4B' -> 'Noragami 01 — Adachitoka [Noragami: Stray God #1]' (0.35, ej matchad, minus 0.12)
2026-10-03 21:00:02,391 INFO    ags.engine: matchning 'DCI Logan 01 M4B' -> behöver koll (källa=goodreads, poäng=0.35) sökfråga rensad till '01 A Litter of Bones JD Kirk' | Två nära träffar (0.35 vs 0.35)
2026-10-03 21:00:02,418 INFO    ags.engine.match: goodreads gav 0 träffar för 'lazylibrarian David Verburg' — provar originaltitlar via Wikipedia
2026-10-03 21:00:02,419 INFO    ags.engine.match: inga träffar för 'lazylibrarian David Verburg' från goodreads/bridge — provar reservkällor
2026-10-03 21:00:02,419 DEBUG   ags.ags.nordic: GET https://www.storytel.com/api/search.action?request_locale=sv&q=lazylibrarian%20David%20Verburg
2026-10-03 21:00:02,456 INFO    ags.gui: ui-status: Söker: lazylibrarian
2026-10-03 21:00:02,457 INFO    ags.gui: ui-status: Provar reservkällor (Storytel/BookBeat/Open Library) …
2026-10-03 21:00:02,835 DEBUG   ags.gui: logg: tail
2026-10-03 21:00:03,429 DEBUG   ags.ags.nordic:   <- 200, 29 bytes
2026-10-03 21:00:03,431 INFO    ags.ags.nordic: Storytel: 0 träffar för 'lazylibrarian David Verburg'
2026-10-03 21:00:03,431 DEBUG   ags.ags.nordic: GET https://search-api.bookbeat.com/api/appsearch/suggest?includeErotic=false&market=sweden&query=lazylibrarian%20David%20Verburg&v=18
2026-10-03 21:00:04,199 DEBUG   ags.ags.nordic:   <- 429, 53 bytes
2026-10-03 21:00:04,199 WARNING ags.ags.nordic: BookBeat-fel: 429 Client Error: Too Many Requests for url: https://search-api.bookbeat.com/api/appsearch/suggest?includeErotic=false&market=sweden&query=lazylibrarian%20David%20Verburg&v=18
2026-10-03 21:00:05,353 DEBUG   ags.gui: logg: tail
2026-10-03 21:00:06,027 INFO    ags.gui: ui-status: Söker: A Practical Guide To Evil II
2026-10-03 21:00:06,487 INFO    ags.engine: match 'A Practical Guide To Evil II' -> 'A Practical Guide to Evil II — David Verburg [A Practical Guide to Evil #II]' (0.95, matchad)
2026-10-03 21:00:06,487 INFO    ags.engine: matchning 'A Practical Guide To Evil II' -> matchad (källa=goodreads, poäng=0.95) sökfråga rensad till 'A Practical Guide To Evil II David Verburg'
2026-10-03 21:00:06,535 INFO    ags.gui: ui-status: Söker: Alex Scarrow - A Thousand Suns 1
2026-10-03 21:00:06,657 INFO    ags.gui: ui-status: hämtar https://www.goodreads.com/search?page=1&q=Alex+Scarrow+1
2026-10-03 21:00:07,870 DEBUG   ags.gui: logg: tail
2026-10-03 21:00:08,798 INFO    ags.goodreads: GET https://www.goodreads.com/search?page=1&q=Alex+Scarrow+1 -> 200 (604457 byte)
2026-10-03 21:00:08,917 INFO    ags.engine.match: goodreads gav 0 träffar för 'Alex Scarrow - A Thousand Suns 1 Alex Scarrow' — provar originaltitlar via Wikipedia
2026-10-03 21:00:09,118 INFO    ags.engine.match: inga träffar för 'Alex Scarrow - A Thousand Suns 1 Alex Scarrow' från goodreads/bridge — provar reservkällor
2026-10-03 21:00:09,118 DEBUG   ags.ags.nordic: GET https://www.storytel.com/api/search.action?request_locale=sv&q=Alex%20Scarrow%20-%20A%20Thousand%20Suns%201%20Alex%20Scarrow
2026-10-03 21:00:09,229 INFO    ags.gui: ui-status: Provar reservkällor (Storytel/BookBeat/Open Library) …
2026-10-03 21:00:10,103 DEBUG   ags.ags.nordic:   <- 200, 29 bytes
2026-10-03 21:00:10,105 INFO    ags.ags.nordic: Storytel: 0 träffar för 'Alex Scarrow - A Thousand Suns 1 Alex Scarrow'
2026-10-03 21:00:10,105 DEBUG   ags.ags.nordic: GET https://search-api.bookbeat.com/api/appsearch/suggest?includeErotic=false&market=sweden&query=Alex%20Scarrow%20-%20A%20Thousand%20Suns%201%20Alex%20Scarrow&v=18
2026-10-03 21:00:10,398 DEBUG   ags.gui: logg: tail
2026-10-03 21:00:10,804 DEBUG   ags.ags.nordic:   <- 429, 53 bytes
2026-10-03 21:00:10,804 WARNING ags.ags.nordic: BookBeat-fel: 429 Client Error: Too Many Requests for url: https://search-api.bookbeat.com/api/appsearch/suggest?includeErotic=false&market=sweden&query=Alex%20Scarrow%20-%20A%20Thousand%20Suns%201%20Alex%20Scarrow&v=18
2026-10-03 21:00:11,120 INFO    ags.gui: ui-status: Söker: Alex Scarrow - A Thousand Suns
2026-10-03 21:00:11,346 INFO    ags.engine.match: goodreads gav 0 träffar för 'Alex Scarrow - A Thousand Suns Alex Scarrow' — provar originaltitlar via Wikipedia
2026-10-03 21:00:11,526 INFO    ags.engine.match: inga träffar för 'Alex Scarrow - A Thousand Suns Alex Scarrow' från goodreads/bridge — provar reservkällor
2026-10-03 21:00:11,526 DEBUG   ags.ags.nordic: GET https://www.storytel.com/api/search.action?request_locale=sv&q=Alex%20Scarrow%20-%20A%20Thousand%20Suns%20Alex%20Scarrow
2026-10-03 21:00:11,617 INFO    ags.gui: ui-status: Provar reservkällor (Storytel/BookBeat/Open Library) …
2026-10-03 21:00:12,608 DEBUG   ags.ags.nordic:   <- 200, 29 bytes
2026-10-03 21:00:12,611 INFO    ags.ags.nordic: Storytel: 0 träffar för 'Alex Scarrow - A Thousand Suns Alex Scarrow'
2026-10-03 21:00:12,611 DEBUG   ags.ags.nordic: GET https://search-api.bookbeat.com/api/appsearch/suggest?includeErotic=false&market=sweden&query=Alex%20Scarrow%20-%20A%20Thousand%20Suns%20Alex%20Scarrow&v=18
2026-10-03 21:00:12,913 DEBUG   ags.gui: logg: tail
2026-10-03 21:00:13,300 DEBUG   ags.ags.nordic:   <- 429, 53 bytes
2026-10-03 21:00:13,300 WARNING ags.ags.nordic: BookBeat-fel: 429 Client Error: Too Many Requests for url: https://search-api.bookbeat.com/api/appsearch/suggest?includeErotic=false&market=sweden&query=Alex%20Scarrow%20-%20A%20Thousand%20Suns%20Alex%20Scarrow&v=18
2026-10-03 21:00:13,731 INFO    ags.gui: ui-status: Söker: A Thousand Suns  01/13
2026-10-03 21:00:13,859 INFO    ags.gui: ui-status: hämtar https://www.goodreads.com/book/show/212639082-a-thousand-suns-by-scarrow-alex-2010-paperback
2026-10-03 21:00:14,459 INFO    ags.goodreads: GET https://www.goodreads.com/book/show/212639082-a-thousand-suns-by-scarrow-alex-2010-paperback -> 200 (126483 byte)
2026-10-03 21:00:15,357 INFO    ags.gui: ui-status: hämtar https://www.goodreads.com/book/show/1224934.A_Thousand_Suns
2026-10-03 21:00:15,435 DEBUG   ags.gui: logg: tail
2026-10-03 21:00:16,767 INFO    ags.goodreads: GET https://www.goodreads.com/book/show/1224934.A_Thousand_Suns -> 200 (516188 byte)
2026-10-03 21:00:16,999 INFO    ags.gui: ui-status: hämtar https://www.goodreads.com/search?page=1&q=A+Thousand+1
2026-10-03 21:00:17,952 DEBUG   ags.gui: logg: tail
2026-10-03 21:00:18,561 INFO    ags.goodreads: GET https://www.goodreads.com/search?page=1&q=A+Thousand+1 -> 200 (618000 byte)
2026-10-03 21:00:18,729 INFO    ags.engine: match 'A Thousand Suns  (13 filer)' -> 'A Thousand Suns — Alex Scarrow' (0.88, matchad, minus 0.06)
2026-10-03 21:00:18,729 INFO    ags.engine: matchning 'A Thousand Suns  (13 filer)' -> matchad (källa=goodreads, poäng=0.88) sökfråga rensad till 'A Thousand Suns 01/13 Alex Scarrow'
2026-10-03 21:00:18,768 INFO    ags.gui: ui-status: Söker: Assassin’s Apprentice 1
2026-10-03 21:00:18,769 INFO    ags.gui: ui-status: hämtar https://www.goodreads.com/search?page=1&q=Assassin%E2%80%99s+Apprentice+1+Robin+Hobb
2026-10-03 21:00:19,251 INFO    ags.goodreads: GET https://www.goodreads.com/search?page=1&q=Assassin%E2%80%99s+Apprentice+1+Robin+Hobb -> 200 (467919 byte)
2026-10-03 21:00:20,311 INFO    ags.gui: ui-status: hämtar https://www.goodreads.com/book/show/125874015-assassin-s-apprentice-volume-1
2026-10-03 21:00:20,490 DEBUG   ags.gui: logg: tail
2026-10-03 21:00:22,214 INFO    ags.goodreads: GET https://www.goodreads.com/book/show/125874015-assassin-s-apprentice-volume-1 -> 200 (518059 byte)
2026-10-03 21:00:22,443 INFO    ags.engine: match 'Assassin’s Apprentice (The Farseer Trilogy, Book 1)' -> "Assassin's Apprentice, Volume 1 — Jody Houser, Robin Hobb, Ryan Kelly [Assassin's Apprentice Graphic Novel #1]" (1.00, matchad)
2026-10-03 21:00:22,443 INFO    ags.engine: matchning 'Assassin’s Apprentice (The Farseer Trilogy, Book 1)' -> matchad (källa=goodreads, poäng=1.00) sökfråga rensad till 'Assassin’s Apprentice 1 Robin Hobb'
2026-10-03 21:00:22,461 INFO    ags.gui: ui-status: Söker: Assassin’s Quest 3
2026-10-03 21:00:22,461 INFO    ags.gui: ui-status: hämtar https://www.goodreads.com/search?page=1&q=Assassin%E2%80%99s+Quest+3+Robin+Hobb
2026-10-03 21:00:22,908 INFO    ags.goodreads: GET https://www.goodreads.com/search?page=1&q=Assassin%E2%80%99s+Quest+3+Robin+Hobb -> 200 (329943 byte)
2026-10-03 21:00:23,020 DEBUG   ags.gui: logg: tail
2026-10-03 21:00:23,634 INFO    ags.engine: match 'Assassin’s Quest (The Farseer Trilogy, Book 3)' -> "Assassin's Quest — Robin Hobb [Farseer #3]" (0.93, matchad, minus 0.18)
2026-10-03 21:00:23,634 INFO    ags.engine: matchning 'Assassin’s Quest (The Farseer Trilogy, Book 3)' -> matchad (källa=goodreads, poäng=0.93) sökfråga rensad till 'Assassin’s Quest 3 Robin Hobb'
2026-10-03 21:00:23,764 INFO    ags.gui: ui-status: Söker: C. A. Fletcher - Dead Water- A novel of folk horror
2026-10-03 21:00:24,011 INFO    ags.gui: ui-status: hämtar https://www.goodreads.com/search?page=1&q=C.+A.+Fletcher+-+Dead+Water-+A+novel+of+folk+horror+C.+A.+Fletcher
2026-10-03 21:00:24,372 INFO    ags.goodreads: GET https://www.goodreads.com/search?page=1&q=C.+A.+Fletcher+-+Dead+Water-+A+novel+of+folk+horror+C.+A.+Fletcher -> 200 (159680 byte)
2026-10-03 21:00:25,527 INFO    ags.gui: ui-status: hämtar https://www.goodreads.com/search?page=1&q=C.+A.+Fletcher+C.+A.+Fletcher
2026-10-03 21:00:25,542 DEBUG   ags.gui: logg: tail
2026-10-03 21:00:26,015 INFO    ags.goodreads: GET https://www.goodreads.com/search?page=1&q=C.+A.+Fletcher+C.+A.+Fletcher -> 200 (589421 byte)
2026-10-03 21:00:26,147 INFO    ags.engine.match: goodreads gav 0 träffar för 'C. A. Fletcher - Dead Water- A novel of folk horror C. A. Fletcher' — provar originaltitlar via Wikipedia
2026-10-03 21:00:26,314 INFO    ags.engine.match: inga träffar för 'C. A. Fletcher - Dead Water- A novel of folk horror C. A. Fletcher' från goodreads/bridge — provar reservkällor
2026-10-03 21:00:26,314 DEBUG   ags.ags.nordic: GET https://www.storytel.com/api/search.action?request_locale=sv&q=C.%20A.%20Fletcher%20-%20Dead%20Water-%20A%20novel%20of%20folk%20horror%20C.%20A.%20Fletcher
2026-10-03 21:00:26,404 INFO    ags.gui: ui-status: Provar reservkällor (Storytel/BookBeat/Open Library) …
2026-10-03 21:00:27,291 DEBUG   ags.ags.nordic:   <- 200, 29 bytes
2026-10-03 21:00:27,294 INFO    ags.ags.nordic: Storytel: 0 träffar för 'C. A. Fletcher - Dead Water- A novel of folk horror C. A. Fletcher'
2026-10-03 21:00:27,294 DEBUG   ags.ags.nordic: GET https://search-api.bookbeat.com/api/appsearch/suggest?includeErotic=false&market=sweden&query=C.%20A.%20Fletcher%20-%20Dead%20Water-%20A%20novel%20of%20folk%20horror%20C.%20A.%20Fletcher&v=18
2026-10-03 21:00:28,065 DEBUG   ags.gui: logg: tail
2026-10-03 21:00:28,126 DEBUG   ags.ags.nordic:   <- 200, 38 bytes
2026-10-03 21:00:28,129 INFO    ags.ags.nordic: BookBeat: 0 träffar för 'C. A. Fletcher - Dead Water- A novel of folk horror C. A. Fletcher'
2026-10-03 21:00:28,409 INFO    ags.gui: ui-status: Söker: Dead Water
2026-10-03 21:00:28,409 INFO    ags.gui: ui-status: hämtar https://www.goodreads.com/search?page=1&q=Dead+Water+C.+A.+Fletcher
2026-10-03 21:00:28,817 INFO    ags.goodreads: GET https://www.goodreads.com/search?page=1&q=Dead+Water+C.+A.+Fletcher -> 200 (194010 byte)
2026-10-03 21:00:28,870 INFO    ags.engine.match: goodreads gav 0 träffar för 'Dead Water C. A. Fletcher' — provar originaltitlar via Wikipedia
2026-10-03 21:00:29,047 INFO    ags.engine.match: inga träffar för 'Dead Water C. A. Fletcher' från goodreads/bridge — provar reservkällor
2026-10-03 21:00:29,048 DEBUG   ags.ags.nordic: GET https://www.storytel.com/api/search.action?request_locale=sv&q=Dead%20Water%20C.%20A.%20Fletcher
2026-10-03 21:00:29,158 INFO    ags.gui: ui-status: Provar reservkällor (Storytel/BookBeat/Open Library) …
2026-10-03 21:00:29,967 DEBUG   ags.ags.nordic:   <- 200, 29 bytes
2026-10-03 21:00:29,970 INFO    ags.ags.nordic: Storytel: 0 träffar för 'Dead Water C. A. Fletcher'
2026-10-03 21:00:29,971 DEBUG   ags.ags.nordic: GET https://search-api.bookbeat.com/api/appsearch/suggest?includeErotic=false&market=sweden&query=Dead%20Water%20C.%20A.%20Fletcher&v=18
2026-10-03 21:00:30,599 DEBUG   ags.gui: logg: tail
2026-10-03 21:00:30,731 DEBUG   ags.ags.nordic:   <- 200, 38 bytes
2026-10-03 21:00:30,734 INFO    ags.ags.nordic: BookBeat: 0 träffar för 'Dead Water C. A. Fletcher'
2026-10-03 21:00:31,447 INFO    ags.engine.match: reservkälla gav 6 träffar för 'Dead Water C. A. Fletcher' (källa=openlibrary)
2026-10-03 21:00:31,468 INFO    ags.engine: match 'Dead Water' -> 'Dead Water — C. A. Fletcher' (0.92, matchad)
2026-10-03 21:00:31,469 INFO    ags.engine: matchning 'Dead Water' -> matchad (källa=openlibrary, poäng=0.92) sökfråga rensad till 'Dead Water C. A. Fletcher' | träffar från Open Library (Goodreads ej tillgänglig)
2026-10-03 21:00:31,599 INFO    ags.gui: ui-status: Söker: lazylibrarian
2026-10-03 21:00:31,599 INFO    ags.gui: ui-status: hämtar https://www.goodreads.com/search?page=1&q=lazylibrarian+Sean+Oswald
2026-10-03 21:00:31,898 INFO    ags.goodreads: GET https://www.goodreads.com/search?page=1&q=lazylibrarian+Sean+Oswald -> 200 (159098 byte)
2026-10-03 21:00:32,991 INFO    ags.gui: ui-status: hämtar https://www.goodreads.com/search?page=1&q=lazylibrarian+5
2026-10-03 21:00:33,118 DEBUG   ags.gui: logg: tail
2026-10-03 21:00:33,372 INFO    ags.goodreads: GET https://www.goodreads.com/search?page=1&q=lazylibrarian+5 -> 200 (158956 byte)
2026-10-03 21:00:33,415 INFO    ags.engine.match: goodreads gav 0 träffar för 'lazylibrarian Sean Oswald' — provar originaltitlar via Wikipedia
2026-10-03 21:00:33,416 INFO    ags.engine.match: inga träffar för 'lazylibrarian Sean Oswald' från goodreads/bridge — provar reservkällor
2026-10-03 21:00:33,416 DEBUG   ags.ags.nordic: GET https://www.storytel.com/api/search.action?request_locale=sv&q=lazylibrarian%20Sean%20Oswald
2026-10-03 21:00:33,502 INFO    ags.gui: ui-status: Provar reservkällor (Storytel/BookBeat/Open Library) …
2026-10-03 21:00:34,303 DEBUG   ags.ags.nordic:   <- 200, 29 bytes
2026-10-03 21:00:34,306 INFO    ags.ags.nordic: Storytel: 0 träffar för 'lazylibrarian Sean Oswald'
2026-10-03 21:00:34,307 DEBUG   ags.ags.nordic: GET https://search-api.bookbeat.com/api/appsearch/suggest?includeErotic=false&market=sweden&query=lazylibrarian%20Sean%20Oswald&v=18
2026-10-03 21:00:35,162 DEBUG   ags.ags.nordic:   <- 200, 38 bytes
2026-10-03 21:00:35,164 INFO    ags.ags.nordic: BookBeat: 0 träffar för 'lazylibrarian Sean Oswald'
2026-10-03 21:00:35,646 DEBUG   ags.gui: logg: tail
2026-10-03 21:00:36,990 INFO    ags.gui: ui-status: Söker: Contention
2026-10-03 21:00:37,358 INFO    ags.engine: match 'Contention (Unabridged)' -> 'Contention — Sean Oswald [Welcome to the Multiverse #5]' (1.00, matchad)
2026-10-03 21:00:37,358 INFO    ags.engine: matchning 'Contention (Unabridged)' -> matchad (källa=goodreads, poäng=1.00) sökfråga rensad till 'Contention Sean Oswald'
2026-10-03 21:00:37,372 INFO    ags.gui: ui-status: Söker: Control Welcome to the Multiverse 6
2026-10-03 21:00:37,372 INFO    ags.gui: ui-status: hämtar https://www.goodreads.com/search?page=1&q=Control+Welcome+to+the+Multiverse+6+Sean+Oswald
2026-10-03 21:00:37,887 INFO    ags.goodreads: GET https://www.goodreads.com/search?page=1&q=Control+Welcome+to+the+Multiverse+6+Sean+Oswald -> 200 (195768 byte)
2026-10-03 21:00:38,167 DEBUG   ags.gui: logg: tail
2026-10-03 21:00:38,887 INFO    ags.gui: ui-status: hämtar https://www.goodreads.com/search?page=1&q=Control+Welcome+to+Sean+Oswald
2026-10-03 21:00:39,468 INFO    ags.goodreads: GET https://www.goodreads.com/search?page=1&q=Control+Welcome+to+Sean+Oswald -> 200 (195566 byte)
2026-10-03 21:00:40,404 INFO    ags.gui: ui-status: hämtar https://www.goodreads.com/search?page=1&q=Control+Welcome+6
2026-10-03 21:00:40,702 DEBUG   ags.gui: logg: tail
2026-10-03 21:00:41,149 INFO    ags.goodreads: GET https://www.goodreads.com/search?page=1&q=Control+Welcome+6 -> 200 (209153 byte)
2026-10-03 21:00:41,192 INFO    ags.engine.match: goodreads gav 0 träffar för 'Control Welcome to the Multiverse 6 Sean Oswald' — provar originaltitlar via Wikipedia
2026-10-03 21:00:41,379 INFO    ags.engine.match: inga träffar för 'Control Welcome to the Multiverse 6 Sean Oswald' från goodreads/bridge — provar reservkällor
2026-10-03 21:00:41,380 DEBUG   ags.ags.nordic: GET https://www.storytel.com/api/search.action?request_locale=sv&q=Control%20Welcome%20to%20the%20Multiverse%206%20Sean%20Oswald
2026-10-03 21:00:41,424 INFO    ags.gui: ui-status: Provar reservkällor (Storytel/BookBeat/Open Library) …
2026-10-03 21:00:42,372 DEBUG   ags.ags.nordic:   <- 200, 29 bytes
2026-10-03 21:00:42,376 INFO    ags.ags.nordic: Storytel: 0 träffar för 'Control Welcome to the Multiverse 6 Sean Oswald'
2026-10-03 21:00:42,376 DEBUG   ags.ags.nordic: GET https://search-api.bookbeat.com/api/appsearch/suggest?includeErotic=false&market=sweden&query=Control%20Welcome%20to%20the%20Multiverse%206%20Sean%20Oswald&v=18
2026-10-03 21:00:43,226 DEBUG   ags.gui: logg: tail
2026-10-03 21:00:43,228 DEBUG   ags.ags.nordic:   <- 200, 39 bytes
2026-10-03 21:00:43,232 INFO    ags.ags.nordic: BookBeat: 0 träffar för 'Control Welcome to the Multiverse 6 Sean Oswald'
2026-10-03 21:00:43,571 INFO    ags.gui: ui-status: Söker: Control Welcome to the Multiverse Book 6 Audiobook
2026-10-03 21:00:43,571 INFO    ags.gui: ui-status: hämtar https://www.goodreads.com/search?page=1&q=Control+Welcome+to+the+Multiverse+Book+6+Audiobook+Sean+Oswald
2026-10-03 21:00:43,959 INFO    ags.goodreads: GET https://www.goodreads.com/search?page=1&q=Control+Welcome+to+the+Multiverse+Book+6+Audiobook+Sean+Oswald -> 200 (159589 byte)
2026-10-03 21:00:44,047 INFO    ags.engine.match: goodreads gav 0 träffar för 'Control Welcome to the Multiverse Book 6 Audiobook Sean Oswald' — provar originaltitlar via Wikipedia
2026-10-03 21:00:44,228 INFO    ags.engine.match: inga träffar för 'Control Welcome to the Multiverse Book 6 Audiobook Sean Oswald' från goodreads/bridge — provar reservkällor
2026-10-03 21:00:44,229 DEBUG   ags.ags.nordic: GET https://www.storytel.com/api/search.action?request_locale=sv&q=Control%20Welcome%20to%20the%20Multiverse%20Book%206%20Audiobook%20Sean%20Oswald
2026-10-03 21:00:44,326 INFO    ags.gui: ui-status: Provar reservkällor (Storytel/BookBeat/Open Library) …
2026-10-03 21:00:45,232 DEBUG   ags.ags.nordic:   <- 200, 29 bytes
2026-10-03 21:00:45,236 INFO    ags.ags.nordic: Storytel: 0 träffar för 'Control Welcome to the Multiverse Book 6 Audiobook Sean Oswald'
2026-10-03 21:00:45,236 DEBUG   ags.ags.nordic: GET https://search-api.bookbeat.com/api/appsearch/suggest?includeErotic=false&market=sweden&query=Control%20Welcome%20to%20the%20Multiverse%20Book%206%20Audiobook%20Sean%20Oswald&v=18
2026-10-03 21:00:45,760 DEBUG   ags.gui: logg: tail
2026-10-03 21:00:46,093 DEBUG   ags.ags.nordic:   <- 200, 39 bytes
2026-10-03 21:00:46,096 INFO    ags.ags.nordic: BookBeat: 0 träffar för 'Control Welcome to the Multiverse Book 6 Audiobook Sean Oswald'
2026-10-03 21:00:46,448 INFO    ags.gui: ui-status: Söker: Control
2026-10-03 21:00:46,738 INFO    ags.engine: match 'Control (Unabridged)' -> 'Control: Welcome to the Multiverse — Sean Oswald [Welcome to the Multiverse #6]' (1.00, matchad)
2026-10-03 21:00:46,738 INFO    ags.engine: matchning 'Control (Unabridged)' -> matchad (källa=goodreads, poäng=1.00) sökfråga rensad till 'Control Sean Oswald'
2026-10-03 21:00:46,871 INFO    ags.gui: ui-status: Söker: Countdown: Welcome to the Multiverse, 2
2026-10-03 21:00:46,871 INFO    ags.gui: ui-status: hämtar https://www.goodreads.com/search?page=1&q=Countdown%3A+Welcome+to+the+Multiverse%2C+2+Sean+Oswald
2026-10-03 21:00:47,190 INFO    ags.goodreads: GET https://www.goodreads.com/search?page=1&q=Countdown%3A+Welcome+to+the+Multiverse%2C+2+Sean+Oswald -> 200 (196782 byte)
2026-10-03 21:00:47,504 INFO    ags.engine: match 'Countdown: Welcome to the Multiverse, Book 2' -> 'Countdown — Sean Oswald [Welcome to the Multiverse #2]' (1.00, matchad)
2026-10-03 21:00:47,504 INFO    ags.engine: matchning 'Countdown: Welcome to the Multiverse, Book 2' -> matchad (källa=goodreads, poäng=1.00) sökfråga rensad till 'Countdown: Welcome to the Multiverse, 2 Sean Oswald'
2026-10-03 21:00:47,625 INFO    ags.gui: ui-status: Söker: Deathtrap: Expeditionary Force Mavericks, 1
2026-10-03 21:00:48,255 INFO    ags.gui: ui-status: hämtar https://www.goodreads.com/search?page=1&q=Deathtrap%3A+Expeditionary+Force+Mavericks%2C+1+Craig+Alanson
2026-10-03 21:00:48,287 DEBUG   ags.gui: logg: tail
2026-10-03 21:00:48,716 INFO    ags.goodreads: GET https://www.goodreads.com/search?page=1&q=Deathtrap%3A+Expeditionary+Force+Mavericks%2C+1+Craig+Alanson -> 200 (159541 byte)
2026-10-03 21:00:49,758 INFO    ags.gui: ui-status: hämtar https://www.goodreads.com/search?page=1&q=Deathtrap%3A+Expeditionary+Force+Craig+Alanson
2026-10-03 21:00:50,201 INFO    ags.goodreads: GET https://www.goodreads.com/search?page=1&q=Deathtrap%3A+Expeditionary+Force+Craig+Alanson -> 200 (196891 byte)
2026-10-03 21:00:50,808 DEBUG   ags.gui: logg: tail
2026-10-03 21:00:51,258 INFO    ags.gui: ui-status: hämtar https://www.goodreads.com/search?page=1&q=Deathtrap%3A+Expeditionary+1
2026-10-03 21:00:51,822 INFO    ags.goodreads: GET https://www.goodreads.com/search?page=1&q=Deathtrap%3A+Expeditionary+1 -> 200 (196725 byte)
2026-10-03 21:00:51,871 INFO    ags.engine.match: goodreads gav 0 träffar för 'Deathtrap: Expeditionary Force Mavericks, 1 Craig Alanson' — provar originaltitlar via Wikipedia
2026-10-03 21:00:52,026 INFO    ags.engine.match: inga träffar för 'Deathtrap: Expeditionary Force Mavericks, 1 Craig Alanson' från goodreads/bridge — provar reservkällor
2026-10-03 21:00:52,027 DEBUG   ags.ags.nordic: GET https://www.storytel.com/api/search.action?request_locale=sv&q=Deathtrap%3A%20Expeditionary%20Force%20Mavericks%2C%201%20Craig%20Alanson
2026-10-03 21:00:52,031 INFO    ags.gui: ui-status: Provar reservkällor (Storytel/BookBeat/Open Library) …
2026-10-03 21:00:53,071 DEBUG   ags.ags.nordic:   <- 200, 29 bytes
2026-10-03 21:00:53,074 INFO    ags.ags.nordic: Storytel: 0 träffar för 'Deathtrap: Expeditionary Force Mavericks, 1 Craig Alanson'
2026-10-03 21:00:53,075 DEBUG   ags.ags.nordic: GET https://search-api.bookbeat.com/api/appsearch/suggest?includeErotic=false&market=sweden&query=Deathtrap%3A%20Expeditionary%20Force%20Mavericks%2C%201%20Craig%20Alanson&v=18
2026-10-03 21:00:53,332 DEBUG   ags.gui: logg: tail
2026-10-03 21:00:53,935 DEBUG   ags.ags.nordic:   <- 200, 39 bytes
2026-10-03 21:00:53,939 INFO    ags.ags.nordic: BookBeat: 0 träffar för 'Deathtrap: Expeditionary Force Mavericks, 1 Craig Alanson'
2026-10-03 21:00:54,289 INFO    ags.gui: ui-status: Söker: Deathtrap Expeditionary Force Mavericks, Book
2026-10-03 21:00:54,290 INFO    ags.gui: ui-status: hämtar https://www.goodreads.com/search?page=1&q=Deathtrap+Expeditionary+Force+Mavericks%2C+Book+Craig+Alanson
2026-10-03 21:00:54,662 INFO    ags.goodreads: GET https://www.goodreads.com/search?page=1&q=Deathtrap+Expeditionary+Force+Mavericks%2C+Book+Craig+Alanson -> 200 (159557 byte)
2026-10-03 21:00:55,803 INFO    ags.gui: ui-status: hämtar https://www.goodreads.com/search?page=1&q=Deathtrap+Expeditionary+Force+Craig+Alanson
2026-10-03 21:00:55,865 DEBUG   ags.gui: logg: tail
2026-10-03 21:00:56,161 INFO    ags.goodreads: GET https://www.goodreads.com/search?page=1&q=Deathtrap+Expeditionary+Force+Craig+Alanson -> 200 (196878 byte)
2026-10-03 21:00:57,305 INFO    ags.gui: ui-status: hämtar https://www.goodreads.com/search?page=1&q=Deathtrap+Expeditionary+1
2026-10-03 21:00:57,850 INFO    ags.goodreads: GET https://www.goodreads.com/search?page=1&q=Deathtrap+Expeditionary+1 -> 200 (196708 byte)
2026-10-03 21:00:57,902 INFO    ags.engine.match: goodreads gav 0 träffar för 'Deathtrap Expeditionary Force Mavericks, Book Craig Alanson' — provar originaltitlar via Wikipedia
2026-10-03 21:00:58,116 INFO    ags.engine.match: inga träffar för 'Deathtrap Expeditionary Force Mavericks, Book Craig Alanson' från goodreads/bridge — provar reservkällor
2026-10-03 21:00:58,117 DEBUG   ags.ags.nordic: GET https://www.storytel.com/api/search.action?request_locale=sv&q=Deathtrap%20Expeditionary%20Force%20Mavericks%2C%20Book%20Craig%20Alanson
2026-10-03 21:00:58,176 INFO    ags.gui: ui-status: Provar reservkällor (Storytel/BookBeat/Open Library) …
2026-10-03 21:00:58,394 DEBUG   ags.gui: logg: tail
2026-10-03 21:00:59,274 DEBUG   ags.ags.nordic:   <- 200, 29 bytes
2026-10-03 21:00:59,278 INFO    ags.ags.nordic: Storytel: 0 träffar för 'Deathtrap Expeditionary Force Mavericks, Book Craig Alanson'
2026-10-03 21:00:59,278 DEBUG   ags.ags.nordic: GET https://search-api.bookbeat.com/api/appsearch/suggest?includeErotic=false&market=sweden&query=Deathtrap%20Expeditionary%20Force%20Mavericks%2C%20Book%20Craig%20Alanson&v=18
2026-10-03 21:01:00,136 DEBUG   ags.ags.nordic:   <- 200, 39 bytes
2026-10-03 21:01:00,139 INFO    ags.ags.nordic: BookBeat: 0 träffar för 'Deathtrap Expeditionary Force Mavericks, Book Craig Alanson'
2026-10-03 21:01:00,554 INFO    ags.gui: ui-status: Söker: Deathtrap: Expeditionary Force Mavericks,
2026-10-03 21:01:00,554 INFO    ags.gui: ui-status: hämtar https://www.goodreads.com/search?page=1&q=Deathtrap%3A+Expeditionary+Force+Mavericks%2C+Craig+Alanson
2026-10-03 21:01:00,916 DEBUG   ags.gui: logg: tail
2026-10-03 21:01:00,931 INFO    ags.goodreads: GET https://www.goodreads.com/search?page=1&q=Deathtrap%3A+Expeditionary+Force+Mavericks%2C+Craig+Alanson -> 200 (197099 byte)
2026-10-03 21:01:01,015 INFO    ags.engine.match: goodreads gav 0 träffar för 'Deathtrap: Expeditionary Force Mavericks, Craig Alanson' — provar originaltitlar via Wikipedia
2026-10-03 21:01:01,186 INFO    ags.engine.match: inga träffar för 'Deathtrap: Expeditionary Force Mavericks, Craig Alanson' från goodreads/bridge — provar reservkällor
2026-10-03 21:01:01,187 DEBUG   ags.ags.nordic: GET https://www.storytel.com/api/search.action?request_locale=sv&q=Deathtrap%3A%20Expeditionary%20Force%20Mavericks%2C%20Craig%20Alanson
2026-10-03 21:01:01,303 INFO    ags.gui: ui-status: Provar reservkällor (Storytel/BookBeat/Open Library) …
2026-10-03 21:01:02,212 DEBUG   ags.ags.nordic:   <- 200, 29 bytes
2026-10-03 21:01:02,217 INFO    ags.ags.nordic: Storytel: 0 träffar för 'Deathtrap: Expeditionary Force Mavericks, Craig Alanson'
2026-10-03 21:01:02,219 DEBUG   ags.ags.nordic: GET https://search-api.bookbeat.com/api/appsearch/suggest?includeErotic=false&market=sweden&query=Deathtrap%3A%20Expeditionary%20Force%20Mavericks%2C%20Craig%20Alanson&v=18
2026-10-03 21:01:03,070 DEBUG   ags.ags.nordic:   <- 200, 39 bytes
2026-10-03 21:01:03,073 INFO    ags.ags.nordic: BookBeat: 0 träffar för 'Deathtrap: Expeditionary Force Mavericks, Craig Alanson'
2026-10-03 21:01:03,325 INFO    ags.gui: ui-status: Söker: Craig Alanson - Deathtrap Expeditionary Force Mavericks, Book 1
2026-10-03 21:01:03,326 INFO    ags.gui: ui-status: hämtar https://www.goodreads.com/search?page=1&q=Craig+Alanson+-+Deathtrap+Expeditionary+Force+Mavericks%2C+Book+1+Craig+Alanson
2026-10-03 21:01:03,434 DEBUG   ags.gui: logg: tail
2026-10-03 21:01:03,734 INFO    ags.goodreads: GET https://www.goodreads.com/search?page=1&q=Craig+Alanson+-+Deathtrap+Expeditionary+Force+Mavericks%2C+Book+1+Craig+Alanson -> 200 (159539 byte)
2026-10-03 21:01:04,855 INFO    ags.gui: ui-status: hämtar https://www.goodreads.com/search?page=1&q=Craig+Alanson+-+Craig+Alanson
2026-10-03 21:01:05,404 INFO    ags.goodreads: GET https://www.goodreads.com/search?page=1&q=Craig+Alanson+-+Craig+Alanson -> 200 (620865 byte)
2026-10-03 21:01:05,987 DEBUG   ags.gui: logg: tail
2026-10-03 21:01:06,419 INFO    ags.gui: ui-status: hämtar https://www.goodreads.com/search?page=1&q=Craig+Alanson+1
2026-10-03 21:01:07,261 INFO    ags.goodreads: GET https://www.goodreads.com/search?page=1&q=Craig+Alanson+1 -> 200 (610699 byte)
2026-10-03 21:01:07,375 INFO    ags.engine.match: goodreads gav 0 träffar för 'Craig Alanson - Deathtrap Expeditionary Force Mavericks, Book 1 Craig Alanson' — provar originaltitlar via Wikipedia
2026-10-03 21:01:07,755 INFO    ags.engine.match: inga träffar för 'Craig Alanson - Deathtrap Expeditionary Force Mavericks, Book 1 Craig Alanson' från goodreads/bridge — provar reservkällor
2026-10-03 21:01:07,755 DEBUG   ags.ags.nordic: GET https://www.storytel.com/api/search.action?request_locale=sv&q=Craig%20Alanson%20-%20Deathtrap%20Expeditionary%20Force%20Mavericks%2C%20Book%201%20Craig%20Alanson
2026-10-03 21:01:07,803 INFO    ags.gui: ui-status: Provar reservkällor (Storytel/BookBeat/Open Library) …
2026-10-03 21:01:08,526 DEBUG   ags.gui: logg: tail
2026-10-03 21:01:08,773 DEBUG   ags.ags.nordic:   <- 200, 29 bytes
2026-10-03 21:01:08,777 INFO    ags.ags.nordic: Storytel: 0 träffar för 'Craig Alanson - Deathtrap Expeditionary Force Mavericks, Book 1 Craig Alanson'
2026-10-03 21:01:08,777 DEBUG   ags.ags.nordic: GET https://search-api.bookbeat.com/api/appsearch/suggest?includeErotic=false&market=sweden&query=Craig%20Alanson%20-%20Deathtrap%20Expeditionary%20Force%20Mavericks%2C%20Book%201%20Craig%20Alanson&v=18
2026-10-03 21:01:09,633 DEBUG   ags.ags.nordic:   <- 200, 39 bytes
2026-10-03 21:01:09,637 INFO    ags.ags.nordic: BookBeat: 0 träffar för 'Craig Alanson - Deathtrap Expeditionary Force Mavericks, Book 1 Craig Alanson'
2026-10-03 21:01:10,062 INFO    ags.gui: ui-status: Söker: Deathtrap: Expeditionary Force Mavericks, Book 1
2026-10-03 21:01:10,063 INFO    ags.gui: ui-status: hämtar https://www.goodreads.com/search?page=1&q=Deathtrap%3A+Expeditionary+Force+Mavericks%2C+Book+1+Craig+Alanson
2026-10-03 21:01:10,648 INFO    ags.goodreads: GET https://www.goodreads.com/search?page=1&q=Deathtrap%3A+Expeditionary+Force+Mavericks%2C+Book+1+Craig+Alanson -> 200 (159593 byte)
2026-10-03 21:01:10,744 INFO    ags.engine.match: goodreads gav 0 träffar för 'Deathtrap: Expeditionary Force Mavericks, Book 1 Craig Alanson' — provar originaltitlar via Wikipedia
2026-10-03 21:01:10,912 INFO    ags.engine.match: inga träffar för 'Deathtrap: Expeditionary Force Mavericks, Book 1 Craig Alanson' från goodreads/bridge — provar reservkällor
2026-10-03 21:01:10,912 DEBUG   ags.ags.nordic: GET https://www.storytel.com/api/search.action?request_locale=sv&q=Deathtrap%3A%20Expeditionary%20Force%20Mavericks%2C%20Book%201%20Craig%20Alanson
2026-10-03 21:01:10,947 INFO    ags.gui: ui-status: Provar reservkällor (Storytel/BookBeat/Open Library) …
2026-10-03 21:01:11,065 DEBUG   ags.gui: logg: tail
2026-10-03 21:01:12,003 DEBUG   ags.ags.nordic:   <- 200, 29 bytes
2026-10-03 21:01:12,007 INFO    ags.ags.nordic: Storytel: 0 träffar för 'Deathtrap: Expeditionary Force Mavericks, Book 1 Craig Alanson'
2026-10-03 21:01:12,007 DEBUG   ags.ags.nordic: GET https://search-api.bookbeat.com/api/appsearch/suggest?includeErotic=false&market=sweden&query=Deathtrap%3A%20Expeditionary%20Force%20Mavericks%2C%20Book%201%20Craig%20Alanson&v=18
2026-10-03 21:01:12,870 DEBUG   ags.ags.nordic:   <- 200, 39 bytes
2026-10-03 21:01:12,873 INFO    ags.ags.nordic: BookBeat: 0 träffar för 'Deathtrap: Expeditionary Force Mavericks, Book 1 Craig Alanson'
2026-10-03 21:01:13,200 WARNING ags.engine: matchning 'Deathtrap: Expeditionary Force Mavericks, Book 1' -> ej matchad. Orsak: sökfråga rensad till 'Deathtrap: Expeditionary Force Mavericks, Book 1 Craig Alanson'
2026-10-03 21:01:13,206 INFO    ags.gui: ui-status: Söker: Dark Worlds of H. P. Lovecraft
2026-10-03 21:01:13,206 INFO    ags.gui: ui-status: hämtar https://www.goodreads.com/search?page=1&q=Dark+Worlds+of+H.+P.+Lovecraft+H.+P.+Lovecraft
2026-10-03 21:01:13,582 DEBUG   ags.gui: logg: tail
2026-10-03 21:01:14,782 INFO    ags.goodreads: GET https://www.goodreads.com/search?page=1&q=Dark+Worlds+of+H.+P.+Lovecraft+H.+P.+Lovecraft -> 200 (481169 byte)
2026-10-03 21:01:14,884 INFO    ags.gui: ui-status: hämtar https://www.goodreads.com/search?page=1&q=Dark+Worlds+H.+P.+Lovecraft
2026-10-03 21:01:16,046 INFO    ags.goodreads: GET https://www.goodreads.com/search?page=1&q=Dark+Worlds+H.+P.+Lovecraft -> 200 (474313 byte)
2026-10-03 21:01:16,120 DEBUG   ags.gui: logg: tail
2026-10-03 21:01:16,419 INFO    ags.gui: ui-status: hämtar https://www.goodreads.com/search?page=1&q=Dark+Worlds+14
2026-10-03 21:01:18,411 INFO    ags.goodreads: GET https://www.goodreads.com/search?page=1&q=Dark+Worlds+14 -> 200 (495926 byte)
2026-10-03 21:01:18,520 INFO    ags.engine.match: goodreads gav 0 träffar för 'Dark Worlds of H. P. Lovecraft H. P. Lovecraft' — provar originaltitlar via Wikipedia
2026-10-03 21:01:18,654 DEBUG   ags.gui: logg: tail
2026-10-03 21:01:18,695 INFO    ags.engine.match: inga träffar för 'Dark Worlds of H. P. Lovecraft H. P. Lovecraft' från goodreads/bridge — provar reservkällor
2026-10-03 21:01:18,695 DEBUG   ags.ags.nordic: GET https://www.storytel.com/api/search.action?request_locale=sv&q=Dark%20Worlds%20of%20H.%20P.%20Lovecraft%20H.%20P.%20Lovecraft
2026-10-03 21:01:18,812 INFO    ags.gui: ui-status: Provar reservkällor (Storytel/BookBeat/Open Library) …
2026-10-03 21:01:20,067 DEBUG   ags.ags.nordic:   <- 200, 61736 bytes
2026-10-03 21:01:20,075 INFO    ags.ags.nordic: Storytel: 6 träffar för 'Dark Worlds of H. P. Lovecraft H. P. Lovecraft'
2026-10-03 21:01:20,075 INFO    ags.engine.match: reservkälla gav 6 träffar för 'Dark Worlds of H. P. Lovecraft H. P. Lovecraft' (källa=storytel)
2026-10-03 21:01:20,108 INFO    ags.engine: match 'The Dark Worlds of H. P. Lovecraft (Volume 5)  (3 filer)' -> 'The Complete Works of H. P. Lovecraft: Cosmic Horror, Cthulhu Mythos & the Foundations of Modern Dark Fiction — H. P. Lovecraft' (0.61, ej matchad)
2026-10-03 21:01:20,108 INFO    ags.engine: matchning 'The Dark Worlds of H. P. Lovecraft (Volume 5)  (3 filer)' -> behöver koll (källa=storytel, poäng=0.61) sökfråga rensad till 'Dark Worlds of H. P. Lovecraft H. P. Lovecraft' | träffar från Storytel (Goodreads ej tillgänglig) | Två nära träffar (0.61 vs 0.28)
2026-10-03 21:01:20,188 INFO    ags.gui: ui-status: Söker: Dark Worlds of H. P. Lovecraft
2026-10-03 21:01:20,321 INFO    ags.gui: ui-status: hämtar https://www.goodreads.com/search?page=1&q=Dark+Worlds+11
2026-10-03 21:01:21,187 DEBUG   ags.gui: logg: tail
2026-10-03 21:01:23,442 INFO    ags.goodreads: GET https://www.goodreads.com/search?page=1&q=Dark+Worlds+11 -> 200 (484396 byte)
2026-10-03 21:01:23,543 INFO    ags.engine.match: goodreads gav 0 träffar för 'Dark Worlds of H. P. Lovecraft H. P. Lovecraft' — provar originaltitlar via Wikipedia
2026-10-03 21:01:23,543 INFO    ags.engine.match: inga träffar för 'Dark Worlds of H. P. Lovecraft H. P. Lovecraft' från goodreads/bridge — provar reservkällor
2026-10-03 21:01:23,544 DEBUG   ags.ags.nordic: GET https://www.storytel.com/api/search.action?request_locale=sv&q=Dark%20Worlds%20of%20H.%20P.%20Lovecraft%20H.%20P.%20Lovecraft
2026-10-03 21:01:23,622 INFO    ags.gui: ui-status: Provar reservkällor (Storytel/BookBeat/Open Library) …
2026-10-03 21:01:23,701 DEBUG   ags.gui: logg: tail
2026-10-03 21:01:24,464 DEBUG   ags.ags.nordic:   <- 200, 61746 bytes
2026-10-03 21:01:24,468 INFO    ags.ags.nordic: Storytel: 6 träffar för 'Dark Worlds of H. P. Lovecraft H. P. Lovecraft'
2026-10-03 21:01:24,468 INFO    ags.engine.match: reservkälla gav 6 träffar för 'Dark Worlds of H. P. Lovecraft H. P. Lovecraft' (källa=storytel)
2026-10-03 21:01:24,504 INFO    ags.engine: match 'The Dark Worlds of H. P. Lovecraft (Volume 4)  (3 filer)' -> 'The Complete Works of H. P. Lovecraft: Cosmic Horror, Cthulhu Mythos & the Foundations of Modern Dark Fiction — H. P. Lovecraft' (0.59, ej matchad)
2026-10-03 21:01:24,504 INFO    ags.engine: matchning 'The Dark Worlds of H. P. Lovecraft (Volume 4)  (3 filer)' -> behöver koll (källa=storytel, poäng=0.59) sökfråga rensad till 'Dark Worlds of H. P. Lovecraft H. P. Lovecraft' | träffar från Storytel (Goodreads ej tillgänglig) | Två nära träffar (0.59 vs 0.28)
2026-10-03 21:01:24,634 INFO    ags.gui: ui-status: Söker: 05)
2026-10-03 21:01:24,635 INFO    ags.gui: ui-status: hämtar https://www.goodreads.com/search?page=1&q=05%29+H.+P.+Lovecraft
2026-10-03 21:01:25,136 INFO    ags.goodreads: GET https://www.goodreads.com/search?page=1&q=05%29+H.+P.+Lovecraft -> 200 (513970 byte)
2026-10-03 21:01:26,120 INFO    ags.gui: ui-status: hämtar https://www.goodreads.com/search?page=1&q=05%29+1
2026-10-03 21:01:26,230 DEBUG   ags.gui: logg: tail
2026-10-03 21:01:27,769 INFO    ags.goodreads: GET https://www.goodreads.com/search?page=1&q=05%29+1 -> 200 (623983 byte)
2026-10-03 21:01:27,913 INFO    ags.engine.match: goodreads gav 0 träffar för '05) H. P. Lovecraft' — provar originaltitlar via Wikipedia
2026-10-03 21:01:28,102 INFO    ags.engine.match: inga träffar för '05) H. P. Lovecraft' från goodreads/bridge — provar reservkällor
2026-10-03 21:01:28,102 DEBUG   ags.ags.nordic: GET https://www.storytel.com/api/search.action?request_locale=sv&q=05%29%20H.%20P.%20Lovecraft
2026-10-03 21:01:28,135 INFO    ags.gui: ui-status: Provar reservkällor (Storytel/BookBeat/Open Library) …
2026-10-03 21:01:28,764 DEBUG   ags.gui: logg: tail
2026-10-03 21:01:29,152 DEBUG   ags.ags.nordic:   <- 200, 7826 bytes
2026-10-03 21:01:29,156 INFO    ags.ags.nordic: Storytel: 2 träffar för '05) H. P. Lovecraft'
2026-10-03 21:01:29,156 DEBUG   ags.ags.nordic: GET https://search-api.bookbeat.com/api/appsearch/suggest?includeErotic=false&market=sweden&query=05%29%20H.%20P.%20Lovecraft&v=18
2026-10-03 21:01:29,946 DEBUG   ags.ags.nordic:   <- 200, 38 bytes
2026-10-03 21:01:29,948 INFO    ags.ags.nordic: BookBeat: 0 träffar för '05) H. P. Lovecraft'
2026-10-03 21:01:30,222 INFO    ags.engine.match: reservkälla gav 2 träffar för '05) H. P. Lovecraft' (källa=storytel)
2026-10-03 21:01:30,240 INFO    ags.engine: match 'The Dark Worlds of H. P. Lovecraft (Volume 1)  (3 filer)' -> "The Top 10 Short Stories - The 1920's - The Americans: The top ten short stories written in the 1920s by authors from America — F Scott Fitzgerald, H P Lovecraft, Rudolph Fisher" (0.37, ej matchad, minus 0.06)
2026-10-03 21:01:30,240 INFO    ags.engine: matchning 'The Dark Worlds of H. P. Lovecraft (Volume 1)  (3 filer)' -> ej matchad (källa=storytel, poäng=0.37) sökfråga rensad till '05) H. P. Lovecraft' | träffar från Storytel (Goodreads ej tillgänglig)
2026-10-03 21:01:30,281 INFO    ags.gui: ui-status: Söker: Dark Worlds of H. P. Lovecraft
2026-10-03 21:01:30,530 INFO    ags.gui: ui-status: hämtar https://www.goodreads.com/search?page=1&q=Dark+Worlds+7
2026-10-03 21:01:31,281 DEBUG   ags.gui: logg: tail
2026-10-03 21:01:32,541 INFO    ags.goodreads: GET https://www.goodreads.com/search?page=1&q=Dark+Worlds+7 -> 200 (558041 byte)
2026-10-03 21:01:32,664 INFO    ags.engine.match: goodreads gav 0 träffar för 'Dark Worlds of H. P. Lovecraft H. P. Lovecraft' — provar originaltitlar via Wikipedia
2026-10-03 21:01:32,664 INFO    ags.engine.match: inga träffar för 'Dark Worlds of H. P. Lovecraft H. P. Lovecraft' från goodreads/bridge — provar reservkällor
2026-10-03 21:01:32,664 DEBUG   ags.ags.nordic: GET https://www.storytel.com/api/search.action?request_locale=sv&q=Dark%20Worlds%20of%20H.%20P.%20Lovecraft%20H.%20P.%20Lovecraft
2026-10-03 21:01:32,796 INFO    ags.gui: ui-status: Provar reservkällor (Storytel/BookBeat/Open Library) …
2026-10-03 21:01:33,465 DEBUG   ags.ags.nordic:   <- 200, 61746 bytes
2026-10-03 21:01:33,468 INFO    ags.ags.nordic: Storytel: 6 träffar för 'Dark Worlds of H. P. Lovecraft H. P. Lovecraft'
2026-10-03 21:01:33,468 INFO    ags.engine.match: reservkälla gav 6 träffar för 'Dark Worlds of H. P. Lovecraft H. P. Lovecraft' (källa=storytel)
2026-10-03 21:01:33,494 INFO    ags.engine: match 'The Dark Worlds of H. P. Lovecraft (Volume 3)  (4 filer)' -> 'The Complete Works of H. P. Lovecraft: Cosmic Horror, Cthulhu Mythos & the Foundations of Modern Dark Fiction — H. P. Lovecraft' (0.58, ej matchad)
2026-10-03 21:01:33,494 INFO    ags.engine: matchning 'The Dark Worlds of H. P. Lovecraft (Volume 3)  (4 filer)' -> behöver koll (källa=storytel, poäng=0.58) sökfråga rensad till 'Dark Worlds of H. P. Lovecraft H. P. Lovecraft' | träffar från Storytel (Goodreads ej tillgänglig) | Två nära träffar (0.58 vs 0.29)
2026-10-03 21:01:33,548 INFO    ags.gui: ui-status: Söker: 03)
2026-10-03 21:01:33,549 INFO    ags.gui: ui-status: hämtar https://www.goodreads.com/search?page=1&q=03%29+H.+P.+Lovecraft
2026-10-03 21:01:33,813 DEBUG   ags.gui: logg: tail
2026-10-03 21:01:34,292 INFO    ags.goodreads: GET https://www.goodreads.com/search?page=1&q=03%29+H.+P.+Lovecraft -> 200 (515358 byte)
2026-10-03 21:01:35,046 INFO    ags.gui: ui-status: hämtar https://www.goodreads.com/search?page=1&q=03%29+1
2026-10-03 21:01:36,344 DEBUG   ags.gui: logg: tail
2026-10-03 21:01:38,588 INFO    ags.goodreads: GET https://www.goodreads.com/search?page=1&q=03%29+1 -> 200 (555955 byte)
2026-10-03 21:01:38,701 INFO    ags.engine.match: goodreads gav 0 träffar för '03) H. P. Lovecraft' — provar originaltitlar via Wikipedia
2026-10-03 21:01:38,861 DEBUG   ags.gui: logg: tail
2026-10-03 21:01:38,896 INFO    ags.engine.match: inga träffar för '03) H. P. Lovecraft' från goodreads/bridge — provar reservkällor
2026-10-03 21:01:38,897 DEBUG   ags.ags.nordic: GET https://www.storytel.com/api/search.action?request_locale=sv&q=03%29%20H.%20P.%20Lovecraft
2026-10-03 21:01:38,923 INFO    ags.gui: ui-status: Provar reservkällor (Storytel/BookBeat/Open Library) …
2026-10-03 21:01:39,888 DEBUG   ags.ags.nordic:   <- 200, 10131 bytes
2026-10-03 21:01:39,892 INFO    ags.ags.nordic: Storytel: 3 träffar för '03) H. P. Lovecraft'
2026-10-03 21:01:39,893 DEBUG   ags.ags.nordic: GET https://search-api.bookbeat.com/api/appsearch/suggest?includeErotic=false&market=sweden&query=03%29%20H.%20P.%20Lovecraft&v=18
2026-10-03 21:01:40,699 DEBUG   ags.ags.nordic:   <- 200, 38 bytes
2026-10-03 21:01:40,701 INFO    ags.ags.nordic: BookBeat: 0 träffar för '03) H. P. Lovecraft'
2026-10-03 21:01:41,037 INFO    ags.engine.match: reservkälla gav 6 träffar för '03) H. P. Lovecraft' (källa=storytel)
2026-10-03 21:01:41,075 INFO    ags.engine: match 'The Dark Worlds of H. P. Lovecraft (Volume 2)  (3 filer)' -> 'Los Cuadernos Lovecraft nº 03 Las ratas de las paredes — H.P. Lovecraft, Joan Josep Mussarra Roca' (0.72, behöver koll, minus 0.06)
2026-10-03 21:01:41,076 INFO    ags.engine: matchning 'The Dark Worlds of H. P. Lovecraft (Volume 2)  (3 filer)' -> behöver koll (källa=storytel, poäng=0.72) sökfråga rensad till '03) H. P. Lovecraft' | träffar från Storytel (Goodreads ej tillgänglig) | Två nära träffar (0.72 vs 0.72)
2026-10-03 21:01:41,206 INFO    ags.gui: ui-status: Söker: lazylibrarian
2026-10-03 21:01:41,206 INFO    ags.gui: ui-status: hämtar https://www.goodreads.com/search?page=1&q=lazylibrarian+David+Verburg%2C+Amber+Dekkers
2026-10-03 21:01:41,408 DEBUG   ags.gui: logg: tail
2026-10-03 21:01:41,476 INFO    ags.goodreads: GET https://www.goodreads.com/search?page=1&q=lazylibrarian+David+Verburg%2C+Amber+Dekkers -> 200 (159280 byte)
2026-10-03 21:01:41,505 INFO    ags.engine.match: goodreads gav 0 träffar för 'lazylibrarian David Verburg, Amber Dekkers' — provar originaltitlar via Wikipedia
2026-10-03 21:01:41,505 INFO    ags.engine.match: inga träffar för 'lazylibrarian David Verburg, Amber Dekkers' från goodreads/bridge — provar reservkällor
2026-10-03 21:01:41,505 DEBUG   ags.ags.nordic: GET https://www.storytel.com/api/search.action?request_locale=sv&q=lazylibrarian%20David%20Verburg%2C%20Amber%20Dekkers
2026-10-03 21:01:41,579 INFO    ags.gui: ui-status: Provar reservkällor (Storytel/BookBeat/Open Library) …
2026-10-03 21:01:42,459 DEBUG   ags.ags.nordic:   <- 200, 29 bytes
2026-10-03 21:01:42,462 INFO    ags.ags.nordic: Storytel: 0 träffar för 'lazylibrarian David Verburg, Amber Dekkers'
2026-10-03 21:01:42,462 DEBUG   ags.ags.nordic: GET https://search-api.bookbeat.com/api/appsearch/suggest?includeErotic=false&market=sweden&query=lazylibrarian%20David%20Verburg%2C%20Amber%20Dekkers&v=18
2026-10-03 21:01:43,323 DEBUG   ags.ags.nordic:   <- 200, 39 bytes
2026-10-03 21:01:43,327 INFO    ags.ags.nordic: BookBeat: 0 träffar för 'lazylibrarian David Verburg, Amber Dekkers'
2026-10-03 21:01:43,940 DEBUG   ags.gui: logg: tail
2026-10-03 21:01:45,234 INFO    ags.gui: ui-status: Söker: A Practical Guide to Evil I
2026-10-03 21:01:45,785 INFO    ags.engine: match 'A Practical Guide to Evil I' -> 'A Practical Guide to Evil I — ErraticErrata, David Verburg, Amber Dekkers [A Practical Guide to Evil #I]' (0.91, matchad)
2026-10-03 21:01:45,786 INFO    ags.engine: matchning 'A Practical Guide to Evil I' -> matchad (källa=goodreads, poäng=0.91) sökfråga rensad till 'A Practical Guide to Evil I David Verburg, Amber Dekkers'
2026-10-03 21:01:45,909 INFO    ags.gui: ui-status: Söker: Dean Koontz - The Big Dark Sky
2026-10-03 21:01:45,909 INFO    ags.gui: ui-status: hämtar https://www.goodreads.com/search?page=1&q=Dean+Koontz+-+The+Big+Dark+Sky
2026-10-03 21:01:46,429 INFO    ags.goodreads: GET https://www.goodreads.com/search?page=1&q=Dean+Koontz+-+The+Big+Dark+Sky -> 200 (261020 byte)
2026-10-03 21:01:46,471 DEBUG   ags.gui: logg: tail
2026-10-03 21:01:47,414 INFO    ags.gui: ui-status: hämtar https://www.goodreads.com/search?page=1&q=Dean+Koontz+-
2026-10-03 21:01:47,901 INFO    ags.goodreads: GET https://www.goodreads.com/search?page=1&q=Dean+Koontz+- -> 200 (618731 byte)
2026-10-03 21:01:48,915 INFO    ags.gui: ui-status: hämtar https://www.goodreads.com/search?page=1&q=Dean+Koontz+1
2026-10-03 21:01:48,993 DEBUG   ags.gui: logg: tail
2026-10-03 21:01:49,489 INFO    ags.goodreads: GET https://www.goodreads.com/search?page=1&q=Dean+Koontz+1 -> 200 (580895 byte)
2026-10-03 21:01:49,622 INFO    ags.engine.match: goodreads gav 0 träffar för 'Dean Koontz - The Big Dark Sky' — provar originaltitlar via Wikipedia
2026-10-03 21:01:49,820 INFO    ags.engine.match: inga träffar för 'Dean Koontz - The Big Dark Sky' från goodreads/bridge — provar reservkällor
2026-10-03 21:01:49,820 DEBUG   ags.ags.nordic: GET https://www.storytel.com/api/search.action?request_locale=sv&q=Dean%20Koontz%20-%20The%20Big%20Dark%20Sky
2026-10-03 21:01:49,914 INFO    ags.gui: ui-status: Provar reservkällor (Storytel/BookBeat/Open Library) …
2026-10-03 21:01:51,023 DEBUG   ags.ags.nordic:   <- 200, 29 bytes
2026-10-03 21:01:51,025 INFO    ags.ags.nordic: Storytel: 0 träffar för 'Dean Koontz - The Big Dark Sky'
2026-10-03 21:01:51,026 DEBUG   ags.ags.nordic: GET https://search-api.bookbeat.com/api/appsearch/suggest?includeErotic=false&market=sweden&query=Dean%20Koontz%20-%20The%20Big%20Dark%20Sky&v=18
2026-10-03 21:01:51,528 DEBUG   ags.gui: logg: tail
2026-10-03 21:01:52,184 DEBUG   ags.ags.nordic:   <- 200, 38 bytes
2026-10-03 21:01:52,186 INFO    ags.ags.nordic: BookBeat: 0 träffar för 'Dean Koontz - The Big Dark Sky'
2026-10-03 21:01:52,550 INFO    ags.gui: ui-status: Söker: The Big Dark Sky
2026-10-03 21:01:52,551 INFO    ags.gui: ui-status: hämtar https://www.goodreads.com/search?page=1&q=The+Big+Dark+Sky
2026-10-03 21:01:53,395 INFO    ags.goodreads: GET https://www.goodreads.com/search?page=1&q=The+Big+Dark+Sky -> 200 (391274 byte)
2026-10-03 21:01:54,054 DEBUG   ags.gui: logg: tail
2026-10-03 21:01:54,086 INFO    ags.gui: ui-status: hämtar https://www.goodreads.com/search?page=1&q=The+Big+Dark
2026-10-03 21:01:54,675 INFO    ags.goodreads: GET https://www.goodreads.com/search?page=1&q=The+Big+Dark -> 200 (587177 byte)
2026-10-03 21:01:55,638 INFO    ags.gui: ui-status: hämtar https://www.goodreads.com/search?page=1&q=The+Big+1
2026-10-03 21:01:56,144 INFO    ags.goodreads: GET https://www.goodreads.com/search?page=1&q=The+Big+1 -> 200 (612475 byte)
2026-10-03 21:01:56,288 INFO    ags.engine.match: goodreads gav 0 träffar för 'The Big Dark Sky' — provar originaltitlar via Wikipedia
2026-10-03 21:01:56,451 INFO    ags.engine.match: inga träffar för 'The Big Dark Sky' från goodreads/bridge — provar reservkällor
2026-10-03 21:01:56,451 DEBUG   ags.ags.nordic: GET https://www.storytel.com/api/search.action?request_locale=sv&q=The%20Big%20Dark%20Sky
2026-10-03 21:01:56,557 INFO    ags.gui: ui-status: Provar reservkällor (Storytel/BookBeat/Open Library) …
2026-10-03 21:01:56,572 DEBUG   ags.gui: logg: tail
2026-10-03 21:01:57,764 DEBUG   ags.ags.nordic:   <- 200, 388082 bytes
2026-10-03 21:01:57,784 INFO    ags.ags.nordic: Storytel: 6 träffar för 'The Big Dark Sky'
2026-10-03 21:01:57,784 INFO    ags.engine.match: reservkälla gav 6 träffar för 'The Big Dark Sky' (källa=storytel)
2026-10-03 21:01:57,805 INFO    ags.engine: match 'The Big Dark Sky  (89 filer)' -> 'An Introduction to the Universe: The Big Ideas of Astronomy — Guy Consolmagno [Learn25: Science & Technology #1]' (0.52, ej matchad)
2026-10-03 21:01:57,806 INFO    ags.engine: matchning 'The Big Dark Sky  (89 filer)' -> behöver koll (källa=storytel, poäng=0.52) träffar från Storytel (Goodreads ej tillgänglig) | Två nära träffar (0.52 vs 0.32)
2026-10-03 21:01:57,839 INFO    ags.gui: ui-status: Söker: Divergence_ Welcome to the Multiverse, 9
2026-10-03 21:01:57,839 INFO    ags.gui: ui-status: hämtar https://www.goodreads.com/search?page=1&q=Divergence_+Welcome+to+the+Multiverse%2C+9+Sean+Oswald
2026-10-03 21:01:58,309 INFO    ags.goodreads: GET https://www.goodreads.com/search?page=1&q=Divergence_+Welcome+to+the+Multiverse%2C+9+Sean+Oswald -> 200 (195875 byte)
2026-10-03 21:01:59,102 DEBUG   ags.gui: logg: tail
2026-10-03 21:01:59,354 INFO    ags.gui: ui-status: hämtar https://www.goodreads.com/search?page=1&q=Divergence_+Welcome+to+Sean+Oswald
2026-10-03 21:01:59,721 INFO    ags.goodreads: GET https://www.goodreads.com/search?page=1&q=Divergence_+Welcome+to+Sean+Oswald -> 200 (195600 byte)
2026-10-03 21:02:00,872 INFO    ags.gui: ui-status: hämtar https://www.goodreads.com/search?page=1&q=Divergence_+Welcome+9
2026-10-03 21:02:01,300 INFO    ags.goodreads: GET https://www.goodreads.com/search?page=1&q=Divergence_+Welcome+9 -> 200 (195502 byte)
2026-10-03 21:02:01,543 INFO    ags.engine.match: goodreads gav 0 träffar för 'Divergence_ Welcome to the Multiverse, 9 Sean Oswald' — provar originaltitlar via Wikipedia
2026-10-03 21:02:01,626 DEBUG   ags.gui: logg: tail
2026-10-03 21:02:01,710 INFO    ags.engine.match: inga träffar för 'Divergence_ Welcome to the Multiverse, 9 Sean Oswald' från goodreads/bridge — provar reservkällor
2026-10-03 21:02:01,710 DEBUG   ags.ags.nordic: GET https://www.storytel.com/api/search.action?request_locale=sv&q=Divergence_%20Welcome%20to%20the%20Multiverse%2C%209%20Sean%20Oswald
2026-10-03 21:02:01,789 INFO    ags.gui: ui-status: Provar reservkällor (Storytel/BookBeat/Open Library) …
2026-10-03 21:02:02,826 DEBUG   ags.ags.nordic:   <- 200, 29 bytes
2026-10-03 21:02:02,830 INFO    ags.ags.nordic: Storytel: 0 träffar för 'Divergence_ Welcome to the Multiverse, 9 Sean Oswald'
2026-10-03 21:02:02,831 DEBUG   ags.ags.nordic: GET https://search-api.bookbeat.com/api/appsearch/suggest?includeErotic=false&market=sweden&query=Divergence_%20Welcome%20to%20the%20Multiverse%2C%209%20Sean%20Oswald&v=18
2026-10-03 21:02:03,773 DEBUG   ags.ags.nordic:   <- 200, 39 bytes
2026-10-03 21:02:03,776 INFO    ags.ags.nordic: BookBeat: 0 träffar för 'Divergence_ Welcome to the Multiverse, 9 Sean Oswald'
2026-10-03 21:02:04,145 DEBUG   ags.gui: logg: tail
2026-10-03 21:02:04,206 INFO    ags.gui: ui-status: Söker: lazylibrarian
2026-10-03 21:02:04,206 INFO    ags.gui: ui-status: hämtar https://www.goodreads.com/search?page=1&q=lazylibrarian+9
2026-10-03 21:02:04,576 INFO    ags.goodreads: GET https://www.goodreads.com/search?page=1&q=lazylibrarian+9 -> 200 (158956 byte)
2026-10-03 21:02:04,601 INFO    ags.engine.match: goodreads gav 0 träffar för 'lazylibrarian Sean Oswald' — provar originaltitlar via Wikipedia
2026-10-03 21:02:04,601 INFO    ags.engine.match: inga träffar för 'lazylibrarian Sean Oswald' från goodreads/bridge — provar reservkällor
2026-10-03 21:02:04,601 DEBUG   ags.ags.nordic: GET https://www.storytel.com/api/search.action?request_locale=sv&q=lazylibrarian%20Sean%20Oswald
2026-10-03 21:02:04,602 INFO    ags.gui: ui-status: Provar reservkällor (Storytel/BookBeat/Open Library) …
2026-10-03 21:02:05,794 DEBUG   ags.ags.nordic:   <- 200, 29 bytes
2026-10-03 21:02:05,797 INFO    ags.ags.nordic: Storytel: 0 träffar för 'lazylibrarian Sean Oswald'
2026-10-03 21:02:05,798 DEBUG   ags.ags.nordic: GET https://search-api.bookbeat.com/api/appsearch/suggest?includeErotic=false&market=sweden&query=lazylibrarian%20Sean%20Oswald&v=18
2026-10-03 21:02:06,673 DEBUG   ags.gui: logg: tail
2026-10-03 21:02:07,415 DEBUG   ags.ags.nordic:   <- 200, 39 bytes
2026-10-03 21:02:07,419 INFO    ags.ags.nordic: BookBeat: 0 träffar för 'lazylibrarian Sean Oswald'
2026-10-03 21:02:07,531 INFO    ags.gui: ui-status: Söker: Divergence
2026-10-03 21:02:09,203 DEBUG   ags.gui: logg: tail
2026-10-03 21:02:09,280 INFO    ags.engine: match 'Divergence (Unabridged)' -> 'Divergence: A Litrpg Apocalypse (Welcome to the Multiverse Book 9) — Sean Oswald, Joshua Mason [Welcome to the Multiverse #9]' (1.00, matchad)
2026-10-03 21:02:09,281 INFO    ags.engine: matchning 'Divergence (Unabridged)' -> matchad (källa=goodreads, poäng=1.00) sökfråga rensad till 'Divergence Sean Oswald'
2026-10-03 21:02:09,291 INFO    ags.gui: ui-status: Söker: The Hitchhiker's Guide to the Galaxy 1
2026-10-03 21:02:09,292 INFO    ags.gui: ui-status: hämtar https://www.goodreads.com/search?page=1&q=The+Hitchhiker%27s+Guide+to+the+Galaxy+1+Douglas+Adams
2026-10-03 21:02:09,980 INFO    ags.goodreads: GET https://www.goodreads.com/search?page=1&q=The+Hitchhiker%27s+Guide+to+the+Galaxy+1+Douglas+Adams -> 200 (468809 byte)
2026-10-03 21:02:10,987 INFO    ags.gui: ui-status: hämtar https://www.goodreads.com/book/show/11.The_Hitchhiker_s_Guide_to_the_Galaxy
2026-10-03 21:02:11,732 DEBUG   ags.gui: logg: tail
2026-10-03 21:02:12,318 INFO    ags.goodreads: GET https://www.goodreads.com/book/show/11.The_Hitchhiker_s_Guide_to_the_Galaxy -> 200 (641010 byte)
2026-10-03 21:02:12,616 INFO    ags.engine: match "The Hitchhiker's Guide to the Galaxy  (66 filer)" -> "The Hitchhiker's Guide to the Galaxy — Douglas Adams [Hitchhiker's Guide to the Galaxy #1]" (1.00, matchad)
2026-10-03 21:02:12,616 INFO    ags.engine: matchning "The Hitchhiker's Guide to the Galaxy  (66 filer)" -> behöver koll (källa=goodreads, poäng=1.00) sökfråga rensad till 'The Hitchhiker's Guide to the Galaxy 1 Douglas Adams' | Två nära träffar (1.00 vs 1.00)
2026-10-03 21:02:12,649 INFO    ags.engine.match: goodreads gav 0 träffar för 'lazylibrarian Sean Oswald' — provar originaltitlar via Wikipedia
2026-10-03 21:02:12,649 INFO    ags.engine.match: inga träffar för 'lazylibrarian Sean Oswald' från goodreads/bridge — provar reservkällor
2026-10-03 21:02:12,649 DEBUG   ags.ags.nordic: GET https://www.storytel.com/api/search.action?request_locale=sv&q=lazylibrarian%20Sean%20Oswald
2026-10-03 21:02:12,750 INFO    ags.gui: ui-status: Söker: lazylibrarian
2026-10-03 21:02:12,751 INFO    ags.gui: ui-status: Provar reservkällor (Storytel/BookBeat/Open Library) …
2026-10-03 21:02:13,573 DEBUG   ags.ags.nordic:   <- 200, 29 bytes
2026-10-03 21:02:13,576 INFO    ags.ags.nordic: Storytel: 0 träffar för 'lazylibrarian Sean Oswald'
2026-10-03 21:02:13,576 DEBUG   ags.ags.nordic: GET https://search-api.bookbeat.com/api/appsearch/suggest?includeErotic=false&market=sweden&query=lazylibrarian%20Sean%20Oswald&v=18
2026-10-03 21:02:14,252 DEBUG   ags.gui: logg: tail
2026-10-03 21:02:14,557 DEBUG   ags.ags.nordic:   <- 200, 38 bytes
2026-10-03 21:02:14,560 INFO    ags.ags.nordic: BookBeat: 0 träffar för 'lazylibrarian Sean Oswald'
2026-10-03 21:02:14,599 INFO    ags.gui: ui-status: Söker: Exploration
2026-10-03 21:02:14,816 INFO    ags.engine: match 'Exploration' -> 'Exploration: A Litrpg Apocalypse (Welcome to the Multiverse Book 10) — Sean Oswald, Joshua Mason [Welcome to the Multiverse #10]' (0.85, behöver koll)
2026-10-03 21:02:14,817 INFO    ags.engine: matchning 'Exploration' -> behöver koll (källa=goodreads, poäng=0.85) sökfråga rensad till 'Exploration Sean Oswald'
2026-10-03 21:02:14,878 INFO    ags.gui: ui-status: Söker: Frankenstein 0
2026-10-03 21:02:14,878 INFO    ags.gui: ui-status: hämtar https://www.goodreads.com/search?page=1&q=Frankenstein+0+Mary+Shelley
2026-10-03 21:02:15,231 INFO    ags.goodreads: GET https://www.goodreads.com/search?page=1&q=Frankenstein+0+Mary+Shelley -> 200 (220371 byte)
2026-10-03 21:02:16,346 INFO    ags.gui: ui-status: hämtar https://www.goodreads.com/search?page=1&q=Frankenstein+0+0
2026-10-03 21:02:16,779 DEBUG   ags.gui: logg: tail
2026-10-03 21:02:18,068 INFO    ags.goodreads: GET https://www.goodreads.com/search?page=1&q=Frankenstein+0+0 -> 200 (395117 byte)
2026-10-03 21:02:18,188 INFO    ags.engine.match: goodreads gav 0 träffar för 'Frankenstein 0 Mary Shelley' — provar originaltitlar via Wikipedia
2026-10-03 21:02:18,398 INFO    ags.engine.match: inga träffar för 'Frankenstein 0 Mary Shelley' från goodreads/bridge — provar reservkällor
2026-10-03 21:02:18,398 DEBUG   ags.ags.nordic: GET https://www.storytel.com/api/search.action?request_locale=sv&q=Frankenstein%200%20Mary%20Shelley
2026-10-03 21:02:18,417 INFO    ags.gui: ui-status: Provar reservkällor (Storytel/BookBeat/Open Library) …
2026-10-03 21:02:19,303 DEBUG   ags.gui: logg: tail
2026-10-03 21:02:19,924 DEBUG   ags.ags.nordic:   <- 200, 12137 bytes
2026-10-03 21:02:19,928 INFO    ags.ags.nordic: Storytel: 3 träffar för 'Frankenstein 0 Mary Shelley'
2026-10-03 21:02:19,928 DEBUG   ags.ags.nordic: GET https://search-api.bookbeat.com/api/appsearch/suggest?includeErotic=false&market=sweden&query=Frankenstein%200%20Mary%20Shelley&v=18
2026-10-03 21:02:21,264 DEBUG   ags.ags.nordic:   <- 200, 38 bytes
2026-10-03 21:02:21,267 INFO    ags.ags.nordic: BookBeat: 0 träffar för 'Frankenstein 0 Mary Shelley'
2026-10-03 21:02:21,695 INFO    ags.engine.match: reservkälla gav 6 träffar för 'Frankenstein 0 Mary Shelley' (källa=storytel)
2026-10-03 21:02:21,703 INFO    ags.engine: match 'Frankenstein  (35 filer)' -> 'Frankenstein - Mary Shelley — Mary Shelley' (0.80, behöver koll, minus 0.06)
2026-10-03 21:02:21,703 INFO    ags.engine: matchning 'Frankenstein  (35 filer)' -> behöver koll (källa=storytel, poäng=0.80) sökfråga rensad till 'Frankenstein 0 Mary Shelley' | träffar från Storytel (Goodreads ej tillgänglig)
2026-10-03 21:02:21,815 INFO    ags.gui: ui-status: Söker: Guy Gavriel Kay - River of Stars
2026-10-03 21:02:21,815 INFO    ags.gui: ui-status: hämtar https://www.goodreads.com/search?page=1&q=Guy+Gavriel+Kay+-+River+of+Stars+Guy+Gavriel+Kay
2026-10-03 21:02:21,872 DEBUG   ags.gui: logg: tail
2026-10-03 21:02:22,472 INFO    ags.goodreads: GET https://www.goodreads.com/search?page=1&q=Guy+Gavriel+Kay+-+River+of+Stars+Guy+Gavriel+Kay -> 200 (198434 byte)
2026-10-03 21:02:23,298 INFO    ags.gui: ui-status: hämtar https://www.goodreads.com/search?page=1&q=Guy+Gavriel+Kay+Guy+Gavriel+Kay
2026-10-03 21:02:24,138 INFO    ags.goodreads: GET https://www.goodreads.com/search?page=1&q=Guy+Gavriel+Kay+Guy+Gavriel+Kay -> 200 (616670 byte)
2026-10-03 21:02:24,450 DEBUG   ags.gui: logg: tail
2026-10-03 21:02:24,996 INFO    ags.engine.match: goodreads gav 0 träffar för 'Guy Gavriel Kay - River of Stars Guy Gavriel Kay' — provar originaltitlar via Wikipedia
2026-10-03 21:02:25,336 INFO    ags.engine.match: inga träffar för 'Guy Gavriel Kay - River of Stars Guy Gavriel Kay' från goodreads/bridge — provar reservkällor
2026-10-03 21:02:25,336 DEBUG   ags.ags.nordic: GET https://www.storytel.com/api/search.action?request_locale=sv&q=Guy%20Gavriel%20Kay%20-%20River%20of%20Stars%20Guy%20Gavriel%20Kay
2026-10-03 21:02:25,370 INFO    ags.gui: ui-status: Provar reservkällor (Storytel/BookBeat/Open Library) …
2026-10-03 21:02:26,971 DEBUG   ags.gui: logg: tail
2026-10-03 21:02:29,503 DEBUG   ags.gui: logg: tail
2026-10-03 21:02:29,676 DEBUG   ags.ags.nordic:   <- 200, 3276 bytes
2026-10-03 21:02:29,678 INFO    ags.ags.nordic: Storytel: 1 träffar för 'Guy Gavriel Kay - River of Stars Guy Gavriel Kay'
2026-10-03 21:02:29,679 DEBUG   ags.ags.nordic: GET https://search-api.bookbeat.com/api/appsearch/suggest?includeErotic=false&market=sweden&query=Guy%20Gavriel%20Kay%20-%20River%20of%20Stars%20Guy%20Gavriel%20Kay&v=18
2026-10-03 21:02:31,928 DEBUG   ags.ags.nordic:   <- 200, 39 bytes
2026-10-03 21:02:31,931 INFO    ags.ags.nordic: BookBeat: 0 träffar för 'Guy Gavriel Kay - River of Stars Guy Gavriel Kay'
2026-10-03 21:02:32,037 DEBUG   ags.gui: logg: tail
2026-10-03 21:02:32,274 INFO    ags.engine.match: reservkälla gav 1 träffar för 'Guy Gavriel Kay - River of Stars Guy Gavriel Kay' (källa=storytel)
2026-10-03 21:02:32,277 INFO    ags.engine: match 'River of Stars (Unabridged)' -> 'River of Stars — Guy Gavriel Kay' (0.94, matchad)
2026-10-03 21:02:32,277 INFO    ags.engine: matchning 'River of Stars (Unabridged)' -> matchad (källa=storytel, poäng=0.94) sökfråga rensad till 'Guy Gavriel Kay - River of Stars Guy Gavriel Kay' | träffar från Storytel (Goodreads ej tillgänglig)
2026-10-03 21:02:32,345 INFO    ags.gui: ui-status: Söker: On Basilisk Station
2026-10-03 21:02:34,561 DEBUG   ags.gui: logg: tail
2026-10-03 21:02:34,888 INFO    ags.engine: match 'On Basilisk Station  (48 filer)' -> 'On Basilisk Station — David Weber [Honor Harrington #1]' (1.00, matchad)
2026-10-03 21:02:34,888 INFO    ags.engine: matchning 'On Basilisk Station  (48 filer)' -> matchad (källa=goodreads, poäng=1.00) sökfråga rensad till 'On Basilisk Station David Weber'
2026-10-03 21:02:34,932 INFO    ags.gui: ui-status: Söker: Honor of the Queen
2026-10-03 21:02:34,932 INFO    ags.gui: ui-status: hämtar https://www.goodreads.com/search?page=1&q=Honor+of+the+Queen+David+Weber
2026-10-03 21:02:35,350 INFO    ags.goodreads: GET https://www.goodreads.com/search?page=1&q=Honor+of+the+Queen+David+Weber -> 200 (222370 byte)
2026-10-03 21:02:36,427 INFO    ags.gui: ui-status: hämtar https://www.goodreads.com/search?page=1&q=Honor+of+2
2026-10-03 21:02:37,085 DEBUG   ags.gui: logg: tail
2026-10-03 21:02:37,913 INFO    ags.goodreads: GET https://www.goodreads.com/search?page=1&q=Honor+of+2 -> 200 (631938 byte)
2026-10-03 21:02:38,157 INFO    ags.engine.match: goodreads gav 0 träffar för 'Honor of the Queen David Weber' — provar originaltitlar via Wikipedia
2026-10-03 21:02:38,368 INFO    ags.engine.match: inga träffar för 'Honor of the Queen David Weber' från goodreads/bridge — provar reservkällor
2026-10-03 21:02:38,368 DEBUG   ags.ags.nordic: GET https://www.storytel.com/api/search.action?request_locale=sv&q=Honor%20of%20the%20Queen%20David%20Weber
2026-10-03 21:02:38,451 INFO    ags.gui: ui-status: Provar reservkällor (Storytel/BookBeat/Open Library) …
2026-10-03 21:02:39,613 DEBUG   ags.gui: logg: tail
2026-10-03 21:02:39,798 DEBUG   ags.ags.nordic:   <- 200, 29 bytes
2026-10-03 21:02:39,800 INFO    ags.ags.nordic: Storytel: 0 träffar för 'Honor of the Queen David Weber'
2026-10-03 21:02:39,800 DEBUG   ags.ags.nordic: GET https://search-api.bookbeat.com/api/appsearch/suggest?includeErotic=false&market=sweden&query=Honor%20of%20the%20Queen%20David%20Weber&v=18
2026-10-03 21:02:40,949 DEBUG   ags.ags.nordic:   <- 200, 38 bytes
2026-10-03 21:02:40,951 INFO    ags.ags.nordic: BookBeat: 0 träffar för 'Honor of the Queen David Weber'
2026-10-03 21:02:41,245 INFO    ags.engine.match: reservkälla gav 4 träffar för 'Honor of the Queen David Weber' (källa=openlibrary)
2026-10-03 21:02:41,250 INFO    ags.engine: match 'The Honor of the Queen  (134 filer)' -> 'The Honor of the Queen — David Weber' (0.86, behöver koll, minus 0.06)
2026-10-03 21:02:41,250 INFO    ags.engine: matchning 'The Honor of the Queen  (134 filer)' -> behöver koll (källa=openlibrary, poäng=0.86) sökfråga rensad till 'Honor of the Queen David Weber' | träffar från Open Library (Goodreads ej tillgänglig)
2026-10-03 21:02:41,353 INFO    ags.gui: ui-status: Söker: Short Victorious War
2026-10-03 21:02:41,353 INFO    ags.gui: ui-status: hämtar https://www.goodreads.com/search?page=1&q=Short+Victorious+War+Honorverse
2026-10-03 21:02:41,691 INFO    ags.goodreads: GET https://www.goodreads.com/search?page=1&q=Short+Victorious+War+Honorverse -> 200 (216824 byte)
2026-10-03 21:02:42,137 DEBUG   ags.gui: logg: tail
2026-10-03 21:02:42,862 INFO    ags.gui: ui-status: hämtar https://www.goodreads.com/search?page=1&q=Short+Victorious+3
2026-10-03 21:02:44,662 DEBUG   ags.gui: logg: tail
2026-10-03 21:02:44,820 INFO    ags.goodreads: GET https://www.goodreads.com/search?page=1&q=Short+Victorious+3 -> 200 (289858 byte)
2026-10-03 21:02:44,877 INFO    ags.engine.match: goodreads gav 0 träffar för 'Short Victorious War Honorverse' — provar originaltitlar via Wikipedia
2026-10-03 21:02:45,056 INFO    ags.engine.match: inga träffar för 'Short Victorious War Honorverse' från goodreads/bridge — provar reservkällor
2026-10-03 21:02:45,057 DEBUG   ags.ags.nordic: GET https://www.storytel.com/api/search.action?request_locale=sv&q=Short%20Victorious%20War%20Honorverse
2026-10-03 21:02:45,117 INFO    ags.gui: ui-status: Provar reservkällor (Storytel/BookBeat/Open Library) …
2026-10-03 21:02:45,993 DEBUG   ags.ags.nordic:   <- 200, 29 bytes
2026-10-03 21:02:45,995 INFO    ags.ags.nordic: Storytel: 0 träffar för 'Short Victorious War Honorverse'
2026-10-03 21:02:45,995 DEBUG   ags.ags.nordic: GET https://search-api.bookbeat.com/api/appsearch/suggest?includeErotic=false&market=sweden&query=Short%20Victorious%20War%20Honorverse&v=18
2026-10-03 21:02:47,034 DEBUG   ags.ags.nordic:   <- 200, 38 bytes
2026-10-03 21:02:47,035 INFO    ags.ags.nordic: BookBeat: 0 träffar för 'Short Victorious War Honorverse'
2026-10-03 21:02:47,184 DEBUG   ags.gui: logg: tail
2026-10-03 21:02:47,539 INFO    ags.gui: ui-status: Söker: Honor Harrington 3
2026-10-03 21:02:47,540 INFO    ags.gui: ui-status: hämtar https://www.goodreads.com/search?page=1&q=Honor+Harrington+3+Honorverse
2026-10-03 21:02:47,824 INFO    ags.goodreads: GET https://www.goodreads.com/search?page=1&q=Honor+Harrington+3+Honorverse -> 200 (159156 byte)
2026-10-03 21:02:48,934 INFO    ags.gui: ui-status: hämtar https://www.goodreads.com/search?page=1&q=Honor+Harrington+3
2026-10-03 21:02:49,702 DEBUG   ags.gui: logg: tail
2026-10-03 21:02:51,228 INFO    ags.goodreads: GET https://www.goodreads.com/search?page=1&q=Honor+Harrington+3 -> 200 (375063 byte)
2026-10-03 21:02:51,303 INFO    ags.engine.match: goodreads gav 0 träffar för 'Honor Harrington 3 Honorverse' — provar originaltitlar via Wikipedia
2026-10-03 21:02:51,500 INFO    ags.engine.match: inga träffar för 'Honor Harrington 3 Honorverse' från goodreads/bridge — provar reservkällor
2026-10-03 21:02:51,500 DEBUG   ags.ags.nordic: GET https://www.storytel.com/api/search.action?request_locale=sv&q=Honor%20Harrington%203%20Honorverse
2026-10-03 21:02:51,586 INFO    ags.gui: ui-status: Provar reservkällor (Storytel/BookBeat/Open Library) …
2026-10-03 21:02:52,231 DEBUG   ags.gui: logg: tail
2026-10-03 21:02:52,458 DEBUG   ags.ags.nordic:   <- 200, 29 bytes
2026-10-03 21:02:52,462 INFO    ags.ags.nordic: Storytel: 0 träffar för 'Honor Harrington 3 Honorverse'
2026-10-03 21:02:52,462 DEBUG   ags.ags.nordic: GET https://search-api.bookbeat.com/api/appsearch/suggest?includeErotic=false&market=sweden&query=Honor%20Harrington%203%20Honorverse&v=18
2026-10-03 21:02:53,387 DEBUG   ags.ags.nordic:   <- 200, 38 bytes
2026-10-03 21:02:53,389 INFO    ags.ags.nordic: BookBeat: 0 träffar för 'Honor Harrington 3 Honorverse'
2026-10-03 21:02:53,753 INFO    ags.gui: ui-status: Söker: HH03 - Short Victorious War
2026-10-03 21:02:53,754 INFO    ags.gui: ui-status: hämtar https://www.goodreads.com/search?page=1&q=HH03+-+Short+Victorious+War+Honorverse
2026-10-03 21:02:54,142 INFO    ags.goodreads: GET https://www.goodreads.com/search?page=1&q=HH03+-+Short+Victorious+War+Honorverse -> 200 (159238 byte)
2026-10-03 21:02:54,761 DEBUG   ags.gui: logg: tail
2026-10-03 21:02:55,274 INFO    ags.gui: ui-status: hämtar https://www.goodreads.com/search?page=1&q=HH03+-+Short+Honorverse
2026-10-03 21:02:55,616 INFO    ags.goodreads: GET https://www.goodreads.com/search?page=1&q=HH03+-+Short+Honorverse -> 200 (159072 byte)
2026-10-03 21:02:56,821 INFO    ags.gui: ui-status: hämtar https://www.goodreads.com/search?page=1&q=HH03+-+3
2026-10-03 21:02:57,124 INFO    ags.goodreads: GET https://www.goodreads.com/search?page=1&q=HH03+-+3 -> 200 (158860 byte)
2026-10-03 21:02:57,145 INFO    ags.engine.match: goodreads gav 0 träffar för 'HH03 - Short Victorious War Honorverse' — provar originaltitlar via Wikipedia
2026-10-03 21:02:57,287 DEBUG   ags.gui: logg: tail
2026-10-03 21:02:57,309 INFO    ags.engine.match: inga träffar för 'HH03 - Short Victorious War Honorverse' från goodreads/bridge — provar reservkällor
2026-10-03 21:02:57,309 DEBUG   ags.ags.nordic: GET https://www.storytel.com/api/search.action?request_locale=sv&q=HH03%20-%20Short%20Victorious%20War%20Honorverse
2026-10-03 21:02:57,318 INFO    ags.gui: ui-status: Provar reservkällor (Storytel/BookBeat/Open Library) …
2026-10-03 21:02:58,267 DEBUG   ags.ags.nordic:   <- 200, 29 bytes
2026-10-03 21:02:58,270 INFO    ags.ags.nordic: Storytel: 0 träffar för 'HH03 - Short Victorious War Honorverse'
2026-10-03 21:02:58,270 DEBUG   ags.ags.nordic: GET https://search-api.bookbeat.com/api/appsearch/suggest?includeErotic=false&market=sweden&query=HH03%20-%20Short%20Victorious%20War%20Honorverse&v=18
2026-10-03 21:02:59,122 DEBUG   ags.ags.nordic:   <- 200, 39 bytes
2026-10-03 21:02:59,125 INFO    ags.ags.nordic: BookBeat: 0 träffar för 'HH03 - Short Victorious War Honorverse'
2026-10-03 21:02:59,353 WARNING ags.engine: matchning 'Unknown Album (4/3/2009 6:02:53 PM)  (112 filer)' -> ej matchad. Orsak: sökfråga rensad till 'HH03 - Short Victorious War Honorverse'
2026-10-03 21:02:59,472 INFO    ags.gui: ui-status: Söker: Feild of Dishonor
2026-10-03 21:02:59,473 INFO    ags.gui: ui-status: hämtar https://www.goodreads.com/search?page=1&q=Feild+of+Dishonor+Honorverse
2026-10-03 21:02:59,754 INFO    ags.goodreads: GET https://www.goodreads.com/search?page=1&q=Feild+of+Dishonor+Honorverse -> 200 (159142 byte)
2026-10-03 21:02:59,815 DEBUG   ags.gui: logg: tail
2026-10-03 21:03:00,969 INFO    ags.gui: ui-status: hämtar https://www.goodreads.com/search?page=1&q=Feild+of+4
2026-10-03 21:03:02,344 DEBUG   ags.gui: logg: tail
2026-10-03 21:03:03,204 INFO    ags.goodreads: GET https://www.goodreads.com/search?page=1&q=Feild+of+4 -> 200 (237097 byte)
2026-10-03 21:03:03,250 INFO    ags.engine.match: goodreads gav 0 träffar för 'Feild of Dishonor Honorverse' — provar originaltitlar via Wikipedia
2026-10-03 21:03:03,439 INFO    ags.engine.match: inga träffar för 'Feild of Dishonor Honorverse' från goodreads/bridge — provar reservkällor
2026-10-03 21:03:03,439 DEBUG   ags.ags.nordic: GET https://www.storytel.com/api/search.action?request_locale=sv&q=Feild%20of%20Dishonor%20Honorverse
2026-10-03 21:03:03,508 INFO    ags.gui: ui-status: Provar reservkällor (Storytel/BookBeat/Open Library) …
2026-10-03 21:03:04,402 DEBUG   ags.ags.nordic:   <- 200, 29 bytes
2026-10-03 21:03:04,403 INFO    ags.ags.nordic: Storytel: 0 träffar för 'Feild of Dishonor Honorverse'
2026-10-03 21:03:04,403 DEBUG   ags.ags.nordic: GET https://search-api.bookbeat.com/api/appsearch/suggest?includeErotic=false&market=sweden&query=Feild%20of%20Dishonor%20Honorverse&v=18
2026-10-03 21:03:04,887 DEBUG   ags.gui: logg: tail
2026-10-03 21:03:05,567 DEBUG   ags.ags.nordic:   <- 200, 38 bytes
2026-10-03 21:03:05,569 INFO    ags.ags.nordic: BookBeat: 0 träffar för 'Feild of Dishonor Honorverse'
2026-10-03 21:03:05,906 INFO    ags.gui: ui-status: Söker: Honor Harrington 4
2026-10-03 21:03:05,907 INFO    ags.gui: ui-status: hämtar https://www.goodreads.com/search?page=1&q=Honor+Harrington+4+Honorverse
2026-10-03 21:03:06,206 INFO    ags.goodreads: GET https://www.goodreads.com/search?page=1&q=Honor+Harrington+4+Honorverse -> 200 (159156 byte)
2026-10-03 21:03:07,307 INFO    ags.gui: ui-status: hämtar https://www.goodreads.com/search?page=1&q=Honor+Harrington+4
2026-10-03 21:03:07,410 DEBUG   ags.gui: logg: tail
2026-10-03 21:03:09,939 DEBUG   ags.gui: logg: tail
2026-10-03 21:03:10,007 INFO    ags.goodreads: GET https://www.goodreads.com/search?page=1&q=Honor+Harrington+4 -> 200 (305325 byte)
2026-10-03 21:03:10,061 INFO    ags.engine.match: goodreads gav 0 träffar för 'Honor Harrington 4 Honorverse' — provar originaltitlar via Wikipedia
2026-10-03 21:03:10,226 INFO    ags.engine.match: inga träffar för 'Honor Harrington 4 Honorverse' från goodreads/bridge — provar reservkällor
2026-10-03 21:03:10,226 DEBUG   ags.ags.nordic: GET https://www.storytel.com/api/search.action?request_locale=sv&q=Honor%20Harrington%204%20Honorverse
2026-10-03 21:03:10,345 INFO    ags.gui: ui-status: Provar reservkällor (Storytel/BookBeat/Open Library) …
2026-10-03 21:03:11,390 DEBUG   ags.ags.nordic:   <- 200, 29 bytes
2026-10-03 21:03:11,394 INFO    ags.ags.nordic: Storytel: 0 träffar för 'Honor Harrington 4 Honorverse'
2026-10-03 21:03:11,394 DEBUG   ags.ags.nordic: GET https://search-api.bookbeat.com/api/appsearch/suggest?includeErotic=false&market=sweden&query=Honor%20Harrington%204%20Honorverse&v=18
2026-10-03 21:03:12,393 DEBUG   ags.ags.nordic:   <- 200, 39 bytes
2026-10-03 21:03:12,395 INFO    ags.ags.nordic: BookBeat: 0 träffar för 'Honor Harrington 4 Honorverse'
2026-10-03 21:03:12,487 DEBUG   ags.gui: logg: tail
2026-10-03 21:03:12,774 INFO    ags.gui: ui-status: Söker: HH04 - Feild of Dishonor
2026-10-03 21:03:12,774 INFO    ags.gui: ui-status: hämtar https://www.goodreads.com/search?page=1&q=HH04+-+Feild+of+Dishonor+Honorverse
2026-10-03 21:03:13,123 INFO    ags.goodreads: GET https://www.goodreads.com/search?page=1&q=HH04+-+Feild+of+Dishonor+Honorverse -> 200 (159208 byte)
2026-10-03 21:03:14,286 INFO    ags.gui: ui-status: hämtar https://www.goodreads.com/search?page=1&q=HH04+-+Feild+Honorverse
2026-10-03 21:03:14,616 INFO    ags.goodreads: GET https://www.goodreads.com/search?page=1&q=HH04+-+Feild+Honorverse -> 200 (159072 byte)
2026-10-03 21:03:15,021 DEBUG   ags.gui: logg: tail
2026-10-03 21:03:15,795 INFO    ags.gui: ui-status: hämtar https://www.goodreads.com/search?page=1&q=HH04+-+4
2026-10-03 21:03:17,551 DEBUG   ags.gui: logg: tail
2026-10-03 21:03:18,186 INFO    ags.goodreads: GET https://www.goodreads.com/search?page=1&q=HH04+-+4 -> 200 (158860 byte)
2026-10-03 21:03:18,211 INFO    ags.engine.match: goodreads gav 0 träffar för 'HH04 - Feild of Dishonor Honorverse' — provar originaltitlar via Wikipedia
2026-10-03 21:03:18,367 INFO    ags.engine.match: inga träffar för 'HH04 - Feild of Dishonor Honorverse' från goodreads/bridge — provar reservkällor
2026-10-03 21:03:18,367 DEBUG   ags.ags.nordic: GET https://www.storytel.com/api/search.action?request_locale=sv&q=HH04%20-%20Feild%20of%20Dishonor%20Honorverse
2026-10-03 21:03:18,466 INFO    ags.gui: ui-status: Provar reservkällor (Storytel/BookBeat/Open Library) …
2026-10-03 21:03:19,482 DEBUG   ags.ags.nordic:   <- 200, 29 bytes
2026-10-03 21:03:19,484 INFO    ags.ags.nordic: Storytel: 0 träffar för 'HH04 - Feild of Dishonor Honorverse'
2026-10-03 21:03:19,484 DEBUG   ags.ags.nordic: GET https://search-api.bookbeat.com/api/appsearch/suggest?includeErotic=false&market=sweden&query=HH04%20-%20Feild%20of%20Dishonor%20Honorverse&v=18
2026-10-03 21:03:20,075 DEBUG   ags.gui: logg: tail
2026-10-03 21:03:20,408 DEBUG   ags.ags.nordic:   <- 200, 38 bytes
2026-10-03 21:03:20,412 INFO    ags.ags.nordic: BookBeat: 0 träffar för 'HH04 - Feild of Dishonor Honorverse'
2026-10-03 21:03:20,661 WARNING ags.engine: matchning 'Unknown Album (3/30/2009 10:20:59 PM)  (113 filer)' -> ej matchad. Orsak: sökfråga rensad till 'HH04 - Feild of Dishonor Honorverse'
2026-10-03 21:03:20,714 INFO    ags.gui: ui-status: Söker: Flag in Exile
2026-10-03 21:03:20,714 INFO    ags.gui: ui-status: hämtar https://www.goodreads.com/search?page=1&q=Flag+in+Exile+Honorverse
2026-10-03 21:03:21,075 INFO    ags.goodreads: GET https://www.goodreads.com/search?page=1&q=Flag+in+Exile+Honorverse -> 200 (216583 byte)
2026-10-03 21:03:22,242 INFO    ags.gui: ui-status: hämtar https://www.goodreads.com/search?page=1&q=Flag+in+5
2026-10-03 21:03:22,593 DEBUG   ags.gui: logg: tail
2026-10-03 21:03:25,126 DEBUG   ags.gui: logg: tail
2026-10-03 21:03:25,930 INFO    ags.goodreads: GET https://www.goodreads.com/search?page=1&q=Flag+in+5 -> 200 (525341 byte)
2026-10-03 21:03:26,049 INFO    ags.engine.match: goodreads gav 0 träffar för 'Flag in Exile Honorverse' — provar originaltitlar via Wikipedia
2026-10-03 21:03:26,213 INFO    ags.engine.match: inga träffar för 'Flag in Exile Honorverse' från goodreads/bridge — provar reservkällor
2026-10-03 21:03:26,213 DEBUG   ags.ags.nordic: GET https://www.storytel.com/api/search.action?request_locale=sv&q=Flag%20in%20Exile%20Honorverse
2026-10-03 21:03:26,331 INFO    ags.gui: ui-status: Provar reservkällor (Storytel/BookBeat/Open Library) …
2026-10-03 21:03:27,562 DEBUG   ags.ags.nordic:   <- 200, 29 bytes
2026-10-03 21:03:27,566 INFO    ags.ags.nordic: Storytel: 0 träffar för 'Flag in Exile Honorverse'
2026-10-03 21:03:27,567 DEBUG   ags.ags.nordic: GET https://search-api.bookbeat.com/api/appsearch/suggest?includeErotic=false&market=sweden&query=Flag%20in%20Exile%20Honorverse&v=18
2026-10-03 21:03:27,667 DEBUG   ags.gui: logg: tail
2026-10-03 21:03:28,437 DEBUG   ags.ags.nordic:   <- 200, 38 bytes
2026-10-03 21:03:28,440 INFO    ags.ags.nordic: BookBeat: 0 träffar för 'Flag in Exile Honorverse'
2026-10-03 21:03:30,185 DEBUG   ags.gui: logg: tail
2026-10-03 21:03:32,737 DEBUG   ags.gui: logg: tail
2026-10-03 21:03:35,255 DEBUG   ags.gui: logg: tail
2026-10-03 21:03:37,771 DEBUG   ags.gui: logg: tail
2026-10-03 21:03:40,292 DEBUG   ags.gui: logg: tail
2026-10-03 21:03:42,819 DEBUG   ags.gui: logg: tail
2026-10-03 21:03:45,340 DEBUG   ags.gui: logg: tail
2026-10-03 21:03:47,861 DEBUG   ags.gui: logg: tail
2026-10-03 21:03:48,224 INFO    ags.gui: fönster stängs — sparar inställningar och rensar cache
2026-10-03 21:03:48,227 INFO    ags.ags.settings: inställningar sparade till C:\Users\monon\.audiobook-goodreads\settings.json
2026-10-03 21:03:48,227 INFO    ags.gui: inställningar sparade (silent=True): import='D:/lazylibrarian' output='D:/Ljudböcker' flytta=False serie=True skip_done=False
2026-10-03 21:03:48,274 INFO    ags.ags.cleanup: cacherensning i C:\Users\monon\Downloads\workspace-01a0e205-0da8-7a1b-a518-40776e5da1f5\audiobook-goodreads-sync: 1 objekt bort (ags\__pycache__)
2026-10-03 23:48:13,797 DEBUG   ags: loggning initierad -> C:\Users\monon\Downloads\workspace-01a0e205-0da8-7a1b-a518-40776e5da1f5\audiobook-goodreads-sync\logs\ags.log
2026-10-03 23:48:13,799 DEBUG   ags: loggning initierad -> C:\Users\monon\Downloads\workspace-01a0e205-0da8-7a1b-a518-40776e5da1f5\audiobook-goodreads-sync\logs\ags.log
2026-10-03 23:48:13,799 INFO    ags.gui: GUI startad (logg: C:\Users\monon\Downloads\workspace-01a0e205-0da8-7a1b-a518-40776e5da1f5\audiobook-goodreads-sync\logs\ags.log)
2026-10-03 23:48:14,513 DEBUG   ags.gui: laddar inställningar
2026-10-03 23:48:14,514 DEBUG   ags.ags.settings: inställningar lästa från C:\Users\monon\.audiobook-goodreads\settings.json
2026-10-03 23:48:14,552 DEBUG   ags.gui: historikfliken uppdateras
2026-10-03 23:48:15,030 DEBUG   ags.gui: logg: tail
2026-10-03 23:48:15,402 INFO    ags.gui: knapp: Kontrollera tillägg (manual=False)
2026-10-03 23:48:15,430 WARNING ags.ags.deps: beroenden saknas: tesseract (OCR-skärmbildsläget (fliken 'Skärmbild / text'))
2026-10-03 23:48:17,569 DEBUG   ags.gui: logg: tail
2026-10-03 23:48:20,088 DEBUG   ags.gui: logg: tail
2026-10-03 23:48:22,568 INFO    ags.gui: fönster stängs — sparar inställningar och rensar cache
2026-10-03 23:48:22,570 INFO    ags.ags.settings: inställningar sparade till C:\Users\monon\.audiobook-goodreads\settings.json
2026-10-03 23:48:22,571 INFO    ags.gui: inställningar sparade (silent=True): import='D:/lazylibrarian' output='D:/Ljudböcker' flytta=False serie=True skip_done=True
2026-10-03 23:48:22,594 INFO    ags.ags.cleanup: cacherensning i C:\Users\monon\Downloads\workspace-01a0e205-0da8-7a1b-a518-40776e5da1f5\audiobook-goodreads-sync: 1 objekt bort (ags\__pycache__)
2026-10-03 23:48:26,377 DEBUG   ags: loggning initierad -> C:\Users\monon\Downloads\workspace-01a0e205-0da8-7a1b-a518-40776e5da1f5\audiobook-goodreads-sync\logs\ags.log
2026-10-03 23:48:26,380 DEBUG   ags: loggning initierad -> C:\Users\monon\Downloads\workspace-01a0e205-0da8-7a1b-a518-40776e5da1f5\audiobook-goodreads-sync\logs\ags.log
2026-10-03 23:48:26,380 INFO    ags.gui: GUI startad (logg: C:\Users\monon\Downloads\workspace-01a0e205-0da8-7a1b-a518-40776e5da1f5\audiobook-goodreads-sync\logs\ags.log)
2026-10-03 23:48:27,109 DEBUG   ags.gui: laddar inställningar
2026-10-03 23:48:27,109 DEBUG   ags.ags.settings: inställningar lästa från C:\Users\monon\.audiobook-goodreads\settings.json
2026-10-03 23:48:27,140 DEBUG   ags.gui: historikfliken uppdateras
2026-10-03 23:48:27,606 DEBUG   ags.gui: logg: tail
2026-10-03 23:48:27,998 INFO    ags.gui: knapp: Kontrollera tillägg (manual=False)
2026-10-03 23:48:28,026 WARNING ags.ags.deps: beroenden saknas: tesseract (OCR-skärmbildsläget (fliken 'Skärmbild / text'))
2026-10-03 23:48:30,139 DEBUG   ags.gui: logg: tail
2026-10-03 23:48:32,646 INFO    ags.gui: fönster stängs — sparar inställningar och rensar cache
2026-10-03 23:48:32,648 INFO    ags.ags.settings: inställningar sparade till C:\Users\monon\.audiobook-goodreads\settings.json
2026-10-03 23:48:32,649 INFO    ags.gui: inställningar sparade (silent=True): import='D:/lazylibrarian' output='D:/Ljudböcker' flytta=False serie=True skip_done=True
2026-10-03 23:48:32,660 INFO    ags.ags.cleanup: cacherensning i C:\Users\monon\Downloads\workspace-01a0e205-0da8-7a1b-a518-40776e5da1f5\audiobook-goodreads-sync: 1 objekt bort (ags\__pycache__)
2026-10-04 08:23:17,601 DEBUG   ags: loggning initierad -> C:\Users\monon\Downloads\workspace-01a0e205-0da8-7a1b-a518-40776e5da1f5\audiobook-goodreads-sync\logs\ags.log
2026-10-04 08:23:17,603 DEBUG   ags: loggning initierad -> C:\Users\monon\Downloads\workspace-01a0e205-0da8-7a1b-a518-40776e5da1f5\audiobook-goodreads-sync\logs\ags.log
2026-10-04 08:23:17,604 INFO    ags.gui: GUI startad (logg: C:\Users\monon\Downloads\workspace-01a0e205-0da8-7a1b-a518-40776e5da1f5\audiobook-goodreads-sync\logs\ags.log)
2026-10-04 08:23:18,727 DEBUG   ags.gui: laddar inställningar
2026-10-04 08:23:18,727 DEBUG   ags.ags.settings: inställningar lästa från C:\Users\monon\.audiobook-goodreads\settings.json
2026-10-04 08:23:18,756 DEBUG   ags.gui: historikfliken uppdateras
2026-10-04 08:23:19,221 DEBUG   ags.gui: logg: tail
2026-10-04 08:23:19,623 INFO    ags.gui: knapp: Kontrollera tillägg (manual=False)
2026-10-04 08:23:19,638 WARNING ags.ags.deps: beroenden saknas: tesseract (OCR-skärmbildsläget (fliken 'Skärmbild / text'))
2026-10-04 08:23:21,744 DEBUG   ags.gui: logg: tail
2026-10-04 08:23:24,257 DEBUG   ags.gui: logg: tail
2026-10-04 08:23:26,771 DEBUG   ags.gui: logg: tail
2026-10-04 08:23:27,383 INFO    ags.gui: hjälp: öppna PayPal donation
2026-10-04 08:23:29,290 DEBUG   ags.gui: logg: tail
2026-10-04 08:23:31,810 DEBUG   ags.gui: logg: tail
2026-10-04 08:23:34,330 DEBUG   ags.gui: logg: tail
2026-10-04 08:23:37,348 DEBUG   ags.gui: logg: tail
2026-10-04 08:23:39,876 DEBUG   ags.gui: logg: tail
2026-10-04 08:23:43,780 DEBUG   ags.gui: logg: tail
2026-10-04 08:23:46,303 DEBUG   ags.gui: logg: tail
2026-10-04 08:23:48,824 DEBUG   ags.gui: logg: tail
2026-10-04 08:23:51,346 DEBUG   ags.gui: logg: tail
2026-10-04 08:23:53,865 DEBUG   ags.gui: logg: tail
2026-10-04 08:23:56,382 DEBUG   ags.gui: logg: tail
2026-10-04 08:23:58,901 DEBUG   ags.gui: logg: tail
2026-10-04 08:24:01,432 DEBUG   ags.gui: logg: tail
2026-10-04 08:24:03,962 DEBUG   ags.gui: logg: tail
2026-10-04 08:24:06,511 DEBUG   ags.gui: logg: tail
2026-10-04 08:24:09,046 DEBUG   ags.gui: logg: tail
2026-10-04 08:24:11,563 DEBUG   ags.gui: logg: tail
2026-10-04 08:24:14,079 DEBUG   ags.gui: logg: tail
2026-10-04 08:24:16,620 DEBUG   ags.gui: logg: tail
2026-10-04 08:24:19,140 DEBUG   ags.gui: logg: tail
2026-10-04 08:24:23,130 DEBUG   ags.gui: logg: tail
2026-10-04 08:24:25,652 DEBUG   ags.gui: logg: tail
2026-10-04 08:24:28,176 DEBUG   ags.gui: logg: tail
2026-10-04 08:24:30,698 DEBUG   ags.gui: logg: tail
2026-10-04 08:24:33,212 DEBUG   ags.gui: logg: tail
2026-10-04 08:24:35,729 DEBUG   ags.gui: logg: tail
2026-10-04 08:24:38,268 DEBUG   ags.gui: logg: tail
2026-10-04 08:24:40,786 DEBUG   ags.gui: logg: tail
2026-10-04 08:24:43,311 DEBUG   ags.gui: logg: tail
2026-10-04 08:24:45,831 DEBUG   ags.gui: logg: tail
2026-10-04 08:24:48,354 DEBUG   ags.gui: logg: tail
2026-10-04 08:24:50,876 DEBUG   ags.gui: logg: tail
2026-10-04 08:24:54,327 DEBUG   ags.gui: logg: tail
2026-10-04 08:24:56,843 DEBUG   ags.gui: logg: tail
2026-10-04 08:25:00,649 DEBUG   ags.gui: logg: tail
2026-10-04 08:25:03,164 DEBUG   ags.gui: logg: tail
2026-10-04 08:25:05,675 DEBUG   ags.gui: logg: tail
2026-10-04 08:25:08,197 DEBUG   ags.gui: logg: tail
2026-10-04 08:25:11,004 DEBUG   ags.gui: logg: tail
2026-10-04 08:25:13,544 DEBUG   ags.gui: logg: tail
2026-10-04 08:25:16,058 DEBUG   ags.gui: logg: tail
2026-10-04 08:25:18,589 DEBUG   ags.gui: logg: tail
2026-10-04 08:25:21,108 DEBUG   ags.gui: logg: tail
2026-10-04 08:25:23,627 DEBUG   ags.gui: logg: tail
2026-10-04 08:25:26,151 DEBUG   ags.gui: logg: tail
2026-10-04 08:25:28,670 DEBUG   ags.gui: logg: tail
2026-10-04 08:25:31,188 DEBUG   ags.gui: logg: tail
2026-10-04 08:25:33,710 DEBUG   ags.gui: logg: tail
2026-10-04 08:25:36,236 DEBUG   ags.gui: logg: tail
2026-10-04 08:25:38,771 DEBUG   ags.gui: logg: tail
2026-10-04 08:25:41,292 DEBUG   ags.gui: logg: tail
2026-10-04 08:25:43,817 DEBUG   ags.gui: logg: tail
2026-10-04 08:25:46,880 DEBUG   ags.gui: logg: tail
2026-10-04 08:25:49,399 DEBUG   ags.gui: logg: tail
2026-10-04 08:25:51,923 DEBUG   ags.gui: logg: tail
2026-10-04 08:25:54,440 DEBUG   ags.gui: logg: tail
2026-10-04 08:25:56,975 DEBUG   ags.gui: logg: tail
2026-10-04 08:25:59,498 DEBUG   ags.gui: logg: tail
2026-10-04 08:26:02,025 DEBUG   ags.gui: logg: tail
2026-10-04 08:26:04,547 DEBUG   ags.gui: logg: tail
2026-10-04 08:26:07,064 DEBUG   ags.gui: logg: tail
2026-10-04 08:26:09,580 DEBUG   ags.gui: logg: tail
2026-10-04 08:26:12,100 DEBUG   ags.gui: logg: tail
2026-10-04 08:26:14,620 DEBUG   ags.gui: logg: tail
2026-10-04 08:26:17,133 DEBUG   ags.gui: logg: tail
2026-10-04 08:26:19,654 DEBUG   ags.gui: logg: tail
2026-10-04 08:26:22,174 DEBUG   ags.gui: logg: tail
2026-10-04 08:26:24,696 DEBUG   ags.gui: logg: tail
2026-10-04 08:26:27,214 DEBUG   ags.gui: logg: tail
2026-10-04 08:26:29,743 DEBUG   ags.gui: logg: tail
2026-10-04 08:26:32,268 DEBUG   ags.gui: logg: tail
2026-10-04 08:26:34,793 DEBUG   ags.gui: logg: tail
2026-10-04 08:26:37,311 DEBUG   ags.gui: logg: tail
2026-10-04 08:26:39,839 DEBUG   ags.gui: logg: tail
2026-10-04 08:26:42,360 DEBUG   ags.gui: logg: tail
2026-10-04 08:26:44,876 DEBUG   ags.gui: logg: tail
2026-10-04 08:26:47,394 DEBUG   ags.gui: logg: tail
2026-10-04 08:26:49,910 DEBUG   ags.gui: logg: tail
2026-10-04 08:26:52,432 DEBUG   ags.gui: logg: tail
2026-10-04 08:26:54,949 DEBUG   ags.gui: logg: tail
2026-10-04 08:26:57,469 DEBUG   ags.gui: logg: tail
2026-10-04 08:26:59,996 DEBUG   ags.gui: logg: tail
2026-10-04 08:27:02,513 DEBUG   ags.gui: logg: tail
2026-10-04 08:27:05,034 DEBUG   ags.gui: logg: tail
2026-10-04 08:27:07,556 DEBUG   ags.gui: logg: tail
2026-10-04 08:27:10,070 DEBUG   ags.gui: logg: tail
2026-10-04 08:27:12,594 DEBUG   ags.gui: logg: tail
2026-10-04 08:27:15,119 DEBUG   ags.gui: logg: tail
2026-10-04 08:27:17,632 DEBUG   ags.gui: logg: tail
2026-10-04 08:27:20,150 DEBUG   ags.gui: logg: tail
2026-10-04 08:27:22,672 DEBUG   ags.gui: logg: tail
2026-10-04 08:27:25,196 DEBUG   ags.gui: logg: tail
2026-10-04 08:27:27,718 DEBUG   ags.gui: logg: tail
2026-10-04 08:27:30,237 DEBUG   ags.gui: logg: tail
2026-10-04 08:27:32,758 DEBUG   ags.gui: logg: tail
2026-10-04 08:27:35,282 DEBUG   ags.gui: logg: tail
2026-10-04 08:27:37,803 DEBUG   ags.gui: logg: tail
2026-10-04 08:27:40,367 DEBUG   ags.gui: logg: tail
2026-10-04 08:27:42,890 DEBUG   ags.gui: logg: tail
2026-10-04 08:27:45,413 DEBUG   ags.gui: logg: tail
2026-10-04 08:27:47,940 DEBUG   ags.gui: logg: tail
2026-10-04 08:27:50,460 DEBUG   ags.gui: logg: tail
2026-10-04 08:27:52,983 DEBUG   ags.gui: logg: tail
2026-10-04 08:27:55,504 DEBUG   ags.gui: logg: tail
2026-10-04 08:27:58,034 DEBUG   ags.gui: logg: tail
2026-10-04 08:28:00,564 DEBUG   ags.gui: logg: tail
2026-10-04 08:28:03,107 DEBUG   ags.gui: logg: tail
2026-10-04 08:28:05,630 DEBUG   ags.gui: logg: tail
2026-10-04 08:28:08,144 DEBUG   ags.gui: logg: tail
2026-10-04 08:28:10,666 DEBUG   ags.gui: logg: tail
2026-10-04 08:28:13,183 DEBUG   ags.gui: logg: tail
2026-10-04 08:28:15,695 DEBUG   ags.gui: logg: tail
2026-10-04 08:28:18,214 DEBUG   ags.gui: logg: tail
2026-10-04 08:28:20,737 DEBUG   ags.gui: logg: tail
2026-10-04 08:28:23,267 DEBUG   ags.gui: logg: tail
2026-10-04 08:28:25,790 DEBUG   ags.gui: logg: tail
2026-10-04 08:28:28,307 DEBUG   ags.gui: logg: tail
2026-10-04 08:28:30,823 DEBUG   ags.gui: logg: tail
2026-10-04 08:28:33,354 DEBUG   ags.gui: logg: tail
2026-10-04 08:28:35,879 DEBUG   ags.gui: logg: tail
2026-10-04 08:28:38,400 DEBUG   ags.gui: logg: tail
2026-10-04 08:28:40,927 DEBUG   ags.gui: logg: tail
2026-10-04 08:28:43,451 DEBUG   ags.gui: logg: tail
2026-10-04 08:28:45,962 DEBUG   ags.gui: logg: tail
2026-10-04 08:28:48,483 DEBUG   ags.gui: logg: tail
2026-10-04 08:28:51,006 DEBUG   ags.gui: logg: tail
2026-10-04 08:28:53,526 DEBUG   ags.gui: logg: tail
2026-10-04 08:28:56,039 DEBUG   ags.gui: logg: tail
2026-10-04 08:28:58,551 DEBUG   ags.gui: logg: tail
2026-10-04 08:29:01,072 DEBUG   ags.gui: logg: tail
2026-10-04 08:29:03,605 DEBUG   ags.gui: logg: tail
2026-10-04 08:29:06,129 DEBUG   ags.gui: logg: tail
2026-10-04 08:29:08,662 DEBUG   ags.gui: logg: tail
2026-10-04 08:29:11,183 DEBUG   ags.gui: logg: tail
2026-10-04 08:29:13,704 DEBUG   ags.gui: logg: tail
2026-10-04 08:29:16,229 DEBUG   ags.gui: logg: tail
2026-10-04 08:29:18,755 DEBUG   ags.gui: logg: tail
2026-10-04 08:29:21,269 DEBUG   ags.gui: logg: tail
2026-10-04 08:29:23,798 DEBUG   ags.gui: logg: tail
2026-10-04 08:29:26,316 DEBUG   ags.gui: logg: tail
2026-10-04 08:29:28,829 DEBUG   ags.gui: logg: tail
2026-10-04 08:29:31,355 DEBUG   ags.gui: logg: tail
2026-10-04 08:29:33,869 DEBUG   ags.gui: logg: tail
2026-10-04 08:29:36,393 DEBUG   ags.gui: logg: tail
2026-10-04 08:29:38,917 DEBUG   ags.gui: logg: tail
2026-10-04 08:29:41,443 DEBUG   ags.gui: logg: tail
2026-10-04 08:29:43,973 DEBUG   ags.gui: logg: tail
2026-10-04 08:29:46,495 DEBUG   ags.gui: logg: tail
2026-10-04 08:29:49,016 DEBUG   ags.gui: logg: tail
2026-10-04 08:29:51,542 DEBUG   ags.gui: logg: tail
2026-10-04 08:29:54,066 DEBUG   ags.gui: logg: tail
2026-10-04 08:29:56,578 DEBUG   ags.gui: logg: tail
2026-10-04 08:29:59,097 DEBUG   ags.gui: logg: tail
2026-10-04 08:30:01,622 DEBUG   ags.gui: logg: tail
2026-10-04 08:30:04,151 DEBUG   ags.gui: logg: tail
2026-10-04 08:30:06,675 DEBUG   ags.gui: logg: tail
2026-10-04 08:30:09,193 DEBUG   ags.gui: logg: tail
2026-10-04 08:30:11,725 DEBUG   ags.gui: logg: tail
2026-10-04 08:30:14,239 DEBUG   ags.gui: logg: tail
2026-10-04 08:30:16,760 DEBUG   ags.gui: logg: tail
2026-10-04 08:30:19,285 DEBUG   ags.gui: logg: tail
2026-10-04 08:30:21,811 DEBUG   ags.gui: logg: tail
2026-10-04 08:30:24,336 DEBUG   ags.gui: logg: tail
2026-10-04 08:30:26,858 DEBUG   ags.gui: logg: tail
2026-10-04 08:30:29,383 DEBUG   ags.gui: logg: tail
2026-10-04 08:30:31,906 DEBUG   ags.gui: logg: tail
2026-10-04 08:30:34,418 DEBUG   ags.gui: logg: tail
2026-10-04 08:30:36,948 DEBUG   ags.gui: logg: tail
2026-10-04 08:30:39,480 DEBUG   ags.gui: logg: tail
2026-10-04 08:30:42,011 DEBUG   ags.gui: logg: tail
2026-10-04 08:30:44,529 DEBUG   ags.gui: logg: tail
2026-10-04 08:30:47,053 DEBUG   ags.gui: logg: tail
2026-10-04 08:30:49,580 DEBUG   ags.gui: logg: tail
2026-10-04 08:30:52,108 DEBUG   ags.gui: logg: tail
2026-10-04 08:30:54,641 DEBUG   ags.gui: logg: tail
2026-10-04 08:30:57,166 DEBUG   ags.gui: logg: tail
2026-10-04 08:30:59,685 DEBUG   ags.gui: logg: tail
2026-10-04 08:31:02,200 DEBUG   ags.gui: logg: tail
2026-10-04 08:31:04,712 DEBUG   ags.gui: logg: tail
2026-10-04 08:31:07,241 DEBUG   ags.gui: logg: tail
2026-10-04 08:31:09,766 DEBUG   ags.gui: logg: tail
2026-10-04 08:31:12,282 DEBUG   ags.gui: logg: tail
2026-10-04 08:31:14,809 DEBUG   ags.gui: logg: tail
2026-10-04 08:31:17,323 DEBUG   ags.gui: logg: tail
2026-10-04 08:31:19,847 DEBUG   ags.gui: logg: tail
2026-10-04 08:31:22,371 DEBUG   ags.gui: logg: tail
2026-10-04 08:31:24,895 DEBUG   ags.gui: logg: tail
2026-10-04 08:31:27,419 DEBUG   ags.gui: logg: tail
2026-10-04 08:31:29,938 DEBUG   ags.gui: logg: tail
2026-10-04 08:31:32,463 DEBUG   ags.gui: logg: tail
2026-10-04 08:31:34,992 DEBUG   ags.gui: logg: tail
2026-10-04 08:31:37,511 DEBUG   ags.gui: logg: tail
2026-10-04 08:31:40,042 DEBUG   ags.gui: logg: tail
2026-10-04 08:31:42,580 DEBUG   ags.gui: logg: tail
2026-10-04 08:31:45,114 DEBUG   ags.gui: logg: tail
2026-10-04 08:31:47,645 DEBUG   ags.gui: logg: tail
2026-10-04 08:31:50,176 DEBUG   ags.gui: logg: tail
2026-10-04 08:31:52,699 DEBUG   ags.gui: logg: tail
2026-10-04 08:31:55,107 INFO    ags.ags.settings: inställningar sparade till C:\Users\monon\.audiobook-goodreads\settings.json
2026-10-04 08:31:55,107 INFO    ags.gui: inställningar sparade (silent=True): import='D:/lazylibrarian' output='D:/Ljudböcker' flytta=False serie=True skip_done=True
2026-10-04 08:31:55,123 INFO    ags.gui: språk ändrat till en
2026-10-04 08:31:55,231 DEBUG   ags.gui: logg: tail
2026-10-04 08:31:57,744 DEBUG   ags.gui: logg: tail
2026-10-04 08:32:00,280 DEBUG   ags.gui: logg: tail
2026-10-04 08:32:02,803 DEBUG   ags.gui: logg: tail
2026-10-04 08:32:03,762 INFO    ags.ags.settings: inställningar sparade till C:\Users\monon\.audiobook-goodreads\settings.json
2026-10-04 08:32:03,762 INFO    ags.gui: inställningar sparade (silent=True): import='D:/lazylibrarian' output='D:/Ljudböcker' flytta=False serie=True skip_done=True
2026-10-04 08:32:03,778 INFO    ags.gui: språk ändrat till sv
2026-10-04 08:32:05,325 DEBUG   ags.gui: logg: tail
2026-10-04 08:32:07,850 DEBUG   ags.gui: logg: tail
2026-10-04 08:32:10,372 DEBUG   ags.gui: logg: tail
2026-10-04 08:32:12,897 DEBUG   ags.gui: logg: tail
2026-10-04 08:32:13,280 INFO    ags.gui: fönster stängs — sparar inställningar och rensar cache
2026-10-04 08:32:13,282 INFO    ags.ags.settings: inställningar sparade till C:\Users\monon\.audiobook-goodreads\settings.json
2026-10-04 08:32:13,282 INFO    ags.gui: inställningar sparade (silent=True): import='D:/lazylibrarian' output='D:/Ljudböcker' flytta=False serie=True skip_done=True
2026-10-04 08:32:13,297 INFO    ags.ags.cleanup: cacherensning i C:\Users\monon\Downloads\workspace-01a0e205-0da8-7a1b-a518-40776e5da1f5\audiobook-goodreads-sync: 1 objekt bort (ags\__pycache__)
